product_id;tariff;code;child_code_1;child_count_1;child_code_2;child_count_2;child_code_3;child_count_3;child_code_4;child_count_4;period;region_id;profrole_group_id;price_all;currency
907283;;DI;CIV;1280;API_LIMITED;12800;;;;;30;3000233;0;15693600;RUR
907287;;DI;CIV;3200;API_LIMITED;32000;;;;;92;3000233;0;38624600;RUR
907291;;DI;CIV;5350;API_LIMITED;53500;;;;;183;3000233;0;63344500;RUR
907295;;DI;CIV;9000;API_LIMITED;90000;;;;;365;3000233;0;103864400;RUR
907304;;DI;CIV;700;API_LIMITED;7000;;;;;30;1000001;0;8512000;RUR
907305;;DI;CIV;700;API_LIMITED;7000;;;;;30;1000233;0;7802200;RUR
907308;;DI;CIV;700;API_LIMITED;7000;;;;;30;2000232;0;7256500;RUR
907310;;DI;CIV;1750;API_LIMITED;17500;;;;;92;1000001;0;20938900;RUR
907311;;DI;CIV;1750;API_LIMITED;17500;;;;;92;1000233;0;19199300;RUR
907314;;DI;CIV;1750;API_LIMITED;17500;;;;;92;2000232;0;17817100;RUR
907316;;DI;CIV;2900;API_LIMITED;29000;;;;;183;1000001;0;34329100;RUR
907317;;DI;CIV;2900;API_LIMITED;29000;;;;;183;1000233;0;31474600;RUR
907320;;DI;CIV;2900;API_LIMITED;29000;;;;;183;2000232;0;29235000;RUR
907322;;DI;CIV;5000;API_LIMITED;50000;;;;;365;1000001;0;56312000;RUR
907323;;DI;CIV;5000;API_LIMITED;50000;;;;;365;1000233;0;51633600;RUR
907326;;DI;CIV;5000;API_LIMITED;50000;;;;;365;2000232;0;47951400;RUR
907328;;DI;CIV;220;API_LIMITED;2200;;;;;30;1169;0;537200;RUR
907329;;DI;CIV;220;API_LIMITED;2200;;;;;30;1216;0;639400;RUR
907330;;DI;CIV;220;API_LIMITED;2200;;;;;30;1434;0;651200;RUR
907331;;DI;CIV;220;API_LIMITED;2200;;;;;30;1463;0;566300;RUR
907332;;DI;CIV;220;API_LIMITED;2200;;;;;30;1941;0;485800;RUR
907333;;DI;CIV;220;API_LIMITED;2200;;;;;30;1943;0;584000;RUR
907334;;DI;CIV;220;API_LIMITED;2200;;;;;30;1946;0;534400;RUR
907335;;DI;CIV;220;API_LIMITED;2200;;;;;30;1982;0;485800;RUR
907336;;DI;CIV;220;API_LIMITED;2200;;;;;30;2000236;0;4367200;RUR
907338;;DI;CIV;540;API_LIMITED;5400;;;;;92;1169;0;1364900;RUR
907339;;DI;CIV;540;API_LIMITED;5400;;;;;92;1216;0;1624300;RUR
907340;;DI;CIV;540;API_LIMITED;5400;;;;;92;1434;0;1486100;RUR
907341;;DI;CIV;540;API_LIMITED;5400;;;;;92;1463;0;1292300;RUR
907342;;DI;CIV;540;API_LIMITED;5400;;;;;92;1941;0;1230200;RUR
907343;;DI;CIV;540;API_LIMITED;5400;;;;;92;1943;0;1479100;RUR
907344;;DI;CIV;540;API_LIMITED;5400;;;;;92;1946;0;1353200;RUR
907345;;DI;CIV;540;API_LIMITED;5400;;;;;92;1982;0;1230200;RUR
907346;;DI;CIV;540;API_LIMITED;5400;;;;;92;2000236;0;11120300;RUR
907348;;DI;CIV;900;API_LIMITED;9000;;;;;183;1169;0;2265100;RUR
907349;;DI;CIV;900;API_LIMITED;9000;;;;;183;1216;0;2695700;RUR
907350;;DI;CIV;900;API_LIMITED;9000;;;;;183;1434;0;2321000;RUR
907351;;DI;CIV;900;API_LIMITED;9000;;;;;183;1463;0;2018300;RUR
907352;;DI;CIV;900;API_LIMITED;9000;;;;;183;1941;0;2050000;RUR
907353;;DI;CIV;900;API_LIMITED;9000;;;;;183;1943;0;2464700;RUR
907354;;DI;CIV;900;API_LIMITED;9000;;;;;183;1946;0;2254900;RUR
907355;;DI;CIV;900;API_LIMITED;9000;;;;;183;1982;0;2050000;RUR
907356;;DI;CIV;900;API_LIMITED;9000;;;;;183;2000236;0;17007400;RUR
907358;;DI;CIV;1500;API_LIMITED;15000;;;;;365;1169;0;3528400;RUR
907359;;DI;CIV;1500;API_LIMITED;15000;;;;;365;1216;0;4199000;RUR
907360;;DI;CIV;1500;API_LIMITED;15000;;;;;365;1434;0;4291400;RUR
907361;;DI;CIV;1500;API_LIMITED;15000;;;;;365;1463;0;3731600;RUR
907362;;DI;CIV;1500;API_LIMITED;15000;;;;;365;1941;0;3187800;RUR
907363;;DI;CIV;1500;API_LIMITED;15000;;;;;365;1943;0;3865900;RUR
907364;;DI;CIV;1500;API_LIMITED;15000;;;;;365;1946;0;3506600;RUR
907365;;DI;CIV;1500;API_LIMITED;15000;;;;;365;1982;0;3187800;RUR
907366;;DI;CIV;1500;API_LIMITED;15000;;;;;365;2000236;0;28781700;RUR
907379;;DI;CIV;990;API_LIMITED;9900;;;;;30;2000231;0;12528300;RUR
907380;;DI;CIV;2470;API_LIMITED;24700;;;;;92;2000231;0;30826400;RUR
907381;;DI;CIV;4100;API_LIMITED;41000;;;;;183;2000231;0;50546300;RUR
907382;;DI;CIV;7000;API_LIMITED;70000;;;;;365;2000231;0;82902900;RUR
907392;;DI;CIV;330;API_LIMITED;3300;;;;;30;1563;0;2304400;RUR
907393;;DI;CIV;820;API_LIMITED;8200;;;;;92;1563;0;5865600;RUR
907394;;DI;CIV;1370;API_LIMITED;13700;;;;;183;1563;0;9699000;RUR
907395;;DI;CIV;2300;API_LIMITED;23000;;;;;365;1563;0;15145700;RUR
907396;;DI;CIV;280;API_LIMITED;2800;;;;;30;1553;0;1089000;RUR
907397;;DI;CIV;680;API_LIMITED;6800;;;;;92;1553;0;2831400;RUR
907398;;DI;CIV;1130;API_LIMITED;11300;;;;;183;1553;0;4138200;RUR
907399;;DI;CIV;1900;API_LIMITED;19000;;;;;365;1553;0;7231000;RUR
907469;;DI;CIV;700;API_LIMITED;7000;;;;;30;2000231;19;6591800;RUR
907470;;DI;CIV;700;API_LIMITED;7000;;;;;30;3000233;19;8257600;RUR
907472;;DI;CIV;1750;API_LIMITED;17500;;;;;92;2000231;19;16218600;RUR
907473;;DI;CIV;1750;API_LIMITED;17500;;;;;92;3000233;19;20321100;RUR
907475;;DI;CIV;2900;API_LIMITED;29000;;;;;183;2000231;19;26592900;RUR
907476;;DI;CIV;2900;API_LIMITED;29000;;;;;183;3000233;19;33324800;RUR
907478;;DI;CIV;5000;API_LIMITED;50000;;;;;365;2000231;19;43615300;RUR
907479;;DI;CIV;5000;API_LIMITED;50000;;;;;365;3000233;19;54642300;RUR
907484;;DI;CIV;700;API_LIMITED;7000;;;;;30;2000231;5;6591800;RUR
907485;;DI;CIV;700;API_LIMITED;7000;;;;;30;3000233;5;8257600;RUR
907487;;DI;CIV;1750;API_LIMITED;17500;;;;;92;2000231;5;16218600;RUR
907488;;DI;CIV;1750;API_LIMITED;17500;;;;;92;3000233;5;20321100;RUR
907490;;DI;CIV;2900;API_LIMITED;29000;;;;;183;2000231;5;26592900;RUR
907491;;DI;CIV;2900;API_LIMITED;29000;;;;;183;3000233;5;33324800;RUR
907493;;DI;CIV;5000;API_LIMITED;50000;;;;;365;2000231;5;43615300;RUR
907494;;DI;CIV;5000;API_LIMITED;50000;;;;;365;3000233;5;54642300;RUR
907499;;DI;CIV;700;API_LIMITED;7000;;;;;30;2000231;2;6891500;RUR
907500;;DI;CIV;700;API_LIMITED;7000;;;;;30;3000233;2;8632900;RUR
907502;;DI;CIV;1750;API_LIMITED;17500;;;;;92;2000231;2;16955900;RUR
907503;;DI;CIV;1750;API_LIMITED;17500;;;;;92;3000233;2;21244900;RUR
907505;;DI;CIV;2900;API_LIMITED;29000;;;;;183;2000231;2;27801500;RUR
907506;;DI;CIV;2900;API_LIMITED;29000;;;;;183;3000233;2;34839400;RUR
907508;;DI;CIV;5000;API_LIMITED;50000;;;;;365;2000231;2;45597800;RUR
907509;;DI;CIV;5000;API_LIMITED;50000;;;;;365;3000233;2;57126100;RUR
907514;;DI;CIV;700;API_LIMITED;7000;;;;;30;2000231;15;6591800;RUR
907515;;DI;CIV;700;API_LIMITED;7000;;;;;30;3000233;15;8257600;RUR
907517;;DI;CIV;1750;API_LIMITED;17500;;;;;92;2000231;15;16218600;RUR
907518;;DI;CIV;1750;API_LIMITED;17500;;;;;92;3000233;15;20321100;RUR
907520;;DI;CIV;2900;API_LIMITED;29000;;;;;183;2000231;15;26592900;RUR
907521;;DI;CIV;2900;API_LIMITED;29000;;;;;183;3000233;15;33324800;RUR
907523;;DI;CIV;5000;API_LIMITED;50000;;;;;365;2000231;15;43615300;RUR
907524;;DI;CIV;5000;API_LIMITED;50000;;;;;365;3000233;15;54642300;RUR
907529;;DI;CIV;700;API_LIMITED;7000;;;;;30;2000231;3;6891500;RUR
907530;;DI;CIV;700;API_LIMITED;7000;;;;;30;3000233;3;8632900;RUR
907532;;DI;CIV;1750;API_LIMITED;17500;;;;;92;2000231;3;16955900;RUR
907533;;DI;CIV;1750;API_LIMITED;17500;;;;;92;3000233;3;21244900;RUR
907535;;DI;CIV;2900;API_LIMITED;29000;;;;;183;2000231;3;27801500;RUR
907536;;DI;CIV;2900;API_LIMITED;29000;;;;;183;3000233;3;34839400;RUR
907538;;DI;CIV;5000;API_LIMITED;50000;;;;;365;2000231;3;45597800;RUR
907539;;DI;CIV;5000;API_LIMITED;50000;;;;;365;3000233;3;57126100;RUR
907544;;DI;CIV;700;API_LIMITED;7000;;;;;30;2000231;26;6891500;RUR
907545;;DI;CIV;700;API_LIMITED;7000;;;;;30;3000233;26;8632900;RUR
907547;;DI;CIV;1750;API_LIMITED;17500;;;;;92;2000231;26;16955900;RUR
907548;;DI;CIV;1750;API_LIMITED;17500;;;;;92;3000233;26;21244900;RUR
907550;;DI;CIV;2900;API_LIMITED;29000;;;;;183;2000231;26;27801500;RUR
907551;;DI;CIV;2900;API_LIMITED;29000;;;;;183;3000233;26;34839400;RUR
907553;;DI;CIV;5000;API_LIMITED;50000;;;;;365;2000231;26;45597800;RUR
907554;;DI;CIV;5000;API_LIMITED;50000;;;;;365;3000233;26;57126100;RUR
907559;;DI;CIV;700;API_LIMITED;7000;;;;;30;2000231;9;6591800;RUR
907560;;DI;CIV;700;API_LIMITED;7000;;;;;30;3000233;9;8257600;RUR
907562;;DI;CIV;1750;API_LIMITED;17500;;;;;92;2000231;9;16218600;RUR
907563;;DI;CIV;1750;API_LIMITED;17500;;;;;92;3000233;9;20321100;RUR
907565;;DI;CIV;2900;API_LIMITED;29000;;;;;183;2000231;9;26592900;RUR
907566;;DI;CIV;2900;API_LIMITED;29000;;;;;183;3000233;9;33324800;RUR
907568;;DI;CIV;5000;API_LIMITED;50000;;;;;365;2000231;9;43615300;RUR
907569;;DI;CIV;5000;API_LIMITED;50000;;;;;365;3000233;9;54642300;RUR
907574;;DI;CIV;700;API_LIMITED;7000;;;;;30;2000231;8;6591800;RUR
907575;;DI;CIV;700;API_LIMITED;7000;;;;;30;3000233;8;8257600;RUR
907577;;DI;CIV;1750;API_LIMITED;17500;;;;;92;2000231;8;16218600;RUR
907578;;DI;CIV;1750;API_LIMITED;17500;;;;;92;3000233;8;20321100;RUR
907580;;DI;CIV;2900;API_LIMITED;29000;;;;;183;2000231;8;26592900;RUR
907581;;DI;CIV;2900;API_LIMITED;29000;;;;;183;3000233;8;33324800;RUR
907583;;DI;CIV;5000;API_LIMITED;50000;;;;;365;2000231;8;43615300;RUR
907584;;DI;CIV;5000;API_LIMITED;50000;;;;;365;3000233;8;54642300;RUR
907589;;DI;CIV;700;API_LIMITED;7000;;;;;30;2000231;16;6591800;RUR
907590;;DI;CIV;700;API_LIMITED;7000;;;;;30;3000233;16;8257600;RUR
907592;;DI;CIV;1750;API_LIMITED;17500;;;;;92;2000231;16;16218600;RUR
907593;;DI;CIV;1750;API_LIMITED;17500;;;;;92;3000233;16;20321100;RUR
907595;;DI;CIV;2900;API_LIMITED;29000;;;;;183;2000231;16;26592900;RUR
907596;;DI;CIV;2900;API_LIMITED;29000;;;;;183;3000233;16;33324800;RUR
907598;;DI;CIV;5000;API_LIMITED;50000;;;;;365;2000231;16;43615300;RUR
907599;;DI;CIV;5000;API_LIMITED;50000;;;;;365;3000233;16;54642300;RUR
907604;;DI;CIV;700;API_LIMITED;7000;;;;;30;2000231;14;6591800;RUR
907605;;DI;CIV;700;API_LIMITED;7000;;;;;30;3000233;14;8257600;RUR
907607;;DI;CIV;1750;API_LIMITED;17500;;;;;92;2000231;14;16218600;RUR
907608;;DI;CIV;1750;API_LIMITED;17500;;;;;92;3000233;14;20321100;RUR
907610;;DI;CIV;2900;API_LIMITED;29000;;;;;183;2000231;14;26592900;RUR
907611;;DI;CIV;2900;API_LIMITED;29000;;;;;183;3000233;14;33324800;RUR
907613;;DI;CIV;5000;API_LIMITED;50000;;;;;365;2000231;14;43615300;RUR
907614;;DI;CIV;5000;API_LIMITED;50000;;;;;365;3000233;14;54642300;RUR
907619;;DI;CIV;700;API_LIMITED;7000;;;;;30;2000231;11;7191100;RUR
907620;;DI;CIV;700;API_LIMITED;7000;;;;;30;3000233;11;9008300;RUR
907622;;DI;CIV;1750;API_LIMITED;17500;;;;;92;2000231;11;17693000;RUR
907623;;DI;CIV;1750;API_LIMITED;17500;;;;;92;3000233;11;22168400;RUR
907625;;DI;CIV;2900;API_LIMITED;29000;;;;;183;2000231;11;29010400;RUR
907626;;DI;CIV;2900;API_LIMITED;29000;;;;;183;3000233;11;36354300;RUR
907628;;DI;CIV;5000;API_LIMITED;50000;;;;;365;2000231;11;47580300;RUR
907629;;DI;CIV;5000;API_LIMITED;50000;;;;;365;3000233;11;59609600;RUR
907634;;DI;CIV;700;API_LIMITED;7000;;;;;30;2000231;24;6591800;RUR
907635;;DI;CIV;700;API_LIMITED;7000;;;;;30;3000233;24;8257600;RUR
907637;;DI;CIV;1750;API_LIMITED;17500;;;;;92;2000231;24;16218600;RUR
907638;;DI;CIV;1750;API_LIMITED;17500;;;;;92;3000233;24;20321100;RUR
907640;;DI;CIV;2900;API_LIMITED;29000;;;;;183;2000231;24;26592900;RUR
907641;;DI;CIV;2900;API_LIMITED;29000;;;;;183;3000233;24;33324800;RUR
907643;;DI;CIV;5000;API_LIMITED;50000;;;;;365;2000231;24;43615300;RUR
907644;;DI;CIV;5000;API_LIMITED;50000;;;;;365;3000233;24;54642300;RUR
907649;;DI;CIV;700;API_LIMITED;7000;;;;;30;2000231;4;6891500;RUR
907650;;DI;CIV;700;API_LIMITED;7000;;;;;30;3000233;4;8632900;RUR
907652;;DI;CIV;1750;API_LIMITED;17500;;;;;92;2000231;4;16955900;RUR
907653;;DI;CIV;1750;API_LIMITED;17500;;;;;92;3000233;4;21244900;RUR
907655;;DI;CIV;2900;API_LIMITED;29000;;;;;183;2000231;4;27801500;RUR
907656;;DI;CIV;2900;API_LIMITED;29000;;;;;183;3000233;4;34839400;RUR
907658;;DI;CIV;5000;API_LIMITED;50000;;;;;365;2000231;4;45597800;RUR
907659;;DI;CIV;5000;API_LIMITED;50000;;;;;365;3000233;4;57126100;RUR
907664;;DI;CIV;700;API_LIMITED;7000;;;;;30;2000231;6;7191100;RUR
907665;;DI;CIV;700;API_LIMITED;7000;;;;;30;3000233;6;9008300;RUR
907667;;DI;CIV;1750;API_LIMITED;17500;;;;;92;2000231;6;17693000;RUR
907668;;DI;CIV;1750;API_LIMITED;17500;;;;;92;3000233;6;22168400;RUR
907670;;DI;CIV;2900;API_LIMITED;29000;;;;;183;2000231;6;29010400;RUR
907671;;DI;CIV;2900;API_LIMITED;29000;;;;;183;3000233;6;36354300;RUR
907673;;DI;CIV;5000;API_LIMITED;50000;;;;;365;2000231;6;47580300;RUR
907674;;DI;CIV;5000;API_LIMITED;50000;;;;;365;3000233;6;59609600;RUR
907679;;DI;CIV;700;API_LIMITED;7000;;;;;30;2000231;23;6891500;RUR
907680;;DI;CIV;700;API_LIMITED;7000;;;;;30;3000233;23;8632900;RUR
907682;;DI;CIV;1750;API_LIMITED;17500;;;;;92;2000231;23;16955900;RUR
907683;;DI;CIV;1750;API_LIMITED;17500;;;;;92;3000233;23;21244900;RUR
907685;;DI;CIV;2900;API_LIMITED;29000;;;;;183;2000231;23;27801500;RUR
907686;;DI;CIV;2900;API_LIMITED;29000;;;;;183;3000233;23;34839400;RUR
907688;;DI;CIV;5000;API_LIMITED;50000;;;;;365;2000231;23;45597800;RUR
907689;;DI;CIV;5000;API_LIMITED;50000;;;;;365;3000233;23;57126100;RUR
907694;;DI;CIV;700;API_LIMITED;7000;;;;;30;2000231;25;6591800;RUR
907695;;DI;CIV;700;API_LIMITED;7000;;;;;30;3000233;25;8257600;RUR
907697;;DI;CIV;1750;API_LIMITED;17500;;;;;92;2000231;25;16218600;RUR
907698;;DI;CIV;1750;API_LIMITED;17500;;;;;92;3000233;25;20321100;RUR
907700;;DI;CIV;2900;API_LIMITED;29000;;;;;183;2000231;25;26592900;RUR
907701;;DI;CIV;2900;API_LIMITED;29000;;;;;183;3000233;25;33324800;RUR
907703;;DI;CIV;5000;API_LIMITED;50000;;;;;365;2000231;25;43615300;RUR
907704;;DI;CIV;5000;API_LIMITED;50000;;;;;365;3000233;25;54642300;RUR
907709;;DI;CIV;700;API_LIMITED;7000;;;;;30;2000231;1;7191100;RUR
907710;;DI;CIV;700;API_LIMITED;7000;;;;;30;3000233;1;9008300;RUR
907712;;DI;CIV;1750;API_LIMITED;17500;;;;;92;2000231;1;17693000;RUR
907713;;DI;CIV;1750;API_LIMITED;17500;;;;;92;3000233;1;22168400;RUR
907715;;DI;CIV;2900;API_LIMITED;29000;;;;;183;2000231;1;29010400;RUR
907716;;DI;CIV;2900;API_LIMITED;29000;;;;;183;3000233;1;36354300;RUR
907718;;DI;CIV;5000;API_LIMITED;50000;;;;;365;2000231;1;47580300;RUR
907719;;DI;CIV;5000;API_LIMITED;50000;;;;;365;3000233;1;59609600;RUR
907724;;DI;CIV;700;API_LIMITED;7000;;;;;30;2000231;7;6591800;RUR
907725;;DI;CIV;700;API_LIMITED;7000;;;;;30;3000233;7;8257600;RUR
907727;;DI;CIV;1750;API_LIMITED;17500;;;;;92;2000231;7;16218600;RUR
907728;;DI;CIV;1750;API_LIMITED;17500;;;;;92;3000233;7;20321100;RUR
907730;;DI;CIV;2900;API_LIMITED;29000;;;;;183;2000231;7;26592900;RUR
907731;;DI;CIV;2900;API_LIMITED;29000;;;;;183;3000233;7;33324800;RUR
907733;;DI;CIV;5000;API_LIMITED;50000;;;;;365;2000231;7;43615300;RUR
907734;;DI;CIV;5000;API_LIMITED;50000;;;;;365;3000233;7;54642300;RUR
907739;;DI;CIV;700;API_LIMITED;7000;;;;;30;2000231;17;6891500;RUR
907740;;DI;CIV;700;API_LIMITED;7000;;;;;30;3000233;17;8632900;RUR
907742;;DI;CIV;1750;API_LIMITED;17500;;;;;92;2000231;17;16955900;RUR
907743;;DI;CIV;1750;API_LIMITED;17500;;;;;92;3000233;17;21244900;RUR
907745;;DI;CIV;2900;API_LIMITED;29000;;;;;183;2000231;17;27801500;RUR
907746;;DI;CIV;2900;API_LIMITED;29000;;;;;183;3000233;17;34839400;RUR
907748;;DI;CIV;5000;API_LIMITED;50000;;;;;365;2000231;17;45597800;RUR
907749;;DI;CIV;5000;API_LIMITED;50000;;;;;365;3000233;17;57126100;RUR
907754;;DI;CIV;700;API_LIMITED;7000;;;;;30;2000231;21;6891500;RUR
907755;;DI;CIV;700;API_LIMITED;7000;;;;;30;3000233;21;8632900;RUR
907757;;DI;CIV;1750;API_LIMITED;17500;;;;;92;2000231;21;16955900;RUR
907758;;DI;CIV;1750;API_LIMITED;17500;;;;;92;3000233;21;21244900;RUR
907760;;DI;CIV;2900;API_LIMITED;29000;;;;;183;2000231;21;27801500;RUR
907761;;DI;CIV;2900;API_LIMITED;29000;;;;;183;3000233;21;34839400;RUR
907763;;DI;CIV;5000;API_LIMITED;50000;;;;;365;2000231;21;45597800;RUR
907764;;DI;CIV;5000;API_LIMITED;50000;;;;;365;3000233;21;57126100;RUR
907769;;DI;CIV;700;API_LIMITED;7000;;;;;30;2000231;22;6591800;RUR
907770;;DI;CIV;700;API_LIMITED;7000;;;;;30;3000233;22;8257600;RUR
907772;;DI;CIV;1750;API_LIMITED;17500;;;;;92;2000231;22;16218600;RUR
907773;;DI;CIV;1750;API_LIMITED;17500;;;;;92;3000233;22;20321100;RUR
907775;;DI;CIV;2900;API_LIMITED;29000;;;;;183;2000231;22;26592900;RUR
907776;;DI;CIV;2900;API_LIMITED;29000;;;;;183;3000233;22;33324800;RUR
907778;;DI;CIV;5000;API_LIMITED;50000;;;;;365;2000231;22;43615300;RUR
907779;;DI;CIV;5000;API_LIMITED;50000;;;;;365;3000233;22;54642300;RUR
907784;;DI;CIV;700;API_LIMITED;7000;;;;;30;2000231;18;6891500;RUR
907785;;DI;CIV;700;API_LIMITED;7000;;;;;30;3000233;18;8632900;RUR
907787;;DI;CIV;1750;API_LIMITED;17500;;;;;92;2000231;18;16955900;RUR
907788;;DI;CIV;1750;API_LIMITED;17500;;;;;92;3000233;18;21244900;RUR
907790;;DI;CIV;2900;API_LIMITED;29000;;;;;183;2000231;18;27801500;RUR
907791;;DI;CIV;2900;API_LIMITED;29000;;;;;183;3000233;18;34839400;RUR
907793;;DI;CIV;5000;API_LIMITED;50000;;;;;365;2000231;18;45597800;RUR
907794;;DI;CIV;5000;API_LIMITED;50000;;;;;365;3000233;18;57126100;RUR
907799;;DI;CIV;700;API_LIMITED;7000;;;;;30;2000231;10;6891500;RUR
907800;;DI;CIV;700;API_LIMITED;7000;;;;;30;3000233;10;8632900;RUR
907802;;DI;CIV;1750;API_LIMITED;17500;;;;;92;2000231;10;16955900;RUR
907803;;DI;CIV;1750;API_LIMITED;17500;;;;;92;3000233;10;21244900;RUR
907805;;DI;CIV;2900;API_LIMITED;29000;;;;;183;2000231;10;27801500;RUR
907806;;DI;CIV;2900;API_LIMITED;29000;;;;;183;3000233;10;34839400;RUR
907808;;DI;CIV;5000;API_LIMITED;50000;;;;;365;2000231;10;45597800;RUR
907809;;DI;CIV;5000;API_LIMITED;50000;;;;;365;3000233;10;57126100;RUR
907814;;DI;CIV;700;API_LIMITED;7000;;;;;30;2000231;20;6591800;RUR
907815;;DI;CIV;700;API_LIMITED;7000;;;;;30;3000233;20;8257600;RUR
907817;;DI;CIV;1750;API_LIMITED;17500;;;;;92;2000231;20;16218600;RUR
907818;;DI;CIV;1750;API_LIMITED;17500;;;;;92;3000233;20;20321100;RUR
907820;;DI;CIV;2900;API_LIMITED;29000;;;;;183;2000231;20;26592900;RUR
907821;;DI;CIV;2900;API_LIMITED;29000;;;;;183;3000233;20;33324800;RUR
907823;;DI;CIV;5000;API_LIMITED;50000;;;;;365;2000231;20;43615300;RUR
907824;;DI;CIV;5000;API_LIMITED;50000;;;;;365;3000233;20;54642300;RUR
907829;;DI;CIV;700;API_LIMITED;7000;;;;;30;2000231;12;6591800;RUR
907830;;DI;CIV;700;API_LIMITED;7000;;;;;30;3000233;12;8257600;RUR
907832;;DI;CIV;1750;API_LIMITED;17500;;;;;92;2000231;12;16218600;RUR
907833;;DI;CIV;1750;API_LIMITED;17500;;;;;92;3000233;12;20321100;RUR
907835;;DI;CIV;2900;API_LIMITED;29000;;;;;183;2000231;12;26592900;RUR
907836;;DI;CIV;2900;API_LIMITED;29000;;;;;183;3000233;12;33324800;RUR
907838;;DI;CIV;5000;API_LIMITED;50000;;;;;365;2000231;12;43615300;RUR
907839;;DI;CIV;5000;API_LIMITED;50000;;;;;365;3000233;12;54642300;RUR
907844;;DI;CIV;700;API_LIMITED;7000;;;;;30;2000231;13;6591800;RUR
907845;;DI;CIV;700;API_LIMITED;7000;;;;;30;3000233;13;8257600;RUR
907847;;DI;CIV;1750;API_LIMITED;17500;;;;;92;2000231;13;16218600;RUR
907848;;DI;CIV;1750;API_LIMITED;17500;;;;;92;3000233;13;20321100;RUR
907850;;DI;CIV;2900;API_LIMITED;29000;;;;;183;2000231;13;26592900;RUR
907851;;DI;CIV;2900;API_LIMITED;29000;;;;;183;3000233;13;33324800;RUR
907853;;DI;CIV;5000;API_LIMITED;50000;;;;;365;2000231;13;43615300;RUR
907854;;DI;CIV;5000;API_LIMITED;50000;;;;;365;3000233;13;54642300;RUR
907859;;DI;CIV;410;API_LIMITED;4100;;;;;30;1000001;19;4479500;RUR
907861;;DI;CIV;410;API_LIMITED;4100;;;;;30;2000232;19;3818800;RUR
907862;;DI;CIV;1030;API_LIMITED;10300;;;;;92;1000001;19;11017100;RUR
907864;;DI;CIV;1030;API_LIMITED;10300;;;;;92;2000232;19;9374100;RUR
907865;;DI;CIV;1700;API_LIMITED;17000;;;;;183;1000001;19;18061100;RUR
907867;;DI;CIV;1700;API_LIMITED;17000;;;;;183;2000232;19;15380400;RUR
907868;;DI;CIV;2900;API_LIMITED;29000;;;;;365;1000001;19;29626200;RUR
907870;;DI;CIV;2900;API_LIMITED;29000;;;;;365;2000232;19;25227100;RUR
907874;;DI;CIV;410;API_LIMITED;4100;;;;;30;1000001;5;4479500;RUR
907876;;DI;CIV;410;API_LIMITED;4100;;;;;30;2000232;5;3818800;RUR
907877;;DI;CIV;1030;API_LIMITED;10300;;;;;92;1000001;5;11017100;RUR
907879;;DI;CIV;1030;API_LIMITED;10300;;;;;92;2000232;5;9374100;RUR
907880;;DI;CIV;1700;API_LIMITED;17000;;;;;183;1000001;5;18061100;RUR
907882;;DI;CIV;1700;API_LIMITED;17000;;;;;183;2000232;5;15380400;RUR
907883;;DI;CIV;2900;API_LIMITED;29000;;;;;365;1000001;5;29626200;RUR
907885;;DI;CIV;2900;API_LIMITED;29000;;;;;365;2000232;5;25227100;RUR
907889;;DI;CIV;410;API_LIMITED;4100;;;;;30;1000001;2;4683000;RUR
907891;;DI;CIV;410;API_LIMITED;4100;;;;;30;2000232;2;3992400;RUR
907892;;DI;CIV;1030;API_LIMITED;10300;;;;;92;1000001;2;11518100;RUR
907894;;DI;CIV;1030;API_LIMITED;10300;;;;;92;2000232;2;9800100;RUR
907895;;DI;CIV;1700;API_LIMITED;17000;;;;;183;1000001;2;18882000;RUR
907897;;DI;CIV;1700;API_LIMITED;17000;;;;;183;2000232;2;16079500;RUR
907898;;DI;CIV;2900;API_LIMITED;29000;;;;;365;1000001;2;30973000;RUR
907900;;DI;CIV;2900;API_LIMITED;29000;;;;;365;2000232;2;26374000;RUR
907904;;DI;CIV;410;API_LIMITED;4100;;;;;30;1000001;15;4479500;RUR
907906;;DI;CIV;410;API_LIMITED;4100;;;;;30;2000232;15;3818800;RUR
907907;;DI;CIV;1030;API_LIMITED;10300;;;;;92;1000001;15;11017100;RUR
907909;;DI;CIV;1030;API_LIMITED;10300;;;;;92;2000232;15;9374100;RUR
907910;;DI;CIV;1700;API_LIMITED;17000;;;;;183;1000001;15;18061100;RUR
907912;;DI;CIV;1700;API_LIMITED;17000;;;;;183;2000232;15;15380400;RUR
907913;;DI;CIV;2900;API_LIMITED;29000;;;;;365;1000001;15;29626200;RUR
907915;;DI;CIV;2900;API_LIMITED;29000;;;;;365;2000232;15;25227100;RUR
907919;;DI;CIV;410;API_LIMITED;4100;;;;;30;1000001;3;4683000;RUR
907921;;DI;CIV;410;API_LIMITED;4100;;;;;30;2000232;3;3992400;RUR
907922;;DI;CIV;1030;API_LIMITED;10300;;;;;92;1000001;3;11518100;RUR
907924;;DI;CIV;1030;API_LIMITED;10300;;;;;92;2000232;3;9800100;RUR
907925;;DI;CIV;1700;API_LIMITED;17000;;;;;183;1000001;3;18882000;RUR
907927;;DI;CIV;1700;API_LIMITED;17000;;;;;183;2000232;3;16079500;RUR
907928;;DI;CIV;2900;API_LIMITED;29000;;;;;365;1000001;3;30973000;RUR
907930;;DI;CIV;2900;API_LIMITED;29000;;;;;365;2000232;3;26374000;RUR
907934;;DI;CIV;410;API_LIMITED;4100;;;;;30;1000001;26;4683000;RUR
907936;;DI;CIV;410;API_LIMITED;4100;;;;;30;2000232;26;3992400;RUR
907937;;DI;CIV;1030;API_LIMITED;10300;;;;;92;1000001;26;11518100;RUR
907939;;DI;CIV;1030;API_LIMITED;10300;;;;;92;2000232;26;9800100;RUR
907940;;DI;CIV;1700;API_LIMITED;17000;;;;;183;1000001;26;18882000;RUR
907942;;DI;CIV;1700;API_LIMITED;17000;;;;;183;2000232;26;16079500;RUR
907943;;DI;CIV;2900;API_LIMITED;29000;;;;;365;1000001;26;30973000;RUR
907945;;DI;CIV;2900;API_LIMITED;29000;;;;;365;2000232;26;26374000;RUR
907949;;DI;CIV;410;API_LIMITED;4100;;;;;30;1000001;9;4479500;RUR
907951;;DI;CIV;410;API_LIMITED;4100;;;;;30;2000232;9;3818800;RUR
907952;;DI;CIV;1030;API_LIMITED;10300;;;;;92;1000001;9;11017100;RUR
907954;;DI;CIV;1030;API_LIMITED;10300;;;;;92;2000232;9;9374100;RUR
907955;;DI;CIV;1700;API_LIMITED;17000;;;;;183;1000001;9;18061100;RUR
907957;;DI;CIV;1700;API_LIMITED;17000;;;;;183;2000232;9;15380400;RUR
907958;;DI;CIV;2900;API_LIMITED;29000;;;;;365;1000001;9;29626200;RUR
907960;;DI;CIV;2900;API_LIMITED;29000;;;;;365;2000232;9;25227100;RUR
907964;;DI;CIV;410;API_LIMITED;4100;;;;;30;1000001;8;4479500;RUR
907966;;DI;CIV;410;API_LIMITED;4100;;;;;30;2000232;8;3818800;RUR
907967;;DI;CIV;1030;API_LIMITED;10300;;;;;92;1000001;8;11017100;RUR
907969;;DI;CIV;1030;API_LIMITED;10300;;;;;92;2000232;8;9374100;RUR
907970;;DI;CIV;1700;API_LIMITED;17000;;;;;183;1000001;8;18061100;RUR
907972;;DI;CIV;1700;API_LIMITED;17000;;;;;183;2000232;8;15380400;RUR
907973;;DI;CIV;2900;API_LIMITED;29000;;;;;365;1000001;8;29626200;RUR
907975;;DI;CIV;2900;API_LIMITED;29000;;;;;365;2000232;8;25227100;RUR
907979;;DI;CIV;410;API_LIMITED;4100;;;;;30;1000001;16;4479500;RUR
907981;;DI;CIV;410;API_LIMITED;4100;;;;;30;2000232;16;3818800;RUR
907982;;DI;CIV;1030;API_LIMITED;10300;;;;;92;1000001;16;11017100;RUR
907984;;DI;CIV;1030;API_LIMITED;10300;;;;;92;2000232;16;9374100;RUR
907985;;DI;CIV;1700;API_LIMITED;17000;;;;;183;1000001;16;18061100;RUR
907987;;DI;CIV;1700;API_LIMITED;17000;;;;;183;2000232;16;15380400;RUR
907988;;DI;CIV;2900;API_LIMITED;29000;;;;;365;1000001;16;29626200;RUR
907990;;DI;CIV;2900;API_LIMITED;29000;;;;;365;2000232;16;25227100;RUR
907994;;DI;CIV;410;API_LIMITED;4100;;;;;30;1000001;14;4479500;RUR
907996;;DI;CIV;410;API_LIMITED;4100;;;;;30;2000232;14;3818800;RUR
907997;;DI;CIV;1030;API_LIMITED;10300;;;;;92;1000001;14;11017100;RUR
907999;;DI;CIV;1030;API_LIMITED;10300;;;;;92;2000232;14;9374100;RUR
908000;;DI;CIV;1700;API_LIMITED;17000;;;;;183;1000001;14;18061100;RUR
908002;;DI;CIV;1700;API_LIMITED;17000;;;;;183;2000232;14;15380400;RUR
908003;;DI;CIV;2900;API_LIMITED;29000;;;;;365;1000001;14;29626200;RUR
908005;;DI;CIV;2900;API_LIMITED;29000;;;;;365;2000232;14;25227100;RUR
908009;;DI;CIV;410;API_LIMITED;4100;;;;;30;1000001;11;4886800;RUR
908011;;DI;CIV;410;API_LIMITED;4100;;;;;30;2000232;11;4165900;RUR
908012;;DI;CIV;1030;API_LIMITED;10300;;;;;92;1000001;11;12018700;RUR
908014;;DI;CIV;1030;API_LIMITED;10300;;;;;92;2000232;11;10226300;RUR
908015;;DI;CIV;1700;API_LIMITED;17000;;;;;183;1000001;11;19702900;RUR
908017;;DI;CIV;1700;API_LIMITED;17000;;;;;183;2000232;11;16778500;RUR
908018;;DI;CIV;2900;API_LIMITED;29000;;;;;365;1000001;11;32319600;RUR
908020;;DI;CIV;2900;API_LIMITED;29000;;;;;365;2000232;11;27520500;RUR
908024;;DI;CIV;410;API_LIMITED;4100;;;;;30;1000001;24;4479500;RUR
908026;;DI;CIV;410;API_LIMITED;4100;;;;;30;2000232;24;3818800;RUR
908027;;DI;CIV;1030;API_LIMITED;10300;;;;;92;1000001;24;11017100;RUR
908029;;DI;CIV;1030;API_LIMITED;10300;;;;;92;2000232;24;9374100;RUR
908030;;DI;CIV;1700;API_LIMITED;17000;;;;;183;1000001;24;18061100;RUR
908032;;DI;CIV;1700;API_LIMITED;17000;;;;;183;2000232;24;15380400;RUR
908033;;DI;CIV;2900;API_LIMITED;29000;;;;;365;1000001;24;29626200;RUR
908035;;DI;CIV;2900;API_LIMITED;29000;;;;;365;2000232;24;25227100;RUR
908039;;DI;CIV;410;API_LIMITED;4100;;;;;30;1000001;4;4683000;RUR
908041;;DI;CIV;410;API_LIMITED;4100;;;;;30;2000232;4;3992400;RUR
908042;;DI;CIV;1030;API_LIMITED;10300;;;;;92;1000001;4;11518100;RUR
908044;;DI;CIV;1030;API_LIMITED;10300;;;;;92;2000232;4;9800100;RUR
908045;;DI;CIV;1700;API_LIMITED;17000;;;;;183;1000001;4;18882000;RUR
908047;;DI;CIV;1700;API_LIMITED;17000;;;;;183;2000232;4;16079500;RUR
908048;;DI;CIV;2900;API_LIMITED;29000;;;;;365;1000001;4;30973000;RUR
908050;;DI;CIV;2900;API_LIMITED;29000;;;;;365;2000232;4;26374000;RUR
908054;;DI;CIV;410;API_LIMITED;4100;;;;;30;1000001;6;4683000;RUR
908056;;DI;CIV;410;API_LIMITED;4100;;;;;30;2000232;6;4165900;RUR
908057;;DI;CIV;1030;API_LIMITED;10300;;;;;92;1000001;6;11518100;RUR
908059;;DI;CIV;1030;API_LIMITED;10300;;;;;92;2000232;6;10226300;RUR
908060;;DI;CIV;1700;API_LIMITED;17000;;;;;183;1000001;6;18882000;RUR
908062;;DI;CIV;1700;API_LIMITED;17000;;;;;183;2000232;6;16778500;RUR
908063;;DI;CIV;2900;API_LIMITED;29000;;;;;365;1000001;6;30973000;RUR
908065;;DI;CIV;2900;API_LIMITED;29000;;;;;365;2000232;6;27520500;RUR
908069;;DI;CIV;410;API_LIMITED;4100;;;;;30;1000001;23;4683000;RUR
908071;;DI;CIV;410;API_LIMITED;4100;;;;;30;2000232;23;3992400;RUR
908072;;DI;CIV;1030;API_LIMITED;10300;;;;;92;1000001;23;11518100;RUR
908074;;DI;CIV;1030;API_LIMITED;10300;;;;;92;2000232;23;9800100;RUR
908075;;DI;CIV;1700;API_LIMITED;17000;;;;;183;1000001;23;18882000;RUR
908077;;DI;CIV;1700;API_LIMITED;17000;;;;;183;2000232;23;16079500;RUR
908078;;DI;CIV;2900;API_LIMITED;29000;;;;;365;1000001;23;30973000;RUR
908080;;DI;CIV;2900;API_LIMITED;29000;;;;;365;2000232;23;26374000;RUR
908084;;DI;CIV;410;API_LIMITED;4100;;;;;30;1000001;25;4479500;RUR
908086;;DI;CIV;410;API_LIMITED;4100;;;;;30;2000232;25;3818800;RUR
908087;;DI;CIV;1030;API_LIMITED;10300;;;;;92;1000001;25;11017100;RUR
908089;;DI;CIV;1030;API_LIMITED;10300;;;;;92;2000232;25;9374100;RUR
908090;;DI;CIV;1700;API_LIMITED;17000;;;;;183;1000001;25;18061100;RUR
908092;;DI;CIV;1700;API_LIMITED;17000;;;;;183;2000232;25;15380400;RUR
908093;;DI;CIV;2900;API_LIMITED;29000;;;;;365;1000001;25;29626200;RUR
908095;;DI;CIV;2900;API_LIMITED;29000;;;;;365;2000232;25;25227100;RUR
908099;;DI;CIV;410;API_LIMITED;4100;;;;;30;1000001;1;4886800;RUR
908101;;DI;CIV;410;API_LIMITED;4100;;;;;30;2000232;1;4165900;RUR
908102;;DI;CIV;1030;API_LIMITED;10300;;;;;92;1000001;1;12018700;RUR
908104;;DI;CIV;1030;API_LIMITED;10300;;;;;92;2000232;1;10226300;RUR
908105;;DI;CIV;1700;API_LIMITED;17000;;;;;183;1000001;1;19702900;RUR
908107;;DI;CIV;1700;API_LIMITED;17000;;;;;183;2000232;1;16778500;RUR
908108;;DI;CIV;2900;API_LIMITED;29000;;;;;365;1000001;1;32319600;RUR
908110;;DI;CIV;2900;API_LIMITED;29000;;;;;365;2000232;1;27520500;RUR
908114;;DI;CIV;410;API_LIMITED;4100;;;;;30;1000001;7;4479500;RUR
908116;;DI;CIV;410;API_LIMITED;4100;;;;;30;2000232;7;3992400;RUR
908117;;DI;CIV;1030;API_LIMITED;10300;;;;;92;1000001;7;11017100;RUR
908119;;DI;CIV;1030;API_LIMITED;10300;;;;;92;2000232;7;9800100;RUR
908120;;DI;CIV;1700;API_LIMITED;17000;;;;;183;1000001;7;18061100;RUR
908122;;DI;CIV;1700;API_LIMITED;17000;;;;;183;2000232;7;16079500;RUR
908123;;DI;CIV;2900;API_LIMITED;29000;;;;;365;1000001;7;29626200;RUR
908125;;DI;CIV;2900;API_LIMITED;29000;;;;;365;2000232;7;26374000;RUR
908129;;DI;CIV;410;API_LIMITED;4100;;;;;30;1000001;17;4683000;RUR
908131;;DI;CIV;410;API_LIMITED;4100;;;;;30;2000232;17;3992400;RUR
908132;;DI;CIV;1030;API_LIMITED;10300;;;;;92;1000001;17;11518100;RUR
908134;;DI;CIV;1030;API_LIMITED;10300;;;;;92;2000232;17;9800100;RUR
908135;;DI;CIV;1700;API_LIMITED;17000;;;;;183;1000001;17;18882000;RUR
908137;;DI;CIV;1700;API_LIMITED;17000;;;;;183;2000232;17;16079500;RUR
908138;;DI;CIV;2900;API_LIMITED;29000;;;;;365;1000001;17;30973000;RUR
908140;;DI;CIV;2900;API_LIMITED;29000;;;;;365;2000232;17;26374000;RUR
908144;;DI;CIV;410;API_LIMITED;4100;;;;;30;1000001;21;4479500;RUR
908146;;DI;CIV;410;API_LIMITED;4100;;;;;30;2000232;21;3992400;RUR
908147;;DI;CIV;1030;API_LIMITED;10300;;;;;92;1000001;21;11017100;RUR
908149;;DI;CIV;1030;API_LIMITED;10300;;;;;92;2000232;21;9800100;RUR
908150;;DI;CIV;1700;API_LIMITED;17000;;;;;183;1000001;21;18061100;RUR
908152;;DI;CIV;1700;API_LIMITED;17000;;;;;183;2000232;21;16079500;RUR
908153;;DI;CIV;2900;API_LIMITED;29000;;;;;365;1000001;21;29626200;RUR
908155;;DI;CIV;2900;API_LIMITED;29000;;;;;365;2000232;21;26374000;RUR
908159;;DI;CIV;410;API_LIMITED;4100;;;;;30;1000001;22;4479500;RUR
908161;;DI;CIV;410;API_LIMITED;4100;;;;;30;2000232;22;3818800;RUR
908162;;DI;CIV;1030;API_LIMITED;10300;;;;;92;1000001;22;11017100;RUR
908164;;DI;CIV;1030;API_LIMITED;10300;;;;;92;2000232;22;9374100;RUR
908165;;DI;CIV;1700;API_LIMITED;17000;;;;;183;1000001;22;18061100;RUR
908167;;DI;CIV;1700;API_LIMITED;17000;;;;;183;2000232;22;15380400;RUR
908168;;DI;CIV;2900;API_LIMITED;29000;;;;;365;1000001;22;29626200;RUR
908170;;DI;CIV;2900;API_LIMITED;29000;;;;;365;2000232;22;25227100;RUR
908174;;DI;CIV;410;API_LIMITED;4100;;;;;30;1000001;18;4683000;RUR
908176;;DI;CIV;410;API_LIMITED;4100;;;;;30;2000232;18;3992400;RUR
908177;;DI;CIV;1030;API_LIMITED;10300;;;;;92;1000001;18;11518100;RUR
908179;;DI;CIV;1030;API_LIMITED;10300;;;;;92;2000232;18;9800100;RUR
908180;;DI;CIV;1700;API_LIMITED;17000;;;;;183;1000001;18;18882000;RUR
908182;;DI;CIV;1700;API_LIMITED;17000;;;;;183;2000232;18;16079500;RUR
908183;;DI;CIV;2900;API_LIMITED;29000;;;;;365;1000001;18;30973000;RUR
908185;;DI;CIV;2900;API_LIMITED;29000;;;;;365;2000232;18;26374000;RUR
908189;;DI;CIV;410;API_LIMITED;4100;;;;;30;1000001;10;4683000;RUR
908191;;DI;CIV;410;API_LIMITED;4100;;;;;30;2000232;10;3992400;RUR
908192;;DI;CIV;1030;API_LIMITED;10300;;;;;92;1000001;10;11518100;RUR
908194;;DI;CIV;1030;API_LIMITED;10300;;;;;92;2000232;10;9800100;RUR
908195;;DI;CIV;1700;API_LIMITED;17000;;;;;183;1000001;10;18882000;RUR
908197;;DI;CIV;1700;API_LIMITED;17000;;;;;183;2000232;10;16079500;RUR
908198;;DI;CIV;2900;API_LIMITED;29000;;;;;365;1000001;10;30973000;RUR
908200;;DI;CIV;2900;API_LIMITED;29000;;;;;365;2000232;10;26374000;RUR
908204;;DI;CIV;410;API_LIMITED;4100;;;;;30;1000001;20;4479500;RUR
908206;;DI;CIV;410;API_LIMITED;4100;;;;;30;2000232;20;3818800;RUR
908207;;DI;CIV;1030;API_LIMITED;10300;;;;;92;1000001;20;11017100;RUR
908209;;DI;CIV;1030;API_LIMITED;10300;;;;;92;2000232;20;9374100;RUR
908210;;DI;CIV;1700;API_LIMITED;17000;;;;;183;1000001;20;18061100;RUR
908212;;DI;CIV;1700;API_LIMITED;17000;;;;;183;2000232;20;15380400;RUR
908213;;DI;CIV;2900;API_LIMITED;29000;;;;;365;1000001;20;29626200;RUR
908215;;DI;CIV;2900;API_LIMITED;29000;;;;;365;2000232;20;25227100;RUR
908219;;DI;CIV;410;API_LIMITED;4100;;;;;30;1000001;12;4479500;RUR
908221;;DI;CIV;410;API_LIMITED;4100;;;;;30;2000232;12;3818800;RUR
908222;;DI;CIV;1030;API_LIMITED;10300;;;;;92;1000001;12;11017100;RUR
908224;;DI;CIV;1030;API_LIMITED;10300;;;;;92;2000232;12;9374100;RUR
908225;;DI;CIV;1700;API_LIMITED;17000;;;;;183;1000001;12;18061100;RUR
908227;;DI;CIV;1700;API_LIMITED;17000;;;;;183;2000232;12;15380400;RUR
908228;;DI;CIV;2900;API_LIMITED;29000;;;;;365;1000001;12;29626200;RUR
908230;;DI;CIV;2900;API_LIMITED;29000;;;;;365;2000232;12;25227100;RUR
908234;;DI;CIV;410;API_LIMITED;4100;;;;;30;1000001;13;4479500;RUR
908236;;DI;CIV;410;API_LIMITED;4100;;;;;30;2000232;13;3818800;RUR
908237;;DI;CIV;1030;API_LIMITED;10300;;;;;92;1000001;13;11017100;RUR
908239;;DI;CIV;1030;API_LIMITED;10300;;;;;92;2000232;13;9374100;RUR
908240;;DI;CIV;1700;API_LIMITED;17000;;;;;183;1000001;13;18061100;RUR
908242;;DI;CIV;1700;API_LIMITED;17000;;;;;183;2000232;13;15380400;RUR
908243;;DI;CIV;2900;API_LIMITED;29000;;;;;365;1000001;13;29626200;RUR
908245;;DI;CIV;2900;API_LIMITED;29000;;;;;365;2000232;13;25227100;RUR
1092324;;DI;CIV;120;API_LIMITED;1200;;;;;1;2000231;0;1422000;RUR
1092325;;DI;CIV;30;API_LIMITED;300;;;;;1;1249;0;219000;RUR
1092326;;DI;CIV;30;API_LIMITED;300;;;;;1;1342;0;251900;RUR
1092327;;DI;CIV;30;API_LIMITED;300;;;;;1;1563;0;241000;RUR
1092328;;DI;CIV;30;API_LIMITED;300;;;;;1;1575;0;231800;RUR
1092329;;DI;CIV;30;API_LIMITED;300;;;;;1;1596;0;231800;RUR
1092330;;DI;CIV;30;API_LIMITED;300;;;;;1;1614;0;226300;RUR
1092331;;DI;CIV;30;API_LIMITED;300;;;;;1;1646;0;209900;RUR
1092332;;DI;CIV;40;API_LIMITED;400;;;;;1;1202;0;377900;RUR
1092333;;DI;CIV;40;API_LIMITED;400;;;;;1;1679;0;361400;RUR
1092334;;DI;CIV;80;API_LIMITED;800;;;;;1;2000232;0;794600;RUR
1092369;;DI;CIV;100;API_LIMITED;1000;;;;;7;1000224;0;879800;RUR
1092370;;DI;CIV;100;API_LIMITED;1000;;;;;7;1249;0;698500;RUR
1092371;;DI;CIV;100;API_LIMITED;1000;;;;;7;1317;0;742800;RUR
1092372;;DI;CIV;100;API_LIMITED;1000;;;;;7;1342;0;776500;RUR
1092373;;DI;CIV;100;API_LIMITED;1000;;;;;7;1347;0;903500;RUR
1092374;;DI;CIV;100;API_LIMITED;1000;;;;;7;1384;0;776500;RUR
1092375;;DI;CIV;100;API_LIMITED;1000;;;;;7;1438;0;943700;RUR
1092376;;DI;CIV;100;API_LIMITED;1000;;;;;7;1481;0;783000;RUR
1092377;;DI;CIV;100;API_LIMITED;1000;;;;;7;1511;0;843200;RUR
1092378;;DI;CIV;100;API_LIMITED;1000;;;;;7;1563;0;700800;RUR
1092379;;DI;CIV;100;API_LIMITED;1000;;;;;7;1575;0;671600;RUR
1092380;;DI;CIV;100;API_LIMITED;1000;;;;;7;1596;0;671600;RUR
1092381;;DI;CIV;100;API_LIMITED;1000;;;;;7;1614;0;655200;RUR
1092382;;DI;CIV;100;API_LIMITED;1000;;;;;7;1646;0;609600;RUR
1092383;;DI;CIV;100;API_LIMITED;1000;;;;;7;1716;0;564000;RUR
1092384;;DI;CIV;100;API_LIMITED;1000;;;;;7;1783;0;564000;RUR
1092385;;DI;CIV;100;API_LIMITED;1000;;;;;7;1806;0;564000;RUR
1092386;;DI;CIV;100;API_LIMITED;1000;;;;;7;1817;0;783000;RUR
1092387;;DI;CIV;100;API_LIMITED;1000;;;;;7;1828;0;611000;RUR
1092388;;DI;CIV;100;API_LIMITED;1000;;;;;7;1844;0;943700;RUR
1092389;;DI;CIV;100;API_LIMITED;1000;;;;;7;1859;0;783000;RUR
1092390;;DI;CIV;100;API_LIMITED;1000;;;;;7;1880;0;702700;RUR
1092391;;DI;CIV;100;API_LIMITED;1000;;;;;7;1890;0;702700;RUR
1092392;;DI;CIV;100;API_LIMITED;1000;;;;;7;1898;0;611000;RUR
1092393;;DI;CIV;100;API_LIMITED;1000;;;;;7;1913;0;783000;RUR
1092394;;DI;CIV;130;API_LIMITED;1300;;;;;7;1000005;0;582200;RUR
1092395;;DI;CIV;130;API_LIMITED;1300;;;;;7;1000234;0;608600;RUR
1092396;;DI;CIV;130;API_LIMITED;1300;;;;;7;1202;0;1363100;RUR
1092397;;DI;CIV;130;API_LIMITED;1300;;;;;7;1261;0;1049500;RUR
1092398;;DI;CIV;130;API_LIMITED;1300;;;;;7;1530;0;1003800;RUR
1092399;;DI;CIV;130;API_LIMITED;1300;;;;;7;1586;0;1268500;RUR
1092400;;DI;CIV;130;API_LIMITED;1300;;;;;7;1624;0;1268500;RUR
1092401;;DI;CIV;130;API_LIMITED;1300;;;;;7;1679;0;1184600;RUR
1092403;;DI;CIV;130;API_LIMITED;1300;;;;;7;1000001;1;1637800;RUR
1092404;;DI;CIV;130;API_LIMITED;1300;;;;;7;2000232;1;1392600;RUR
1092405;;DI;CIV;130;API_LIMITED;1300;;;;;7;1000001;10;1569600;RUR
1092406;;DI;CIV;130;API_LIMITED;1300;;;;;7;2000232;10;1334600;RUR
1092407;;DI;CIV;130;API_LIMITED;1300;;;;;7;1000001;11;1637800;RUR
1092408;;DI;CIV;130;API_LIMITED;1300;;;;;7;2000232;11;1392600;RUR
1092409;;DI;CIV;130;API_LIMITED;1300;;;;;7;1000001;12;1501300;RUR
1092410;;DI;CIV;130;API_LIMITED;1300;;;;;7;2000232;12;1276500;RUR
1092411;;DI;CIV;130;API_LIMITED;1300;;;;;7;1000001;13;1501300;RUR
1092412;;DI;CIV;130;API_LIMITED;1300;;;;;7;2000232;13;1276500;RUR
1092413;;DI;CIV;130;API_LIMITED;1300;;;;;7;1000001;14;1501300;RUR
1092414;;DI;CIV;130;API_LIMITED;1300;;;;;7;2000232;14;1276500;RUR
1092415;;DI;CIV;130;API_LIMITED;1300;;;;;7;1000001;15;1501300;RUR
1092416;;DI;CIV;130;API_LIMITED;1300;;;;;7;2000232;15;1276500;RUR
1092417;;DI;CIV;130;API_LIMITED;1300;;;;;7;1000001;16;1501300;RUR
1092418;;DI;CIV;130;API_LIMITED;1300;;;;;7;2000232;16;1276500;RUR
1092419;;DI;CIV;130;API_LIMITED;1300;;;;;7;1000001;17;1569600;RUR
1092420;;DI;CIV;130;API_LIMITED;1300;;;;;7;2000232;17;1334600;RUR
1092421;;DI;CIV;130;API_LIMITED;1300;;;;;7;1000001;18;1569600;RUR
1092422;;DI;CIV;130;API_LIMITED;1300;;;;;7;2000232;18;1334600;RUR
1092423;;DI;CIV;130;API_LIMITED;1300;;;;;7;1000001;19;1501300;RUR
1092424;;DI;CIV;130;API_LIMITED;1300;;;;;7;2000232;19;1276500;RUR
1092425;;DI;CIV;130;API_LIMITED;1300;;;;;7;1000001;2;1569600;RUR
1092426;;DI;CIV;130;API_LIMITED;1300;;;;;7;2000232;2;1334600;RUR
1092427;;DI;CIV;130;API_LIMITED;1300;;;;;7;1000001;20;1501300;RUR
1092428;;DI;CIV;130;API_LIMITED;1300;;;;;7;2000232;20;1276500;RUR
1092429;;DI;CIV;130;API_LIMITED;1300;;;;;7;1000001;21;1501300;RUR
1092430;;DI;CIV;130;API_LIMITED;1300;;;;;7;2000232;21;1334600;RUR
1092431;;DI;CIV;130;API_LIMITED;1300;;;;;7;1000001;22;1501300;RUR
1092432;;DI;CIV;130;API_LIMITED;1300;;;;;7;2000232;22;1276500;RUR
1092433;;DI;CIV;130;API_LIMITED;1300;;;;;7;1000001;23;1569600;RUR
1092434;;DI;CIV;130;API_LIMITED;1300;;;;;7;2000232;23;1334600;RUR
1092435;;DI;CIV;130;API_LIMITED;1300;;;;;7;1000001;24;1501300;RUR
1092436;;DI;CIV;130;API_LIMITED;1300;;;;;7;2000232;24;1276500;RUR
1092437;;DI;CIV;130;API_LIMITED;1300;;;;;7;1000001;25;1501300;RUR
1092438;;DI;CIV;130;API_LIMITED;1300;;;;;7;2000232;25;1276500;RUR
1092439;;DI;CIV;130;API_LIMITED;1300;;;;;7;1000001;26;1569600;RUR
1092440;;DI;CIV;130;API_LIMITED;1300;;;;;7;2000232;26;1334600;RUR
1092441;;DI;CIV;130;API_LIMITED;1300;;;;;7;1000001;3;1569600;RUR
1092442;;DI;CIV;130;API_LIMITED;1300;;;;;7;2000232;3;1334600;RUR
1092443;;DI;CIV;130;API_LIMITED;1300;;;;;7;1000001;4;1569600;RUR
1092444;;DI;CIV;130;API_LIMITED;1300;;;;;7;2000232;4;1334600;RUR
1092445;;DI;CIV;130;API_LIMITED;1300;;;;;7;1000001;5;1501300;RUR
1092446;;DI;CIV;130;API_LIMITED;1300;;;;;7;2000232;5;1276500;RUR
1092447;;DI;CIV;130;API_LIMITED;1300;;;;;7;1000001;6;1569600;RUR
1092448;;DI;CIV;130;API_LIMITED;1300;;;;;7;2000232;6;1392600;RUR
1092449;;DI;CIV;130;API_LIMITED;1300;;;;;7;1000001;7;1501300;RUR
1092450;;DI;CIV;130;API_LIMITED;1300;;;;;7;2000232;7;1334600;RUR
1092451;;DI;CIV;130;API_LIMITED;1300;;;;;7;1000001;8;1501300;RUR
1092452;;DI;CIV;130;API_LIMITED;1300;;;;;7;2000232;8;1276500;RUR
1092453;;DI;CIV;130;API_LIMITED;1300;;;;;7;1000001;9;1501300;RUR
1092454;;DI;CIV;130;API_LIMITED;1300;;;;;7;2000232;9;1276500;RUR
1092455;;DI;CIV;150;API_LIMITED;1500;;;;;7;1000222;0;1565400;RUR
1092456;;DI;CIV;150;API_LIMITED;1500;;;;;7;1000223;0;1324900;RUR
1092457;;DI;CIV;150;API_LIMITED;1500;;;;;7;1000225;0;1822600;RUR
1092458;;DI;CIV;150;API_LIMITED;1500;;;;;7;1000232;0;1309300;RUR
1092459;;DI;CIV;200;API_LIMITED;2000;;;;;7;1000001;0;2850700;RUR
1092460;;DI;CIV;200;API_LIMITED;2000;;;;;7;1000226;0;1907300;RUR
1092461;;DI;CIV;200;API_LIMITED;2000;;;;;7;1000233;0;2614400;RUR
1092463;;DI;CIV;200;API_LIMITED;2000;;;;;7;2000232;0;2425800;RUR
1092464;;DI;CIV;200;API_LIMITED;2000;;;;;7;2000231;1;2410300;RUR
1092465;;DI;CIV;200;API_LIMITED;2000;;;;;7;3000233;1;3019400;RUR
1092466;;DI;CIV;200;API_LIMITED;2000;;;;;7;2000231;10;2309900;RUR
1092467;;DI;CIV;200;API_LIMITED;2000;;;;;7;3000233;10;2893400;RUR
1092468;;DI;CIV;200;API_LIMITED;2000;;;;;7;2000231;11;2410300;RUR
1092469;;DI;CIV;200;API_LIMITED;2000;;;;;7;3000233;11;3019400;RUR
1092470;;DI;CIV;200;API_LIMITED;2000;;;;;7;2000231;12;2209500;RUR
1092471;;DI;CIV;200;API_LIMITED;2000;;;;;7;3000233;12;2767600;RUR
1092472;;DI;CIV;200;API_LIMITED;2000;;;;;7;2000231;13;2209500;RUR
1092473;;DI;CIV;200;API_LIMITED;2000;;;;;7;3000233;13;2767600;RUR
1092474;;DI;CIV;200;API_LIMITED;2000;;;;;7;2000231;14;2209500;RUR
1092475;;DI;CIV;200;API_LIMITED;2000;;;;;7;3000233;14;2767600;RUR
1092476;;DI;CIV;200;API_LIMITED;2000;;;;;7;2000231;15;2209500;RUR
1092477;;DI;CIV;200;API_LIMITED;2000;;;;;7;3000233;15;2767600;RUR
1092478;;DI;CIV;200;API_LIMITED;2000;;;;;7;2000231;16;2209500;RUR
1092479;;DI;CIV;200;API_LIMITED;2000;;;;;7;3000233;16;2767600;RUR
1092480;;DI;CIV;200;API_LIMITED;2000;;;;;7;2000231;17;2309900;RUR
1092481;;DI;CIV;200;API_LIMITED;2000;;;;;7;3000233;17;2893400;RUR
1092482;;DI;CIV;200;API_LIMITED;2000;;;;;7;2000231;18;2309900;RUR
1092483;;DI;CIV;200;API_LIMITED;2000;;;;;7;3000233;18;2893400;RUR
1092484;;DI;CIV;200;API_LIMITED;2000;;;;;7;2000231;19;2209500;RUR
1092485;;DI;CIV;200;API_LIMITED;2000;;;;;7;3000233;19;2767600;RUR
1092486;;DI;CIV;200;API_LIMITED;2000;;;;;7;2000231;2;2309900;RUR
1092487;;DI;CIV;200;API_LIMITED;2000;;;;;7;3000233;2;2893400;RUR
1092488;;DI;CIV;200;API_LIMITED;2000;;;;;7;2000231;20;2209500;RUR
1092489;;DI;CIV;200;API_LIMITED;2000;;;;;7;3000233;20;2767600;RUR
1092490;;DI;CIV;200;API_LIMITED;2000;;;;;7;2000231;21;2309900;RUR
1092491;;DI;CIV;200;API_LIMITED;2000;;;;;7;3000233;21;2893400;RUR
1092492;;DI;CIV;200;API_LIMITED;2000;;;;;7;2000231;22;2209500;RUR
1092493;;DI;CIV;200;API_LIMITED;2000;;;;;7;3000233;22;2767600;RUR
1092494;;DI;CIV;200;API_LIMITED;2000;;;;;7;2000231;23;2309900;RUR
1092495;;DI;CIV;200;API_LIMITED;2000;;;;;7;3000233;23;2893400;RUR
1092496;;DI;CIV;200;API_LIMITED;2000;;;;;7;2000231;24;2209500;RUR
1092497;;DI;CIV;200;API_LIMITED;2000;;;;;7;3000233;24;2767600;RUR
1092498;;DI;CIV;200;API_LIMITED;2000;;;;;7;2000231;25;2209500;RUR
1092499;;DI;CIV;200;API_LIMITED;2000;;;;;7;3000233;25;2767600;RUR
1092500;;DI;CIV;200;API_LIMITED;2000;;;;;7;2000231;26;2309900;RUR
1092501;;DI;CIV;200;API_LIMITED;2000;;;;;7;3000233;26;2893400;RUR
1092502;;DI;CIV;200;API_LIMITED;2000;;;;;7;2000231;3;2309900;RUR
1092503;;DI;CIV;200;API_LIMITED;2000;;;;;7;3000233;3;2893400;RUR
1092504;;DI;CIV;200;API_LIMITED;2000;;;;;7;2000231;4;2309900;RUR
1092505;;DI;CIV;200;API_LIMITED;2000;;;;;7;3000233;4;2893400;RUR
1092506;;DI;CIV;200;API_LIMITED;2000;;;;;7;2000231;5;2209500;RUR
1092507;;DI;CIV;200;API_LIMITED;2000;;;;;7;3000233;5;2767600;RUR
1092508;;DI;CIV;200;API_LIMITED;2000;;;;;7;2000231;6;2410300;RUR
1092509;;DI;CIV;200;API_LIMITED;2000;;;;;7;3000233;6;3019400;RUR
1092510;;DI;CIV;200;API_LIMITED;2000;;;;;7;2000231;7;2209500;RUR
1092511;;DI;CIV;200;API_LIMITED;2000;;;;;7;3000233;7;2767600;RUR
1092512;;DI;CIV;200;API_LIMITED;2000;;;;;7;2000231;8;2209500;RUR
1092513;;DI;CIV;200;API_LIMITED;2000;;;;;7;3000233;8;2767600;RUR
1092514;;DI;CIV;200;API_LIMITED;2000;;;;;7;2000231;9;2209500;RUR
1092515;;DI;CIV;200;API_LIMITED;2000;;;;;7;3000233;9;2767600;RUR
1092516;;DI;CIV;320;API_LIMITED;3200;;;;;7;2000231;0;4197600;RUR
1092523;;DI;CIV;420;API_LIMITED;4200;;;;;7;3000233;0;5260400;RUR
1092556;;DI;CIV;60;API_LIMITED;600;;;;;7;1118;0;226300;RUR
1092557;;DI;CIV;60;API_LIMITED;600;;;;;7;1169;0;182200;RUR
1092558;;DI;CIV;60;API_LIMITED;600;;;;;7;1174;0;174600;RUR
1092559;;DI;CIV;60;API_LIMITED;600;;;;;7;1187;0;151800;RUR
1092560;;DI;CIV;60;API_LIMITED;600;;;;;7;1192;0;196700;RUR
1092561;;DI;CIV;60;API_LIMITED;600;;;;;7;1216;0;198700;RUR
1092562;;DI;CIV;60;API_LIMITED;600;;;;;7;1217;0;284600;RUR
1092563;;DI;CIV;60;API_LIMITED;600;;;;;7;1422;0;182200;RUR
1092564;;DI;CIV;60;API_LIMITED;600;;;;;7;1424;0;182200;RUR
1092565;;DI;CIV;60;API_LIMITED;600;;;;;7;1434;0;209500;RUR
1092566;;DI;CIV;60;API_LIMITED;600;;;;;7;1463;0;182200;RUR
1092567;;DI;CIV;60;API_LIMITED;600;;;;;7;1471;0;182200;RUR
1092568;;DI;CIV;60;API_LIMITED;600;;;;;7;1475;0;182200;RUR
1092569;;DI;CIV;60;API_LIMITED;600;;;;;7;1500;0;182200;RUR
1092570;;DI;CIV;60;API_LIMITED;600;;;;;7;1556;0;214300;RUR
1092571;;DI;CIV;60;API_LIMITED;600;;;;;7;1620;0;214300;RUR
1092572;;DI;CIV;60;API_LIMITED;600;;;;;7;1932;0;205700;RUR
1092573;;DI;CIV;60;API_LIMITED;600;;;;;7;1941;0;158800;RUR
1092574;;DI;CIV;60;API_LIMITED;600;;;;;7;1943;0;182500;RUR
1092575;;DI;CIV;60;API_LIMITED;600;;;;;7;1946;0;174600;RUR
1092576;;DI;CIV;60;API_LIMITED;600;;;;;7;1960;0;174600;RUR
1092577;;DI;CIV;60;API_LIMITED;600;;;;;7;1982;0;158800;RUR
1092578;;DI;CIV;60;API_LIMITED;600;;;;;7;2000236;0;1231300;RUR
1092579;;DI;CIV;80;API_LIMITED;800;;;;;7;1000220;0;529200;RUR
1092580;;DI;CIV;80;API_LIMITED;800;;;;;7;1008;0;502000;RUR
1092581;;DI;CIV;80;API_LIMITED;800;;;;;7;1020;0;502000;RUR
1092582;;DI;CIV;80;API_LIMITED;800;;;;;7;1041;0;334000;RUR
1092583;;DI;CIV;80;API_LIMITED;800;;;;;7;1051;0;384000;RUR
1092584;;DI;CIV;80;API_LIMITED;800;;;;;7;1061;0;384000;RUR
1092585;;DI;CIV;80;API_LIMITED;800;;;;;7;1077;0;384000;RUR
1092586;;DI;CIV;80;API_LIMITED;800;;;;;7;1090;0;334000;RUR
1092587;;DI;CIV;80;API_LIMITED;800;;;;;7;1103;0;521900;RUR
1092588;;DI;CIV;80;API_LIMITED;800;;;;;7;1124;0;321200;RUR
1092589;;DI;CIV;80;API_LIMITED;800;;;;;7;1146;0;394300;RUR
1092590;;DI;CIV;80;API_LIMITED;800;;;;;7;1229;0;350400;RUR
1092591;;DI;CIV;80;API_LIMITED;800;;;;;7;1255;0;350400;RUR
1092592;;DI;CIV;80;API_LIMITED;800;;;;;7;1308;0;222200;RUR
1092593;;DI;CIV;80;API_LIMITED;800;;;;;7;1505;0;453800;RUR
1092594;;DI;CIV;80;API_LIMITED;800;;;;;7;1553;0;394700;RUR
1092595;;DI;CIV;80;API_LIMITED;800;;;;;7;1652;0;511000;RUR
1092596;;DI;CIV;80;API_LIMITED;800;;;;;7;1661;0;502000;RUR
1092597;;DI;CIV;80;API_LIMITED;800;;;;;7;1704;0;502000;RUR
1092598;;DI;CIV;80;API_LIMITED;800;;;;;7;1739;0;532900;RUR
1092599;;DI;CIV;80;API_LIMITED;800;;;;;7;1754;0;509800;RUR
1092600;;DI;CIV;80;API_LIMITED;800;;;;;7;1771;0;509800;RUR
1092601;;DI;CIV;80;API_LIMITED;800;;;;;7;1905;0;453800;RUR
1092602;;DI;CIV;80;API_LIMITED;800;;;;;7;1948;0;345000;RUR
1092603;;DI;CIV;80;API_LIMITED;800;;;;;7;1975;0;345000;RUR
1092604;;DI;CIV;80;API_LIMITED;800;;;;;7;2114;0;521900;RUR
1117541;;CIV+VPPL;CIV;280;VP;15;API_LIMITED;2800;;;30;1041;0;1030500;RUR
1117545;;CIV+VPPL;CIV;280;VP;15;API_LIMITED;2800;;;30;1090;0;1030500;RUR
1117552;;CIV+VPPL;CIV;680;VP;45;API_LIMITED;6800;;;92;1051;0;2833900;RUR
1117553;;CIV+VPPL;CIV;680;VP;45;API_LIMITED;6800;;;92;1061;0;2833900;RUR
1117554;;CIV+VPPL;CIV;680;VP;45;API_LIMITED;6800;;;92;1077;0;2833900;RUR
1117560;;CIV+VPPL;CIV;1130;VP;90;API_LIMITED;11300;;;183;1008;0;6649900;RUR
1117566;;CIV+VPPL;CIV;1130;VP;90;API_LIMITED;11300;;;183;1103;0;7449500;RUR
1117568;;CIV+VPPL;CIV;1130;VP;90;API_LIMITED;11300;;;183;1505;0;4950000;RUR
1117611;;CIV+VPPL;CIV;2300;VP;180;API_LIMITED;23000;;;365;1596;0;15900300;RUR
1117612;;CIV+VPPL;CIV;2300;VP;180;API_LIMITED;23000;;;365;1614;0;14526000;RUR
1117613;;CIV+VPPL;CIV;2300;VP;180;API_LIMITED;23000;;;365;1646;0;14526000;RUR
1117688;;CIV+VPPL;CIV;1280;VP;150;API_LIMITED;12800;;;30;3000233;0;23166900;RUR
1117689;;CIV+VPPL;CIV;3200;VP;450;API_LIMITED;32000;;;92;3000233;0;65471800;RUR
1117690;;CIV+VPPL;CIV;5350;VP;900;API_LIMITED;53500;;;183;3000233;0;115230600;RUR
1117691;;CIV+VPPL;CIV;9000;VP;1800;API_LIMITED;90000;;;365;3000233;0;202890100;RUR
1117756;;CIV+VPPL;CIV;990;VP;150;API_LIMITED;9900;;;30;2000231;0;18793600;RUR
1117757;;CIV+VPPL;CIV;2470;VP;450;API_LIMITED;24700;;;92;2000231;0;51652600;RUR
1117758;;CIV+VPPL;CIV;4100;VP;900;API_LIMITED;41000;;;183;2000231;0;88826100;RUR
1117759;;CIV+VPPL;CIV;7000;VP;1800;API_LIMITED;70000;;;365;2000231;0;151265800;RUR
1117831;;CIV+VPPL;CIV;2900;VP;600;API_LIMITED;29000;;;183;2000232;0;51085500;RUR
1117833;;CIV+VPPL;CIV;5000;VP;1200;API_LIMITED;50000;;;365;2000232;0;86725400;RUR
1117834;;CIV+VPPL;CIV;700;VP;100;API_LIMITED;7000;;;30;2000232;0;10227500;RUR
1117835;;CIV+VPPL;CIV;1750;VP;300;API_LIMITED;17500;;;92;2000232;0;28465000;RUR
1117865;;VPPL;RENEWAL_VP;10;;;;;;;365;0;0;5785000;RUR
1117914;;VPPL;RENEWAL_VP;50;;;;;;;365;0;0;27545000;RUR
1117975;;VPPL;VPREM;10;;;;;;;365;0;0;13280000;RUR
1118016;;VPPL;VP;500;;;;;;;365;0;0;61000000;RUR
1118049;;VPPL;VP;50;;;;;;;365;0;0;8795000;RUR
1118200;;VPPL;VP;100;;;;;;;365;0;0;16250000;RUR
1118230;;VPPL;VP;10;;;;;;;365;0;0;1841000;RUR
1118517;;VPPL;AP;10;;;;;;;365;0;0;5785000;RUR
1118559;;VPPL;VPREM;100;;;;;;;365;0;0;117910000;RUR
1118645;;VPPL;RENEWAL_VP;500;;;;;;;365;0;0;193500000;RUR
1119015;;VPPL;AP;50;;;;;;;365;0;0;27545000;RUR
1119648;;VPPL;RENEWAL_VP;100;;;;;;;365;0;0;51560000;RUR
1119881;;VPPL;VPREM;50;;;;;;;365;0;0;63965000;RUR
1121911;;VPPL;VP;1;;;;;;;30;2000236;37;183000;RUR
1121912;;VPPL;RENEWAL_VP;5;;;;;;;30;16;36;3230000;RUR
1121913;;VPPL;RENEWAL_VP;5;;;;;;;30;2114;34;2222500;RUR
1121914;;VPPL;VP;5;;;;;;;30;2134;34;384500;RUR
1121915;;VPPL;VPREM;5;;;;;;;30;11000113;34;974500;RUR
1121916;;VPPL;AP;1;;;;;;;30;1174;38;475900;RUR
1121917;;VPPL;RENEWAL_VP;1;;;;;;;30;1739;37;527300;RUR
1121918;;VPPL;VPREM;5;;;;;;;30;1624;36;6709500;RUR
1121919;;VPPL;RENEWAL_VP;5;;;;;;;30;1051;34;1655500;RUR
1121920;;VPPL;RENEWAL_VP;5;;;;;;;30;1187;38;2339500;RUR
1121921;;VPPL;RENEWAL_VP;5;;;;;;;30;1103;38;2736500;RUR
1121922;;VPPL;AP;1;;;;;;;30;1679;38;660900;RUR
1121923;;VPPL;AP;1;;;;;;;30;11000118;35;1181900;RUR
1121924;;VPPL;RENEWAL_VP;1;;;;;;;30;1652;35;430400;RUR
1121925;;VPPL;AP;5;;;;;;;30;1249;36;2793000;RUR
1121926;;VPPL;VPREM;1;;;;;;;30;2000231;36;1938400;RUR
1121927;;VPPL;VPREM;5;;;;;;;30;1556;35;4773500;RUR
1121928;;VPPL;VP;5;;;;;;;30;1384;38;953000;RUR
1121929;;VPPL;VPREM;1;;;;;;;30;1783;37;1228900;RUR
1121930;;VPPL;VPREM;5;;;;;;;30;1880;38;6364500;RUR
1121931;;VPPL;RENEWAL_VP;1;;;;;;;30;2134;35;215900;RUR
1121932;;VPPL;VP;1;;;;;;;30;1202;34;195800;RUR
1121933;;VPPL;VPREM;1;;;;;;;30;1946;37;1228900;RUR
1121934;;VPPL;AP;1;;;;;;;30;1061;34;348300;RUR
1121935;;VPPL;AP;5;;;;;;;30;1347;35;2514500;RUR
1121936;;VPPL;VPREM;1;;;;;;;30;1586;35;1271800;RUR
1121937;;VPPL;AP;1;;;;;;;30;1008;35;430400;RUR
1121938;;VPPL;AP;5;;;;;;;30;1317;36;2614500;RUR
1121939;;VPPL;VPREM;5;;;;;;;30;1202;35;7412500;RUR
1121940;;VPPL;RENEWAL_VP;1;;;;;;;30;1661;35;430400;RUR
1121941;;VPPL;AP;1;;;;;;;30;1817;37;458500;RUR
1121942;;VPPL;RENEWAL_VP;1;;;;;;;30;1556;35;367900;RUR
1121943;;VPPL;VP;1;;;;;;;30;1620;36;118600;RUR
1121944;;VPPL;VPREM;1;;;;;;;30;1124;37;1554700;RUR
1121945;;VPPL;VP;1;;;;;;;30;1898;38;142400;RUR
1121946;;VPPL;VP;5;;;;;;;30;1434;37;568500;RUR
1121947;;VPPL;RENEWAL_VP;1;;;;;;;30;11000113;38;158700;RUR
1121948;;VPPL;VPREM;5;;;;;;;30;11000118;34;3169000;RUR
1121949;;VPPL;AP;1;;;;;;;30;1077;38;492100;RUR
1121950;;VPPL;VP;5;;;;;;;30;1471;34;442000;RUR
1121951;;VPPL;RENEWAL_VP;5;;;;;;;30;1960;34;1554500;RUR
1121952;;VPPL;RENEWAL_VP;5;;;;;;;30;1941;34;1554500;RUR
1121953;;VPPL;VPREM;5;;;;;;;30;1646;36;5304500;RUR
1121954;;VPPL;AP;1;;;;;;;30;1422;36;396000;RUR
1121955;;VPPL;VPREM;5;;;;;;;30;1505;35;4773500;RUR
1121956;;VPPL;VP;5;;;;;;;30;1646;35;614500;RUR
1121957;;VPPL;VPREM;1;;;;;;;30;1975;34;949900;RUR
1121958;;VPPL;AP;5;;;;;;;30;1424;37;2070500;RUR
1121959;;VPPL;RENEWAL_VP;5;;;;;;;30;1481;37;1959000;RUR
1121960;;VPPL;RENEWAL_VP;5;;;;;;;30;11000118;37;2227000;RUR
1121961;;VPPL;AP;1;;;;;;;30;1946;38;475900;RUR
1121962;;VPPL;VP;5;;;;;;;30;1500;36;517000;RUR
1121963;;VPPL;AP;5;;;;;;;30;11000118;36;5322500;RUR
1121964;;VPPL;RENEWAL_VP;1;;;;;;;30;1505;36;409900;RUR
1121965;;VPPL;VP;1;;;;;;;30;11000113;37;89000;RUR
1121966;;VPPL;AP;1;;;;;;;30;1229;38;576000;RUR
1121967;;VPPL;VPREM;5;;;;;;;30;2000232;35;7893000;RUR
1121968;;VPPL;VPREM;5;;;;;;;30;1943;36;5304500;RUR
1121969;;VPPL;VP;1;;;;;;;30;1817;36;127100;RUR
1121970;;VPPL;AP;1;;;;;;;30;10000112;37;468200;RUR
1121971;;VPPL;VP;5;;;;;;;30;10000112;35;647500;RUR
1121972;;VPPL;VPREM;1;;;;;;;30;1556;35;1004900;RUR
1121973;;VPPL;VP;1;;;;;;;30;2000231;34;208000;RUR
1121974;;VPPL;RENEWAL_VP;5;;;;;;;30;1217;36;2416000;RUR
1121975;;VPPL;VPREM;5;;;;;;;30;1771;38;6364500;RUR
1121976;;VPPL;VP;1;;;;;;;30;1614;36;143600;RUR
1121977;;VPPL;VPREM;5;;;;;;;30;2134;38;2849500;RUR
1121978;;VPPL;VP;5;;;;;;;30;1249;38;1018000;RUR
1121979;;VPPL;VPREM;1;;;;;;;30;1913;37;1228900;RUR
1121980;;VPPL;AP;5;;;;;;;30;1020;37;2657000;RUR
1121981;;VPPL;VP;1;;;;;;;30;1614;35;129400;RUR
1121982;;VPPL;VPREM;5;;;;;;;30;1187;35;4773500;RUR
1121983;;VPPL;AP;5;;;;;;;30;1261;35;3099500;RUR
1121984;;VPPL;VPREM;5;;;;;;;30;1614;35;4773500;RUR
1121985;;VPPL;VPREM;1;;;;;;;30;1103;35;1004900;RUR
1121986;;VPPL;VP;5;;;;;;;30;11000113;37;423000;RUR
1121987;;VPPL;RENEWAL_VP;1;;;;;;;30;1932;37;450700;RUR
1121988;;VPPL;VPREM;5;;;;;;;30;11000118;37;3169000;RUR
1121989;;VPPL;RENEWAL_VP;1;;;;;;;30;1890;37;527300;RUR
1121990;;VPPL;AP;1;;;;;;;30;1859;37;527300;RUR
1121991;;VPPL;RENEWAL_VP;5;;;;;;;30;1563;37;2657000;RUR
1121992;;VPPL;AP;5;;;;;;;30;1008;36;2277500;RUR
1121993;;VPPL;VPREM;1;;;;;;;30;1169;34;949900;RUR
1121994;;VPPL;VPREM;1;;;;;;;30;1146;34;1474100;RUR
1121995;;VPPL;VPREM;1;;;;;;;30;2209;38;599800;RUR
1121996;;VPPL;RENEWAL_VP;5;;;;;;;30;2000232;37;3960500;RUR
1121997;;VPPL;RENEWAL_VP;5;;;;;;;30;1317;36;2614500;RUR
1121998;;VPPL;AP;5;;;;;;;30;1556;35;1747500;RUR
1121999;;VPPL;RENEWAL_VP;1;;;;;;;30;1960;35;345500;RUR
1122000;;VPPL;VP;1;;;;;;;30;1051;36;118600;RUR
1122001;;VPPL;RENEWAL_VP;5;;;;;;;30;2134;36;1139500;RUR
1122002;;VPPL;AP;1;;;;;;;30;1434;37;435900;RUR
1122003;;VPPL;RENEWAL_VP;1;;;;;;;30;1817;37;458500;RUR
1122004;;VPPL;VPREM;5;;;;;;;30;1975;34;4514500;RUR
1122005;;VPPL;VP;1;;;;;;;30;1771;38;142400;RUR
1122006;;VPPL;AP;5;;;;;;;30;1216;35;1690500;RUR
1122007;;VPPL;VP;1;;;;;;;30;1249;34;152400;RUR
1122008;;VPPL;RENEWAL_VP;5;;;;;;;30;1844;38;3355500;RUR
1122009;;VPPL;RENEWAL_VP;1;;;;;;;30;1563;34;433000;RUR
1122010;;VPPL;VP;5;;;;;;;30;1174;34;450000;RUR
1122011;;VPPL;VPREM;1;;;;;;;30;1596;36;1412700;RUR
1122012;;VPPL;VPREM;5;;;;;;;30;1077;34;4514500;RUR
1122013;;VPPL;RENEWAL_VP;5;;;;;;;30;1061;38;2339500;RUR
1122014;;VPPL;VP;5;;;;;;;30;1255;38;912000;RUR
1122015;;VPPL;RENEWAL_VP;1;;;;;;;30;2155;36;239900;RUR
1122016;;VPPL;VPREM;5;;;;;;;30;1169;37;5837500;RUR
1122017;;VPPL;VP;5;;;;;;;30;1932;38;712000;RUR
1122018;;VPPL;AP;5;;;;;;;30;1716;35;2044500;RUR
1122019;;VPPL;AP;1;;;;;;;30;1118;37;450700;RUR
1122020;;VPPL;VPREM;5;;;;;;;30;1146;36;8235000;RUR
1122021;;VPPL;VP;1;;;;;;;30;11000118;34;154200;RUR
1122022;;VPPL;VPREM;5;;;;;;;30;1932;36;5304500;RUR
1122023;;VPPL;VP;5;;;;;;;30;1202;37;1210000;RUR
1122024;;VPPL;VP;1;;;;;;;30;1739;38;172800;RUR
1122025;;VPPL;AP;5;;;;;;;30;1553;37;2070500;RUR
1122026;;VPPL;VPREM;1;;;;;;;30;1646;37;1228900;RUR
1122027;;VPPL;VP;1;;;;;;;30;1146;37;254800;RUR
1122028;;VPPL;AP;5;;;;;;;30;2173;34;1599500;RUR
1122029;;VPPL;RENEWAL_VP;1;;;;;;;30;16;37;726700;RUR
1122030;;VPPL;VP;1;;;;;;;30;1771;34;101100;RUR
1122031;;VPPL;VPREM;5;;;;;;;30;1202;34;7003500;RUR
1122032;;VPPL;RENEWAL_VP;1;;;;;;;30;1438;35;529400;RUR
1122033;;VPPL;VP;5;;;;;;;30;1982;34;450000;RUR
1122034;;VPPL;VP;5;;;;;;;30;1202;34;931500;RUR
1122035;;VPPL;VPREM;5;;;;;;;30;1118;35;4773500;RUR
1122036;;VPPL;VP;5;;;;;;;30;1975;36;682000;RUR
1122037;;VPPL;RENEWAL_VP;1;;;;;;;30;1620;35;367900;RUR
1122038;;VPPL;VP;5;;;;;;;30;1192;35;537000;RUR
1122039;;VPPL;VPREM;5;;;;;;;30;16;38;3533000;RUR
1122040;;VPPL;VP;1;;;;;;;30;1434;35;93000;RUR
1122041;;VPPL;RENEWAL_VP;1;;;;;;;30;1575;38;576000;RUR
1122042;;VPPL;VP;1;;;;;;;30;11000118;36;154200;RUR
1122043;;VPPL;VP;1;;;;;;;30;1646;35;129400;RUR
1122044;;VPPL;AP;5;;;;;;;30;1932;35;1747500;RUR
1122045;;VPPL;VPREM;1;;;;;;;30;1217;34;949900;RUR
1122046;;VPPL;AP;1;;;;;;;30;1187;38;492100;RUR
1122047;;VPPL;AP;5;;;;;;;30;1652;36;2277500;RUR
1122048;;VPPL;AP;1;;;;;;;30;1783;38;576000;RUR
1122049;;VPPL;RENEWAL_VP;5;;;;;;;30;1118;37;2140500;RUR
1122050;;VPPL;AP;5;;;;;;;30;2000231;38;4735000;RUR
1122051;;VPPL;VP;5;;;;;;;30;1347;38;1018000;RUR
1122052;;VPPL;AP;5;;;;;;;30;1308;38;2264500;RUR
1122053;;VPPL;VPREM;1;;;;;;;30;1575;38;1339900;RUR
1122054;;VPPL;RENEWAL_VP;1;;;;;;;30;1463;36;275900;RUR
1122055;;VPPL;RENEWAL_VP;5;;;;;;;30;1586;36;2793000;RUR
1122056;;VPPL;RENEWAL_VP;1;;;;;;;30;1216;36;384900;RUR
1122057;;VPPL;VP;5;;;;;;;30;2155;35;404500;RUR
1122058;;VPPL;VPREM;5;;;;;;;30;11000113;38;974500;RUR
1122059;;VPPL;RENEWAL_VP;1;;;;;;;30;1946;37;423300;RUR
1122060;;VPPL;AP;1;;;;;;;30;1890;34;408100;RUR
1122061;;VPPL;VPREM;1;;;;;;;30;1652;34;949900;RUR
1122062;;VPPL;VP;1;;;;;;;30;1806;37;185200;RUR
1122063;;VPPL;VPREM;5;;;;;;;30;1661;37;5837500;RUR
1122064;;VPPL;VP;1;;;;;;;30;1020;38;191100;RUR
1122065;;VPPL;VP;5;;;;;;;30;1941;38;631000;RUR
1122066;;VPPL;AP;1;;;;;;;30;1146;38;870700;RUR
1122067;;VPPL;RENEWAL_VP;1;;;;;;;30;2134;37;263900;RUR
1122068;;VPPL;RENEWAL_VP;5;;;;;;;30;1563;35;2169000;RUR
1122069;;VPPL;VPREM;1;;;;;;;30;2000232;38;2215900;RUR
1122070;;VPPL;VP;5;;;;;;;30;1229;34;581500;RUR
1122071;;VPPL;VP;1;;;;;;;30;1716;36;143600;RUR
1122072;;VPPL;RENEWAL_VP;1;;;;;;;30;1342;35;529400;RUR
1122073;;VPPL;VP;1;;;;;;;30;1754;37;158500;RUR
1122074;;VPPL;AP;5;;;;;;;30;1553;35;1690500;RUR
1122075;;VPPL;AP;5;;;;;;;30;1586;34;2374500;RUR
1122076;;VPPL;VP;1;;;;;;;30;1880;37;140300;RUR
1122077;;VPPL;AP;1;;;;;;;30;1596;35;529400;RUR
1122078;;VPPL;VP;1;;;;;;;30;1124;36;179300;RUR
1122079;;VPPL;VP;5;;;;;;;30;11000113;35;423000;RUR
1122080;;VPPL;VP;5;;;;;;;30;1434;35;465000;RUR
1122081;;VPPL;AP;1;;;;;;;30;1771;36;409900;RUR
1122082;;VPPL;VPREM;1;;;;;;;30;1422;35;1004900;RUR
1122083;;VPPL;RENEWAL_VP;5;;;;;;;30;1948;37;2504500;RUR
1122084;;VPPL;RENEWAL_VP;1;;;;;;;30;1890;38;576000;RUR
1122085;;VPPL;AP;1;;;;;;;30;1090;34;348300;RUR
1122086;;VPPL;RENEWAL_VP;1;;;;;;;30;1716;37;527300;RUR
1122087;;VPPL;RENEWAL_VP;1;;;;;;;30;1202;36;725600;RUR
1122088;;VPPL;RENEWAL_VP;1;;;;;;;30;1217;37;559400;RUR
1122089;;VPPL;VPREM;5;;;;;;;30;1948;34;4514500;RUR
1122090;;VPPL;AP;5;;;;;;;30;1806;35;2353500;RUR
1122091;;VPPL;VPREM;1;;;;;;;30;1347;34;1201600;RUR
1122092;;VPPL;AP;1;;;;;;;30;1982;38;475900;RUR
1122093;;VPPL;VPREM;1;;;;;;;30;1530;35;1271800;RUR
1122094;;VPPL;VP;1;;;;;;;30;1347;35;161900;RUR
1122095;;VPPL;VP;1;;;;;;;30;1463;38;124100;RUR
1122096;;VPPL;RENEWAL_VP;1;;;;;;;30;1481;35;337400;RUR
1122097;;VPPL;RENEWAL_VP;5;;;;;;;30;1475;35;1179500;RUR
1122098;;VPPL;RENEWAL_VP;1;;;;;;;30;1008;36;479400;RUR
1122099;;VPPL;VP;1;;;;;;;30;2000231;36;244700;RUR
1122100;;VPPL;AP;5;;;;;;;30;1932;38;2339500;RUR
1122101;;VPPL;RENEWAL_VP;1;;;;;;;30;1661;37;527300;RUR
1122102;;VPPL;RENEWAL_VP;1;;;;;;;30;1103;37;527300;RUR
1122103;;VPPL;AP;1;;;;;;;30;1187;35;367900;RUR
1122104;;VPPL;RENEWAL_VP;1;;;;;;;30;11000118;35;494300;RUR
1122105;;VPPL;RENEWAL_VP;1;;;;;;;30;1948;35;430400;RUR
1122106;;VPPL;RENEWAL_VP;1;;;;;;;30;1932;36;409900;RUR
1122107;;VPPL;RENEWAL_VP;1;;;;;;;30;1563;35;456600;RUR
1122108;;VPPL;VP;5;;;;;;;30;1754;36;682000;RUR
1122109;;VPPL;RENEWAL_VP;5;;;;;;;30;1146;38;4135500;RUR
1122110;;VPPL;RENEWAL_VP;1;;;;;;;30;2000231;38;996900;RUR
1122111;;VPPL;VP;1;;;;;;;30;1620;34;101100;RUR
1122112;;VPPL;RENEWAL_VP;1;;;;;;;30;1771;34;348300;RUR
1122113;;VPPL;RENEWAL_VP;5;;;;;;;30;1103;35;2044500;RUR
1122114;;VPPL;AP;1;;;;;;;30;11000113;34;221200;RUR
1122115;;VPPL;VPREM;5;;;;;;;30;1008;35;4773500;RUR
1122116;;VPPL;RENEWAL_VP;1;;;;;;;30;1103;36;479400;RUR
1122117;;VPPL;AP;1;;;;;;;30;2209;37;435900;RUR
1122118;;VPPL;RENEWAL_VP;5;;;;;;;30;1960;36;1828500;RUR
1122119;;VPPL;VP;5;;;;;;;30;1771;38;712000;RUR
1122120;;VPPL;VPREM;1;;;;;;;30;1217;37;1228900;RUR
1122121;;VPPL;RENEWAL_VP;1;;;;;;;30;1553;37;423300;RUR
1122122;;VPPL;VPREM;1;;;;;;;30;1438;36;1412700;RUR
1122123;;VPPL;VPREM;5;;;;;;;30;2134;35;2137000;RUR
1122124;;VPPL;VP;1;;;;;;;30;1982;37;115700;RUR
1122125;;VPPL;AP;1;;;;;;;30;1754;34;408100;RUR
1122126;;VPPL;AP;1;;;;;;;30;1553;34;336900;RUR
1122127;;VPPL;VP;5;;;;;;;30;11000118;35;697500;RUR
1122128;;VPPL;VPREM;5;;;;;;;30;1041;37;5837500;RUR
1122129;;VPPL;RENEWAL_VP;1;;;;;;;30;1317;37;603600;RUR
1122130;;VPPL;VPREM;1;;;;;;;30;1948;37;1228900;RUR
1122131;;VPPL;RENEWAL_VP;5;;;;;;;30;1229;34;1943000;RUR
1122132;;VPPL;VPREM;1;;;;;;;30;1754;36;1116700;RUR
1122133;;VPPL;VPREM;1;;;;;;;30;1960;38;1339900;RUR
1122134;;VPPL;AP;1;;;;;;;30;1424;37;435900;RUR
1122135;;VPPL;AP;1;;;;;;;30;2000232;38;907600;RUR
1122136;;VPPL;AP;1;;;;;;;30;1975;35;430400;RUR
1122137;;VPPL;VP;5;;;;;;;30;2209;37;494500;RUR
1122138;;VPPL;AP;1;;;;;;;30;1124;37;644900;RUR
1122139;;VPPL;VPREM;1;;;;;;;30;1646;36;1116700;RUR
1122140;;VPPL;VPREM;1;;;;;;;30;1941;34;949900;RUR
1122141;;VPPL;VP;1;;;;;;;30;1103;34;121900;RUR
1122142;;VPPL;AP;5;;;;;;;30;1217;34;2061000;RUR
1122143;;VPPL;RENEWAL_VP;1;;;;;;;30;1261;36;725600;RUR
1122144;;VPPL;VP;5;;;;;;;30;1317;38;953000;RUR
1122145;;VPPL;VP;1;;;;;;;30;1146;36;230700;RUR
1122146;;VPPL;VPREM;5;;;;;;;30;1596;38;8055000;RUR
1122147;;VPPL;VP;1;;;;;;;30;1828;35;85900;RUR
1122148;;VPPL;AP;1;;;;;;;30;1384;36;550400;RUR
1122149;;VPPL;AP;5;;;;;;;30;1471;35;1690500;RUR
1122150;;VPPL;VP;1;;;;;;;30;1620;38;142400;RUR
1122151;;VPPL;VP;5;;;;;;;30;1704;36;682000;RUR
1122152;;VPPL;AP;5;;;;;;;30;2000231;36;3946000;RUR
1122153;;VPPL;VP;5;;;;;;;30;1859;34;581500;RUR
1122154;;VPPL;RENEWAL_VP;5;;;;;;;30;1255;35;2169000;RUR
1122155;;VPPL;RENEWAL_VP;1;;;;;;;30;2134;34;203900;RUR
1122156;;VPPL;AP;5;;;;;;;30;1422;37;2070500;RUR
1122157;;VPPL;RENEWAL_VP;5;;;;;;;30;1249;34;2374500;RUR
1122158;;VPPL;RENEWAL_VP;5;;;;;;;30;1000009;38;827000;RUR
1122159;;VPPL;VP;1;;;;;;;30;1434;36;103400;RUR
1122160;;VPPL;AP;1;;;;;;;30;1146;36;725600;RUR
1122161;;VPPL;VPREM;5;;;;;;;30;1146;37;9059000;RUR
1122162;;VPPL;VPREM;5;;;;;;;30;1880;34;4514500;RUR
1122163;;VPPL;AP;5;;;;;;;30;1434;35;1690500;RUR
1122164;;VPPL;RENEWAL_VP;5;;;;;;;30;1146;35;3099500;RUR
1122165;;VPPL;VPREM;1;;;;;;;30;1169;38;1339900;RUR
1122166;;VPPL;VPREM;5;;;;;;;30;1051;35;4773500;RUR
1122167;;VPPL;AP;5;;;;;;;30;1255;36;2416000;RUR
1122168;;VPPL;RENEWAL_VP;1;;;;;;;30;1624;37;644900;RUR
1122169;;VPPL;VPREM;1;;;;;;;30;1739;36;1116700;RUR
1122170;;VPPL;VPREM;1;;;;;;;30;1124;36;1412700;RUR
1122171;;VPPL;VP;5;;;;;;;30;1982;36;526000;RUR
1122172;;VPPL;RENEWAL_VP;1;;;;;;;30;1249;35;529400;RUR
1122173;;VPPL;RENEWAL_VP;1;;;;;;;30;1828;36;356400;RUR
1122174;;VPPL;VPREM;1;;;;;;;30;2000236;35;1881400;RUR
1122175;;VPPL;RENEWAL_VP;1;;;;;;;30;1061;35;367900;RUR
1122176;;VPPL;VP;5;;;;;;;30;1754;34;581500;RUR
1122177;;VPPL;AP;5;;;;;;;30;1041;35;1747500;RUR
1122178;;VPPL;AP;5;;;;;;;30;1051;37;2140500;RUR
1122179;;VPPL;RENEWAL_VP;1;;;;;;;30;1646;36;479400;RUR
1122180;;VPPL;AP;5;;;;;;;30;1941;37;2070500;RUR
1122181;;VPPL;VPREM;5;;;;;;;30;1481;35;2564500;RUR
1122182;;VPPL;VPREM;5;;;;;;;30;2155;36;2374500;RUR
1122183;;VPPL;AP;1;;;;;;;30;1500;37;435900;RUR
1122184;;VPPL;VPREM;5;;;;;;;30;1216;38;6364500;RUR
1122185;;VPPL;RENEWAL_VP;5;;;;;;;30;1424;35;1179500;RUR
1122186;;VPPL;RENEWAL_VP;5;;;;;;;30;10000112;38;1178000;RUR
1122187;;VPPL;VP;5;;;;;;;30;2000231;38;1397500;RUR
1122188;;VPPL;AP;5;;;;;;;30;1481;35;1861500;RUR
1122189;;VPPL;AP;1;;;;;;;30;1859;34;408100;RUR
1122190;;VPPL;AP;1;;;;;;;30;1217;34;433000;RUR
1122191;;VPPL;VP;1;;;;;;;30;2173;37;98900;RUR
1122192;;VPPL;VP;1;;;;;;;30;1475;36;103400;RUR
1122193;;VPPL;VPREM;5;;;;;;;30;1471;37;2612000;RUR
1122194;;VPPL;RENEWAL_VP;5;;;;;;;30;1090;35;1747500;RUR
1122195;;VPPL;VP;1;;;;;;;30;1948;38;172800;RUR
1122196;;VPPL;VP;5;;;;;;;30;11000118;38;697500;RUR
1122197;;VPPL;RENEWAL_VP;1;;;;;;;30;1817;34;354900;RUR
1122198;;VPPL;RENEWAL_VP;5;;;;;;;30;1530;36;2793000;RUR
1122199;;VPPL;AP;5;;;;;;;30;1505;38;2339500;RUR
1122200;;VPPL;VPREM;5;;;;;;;30;2000236;38;8306000;RUR
1122201;;VPPL;VP;1;;;;;;;30;1932;34;101100;RUR
1122202;;VPPL;VP;5;;;;;;;30;1384;35;719500;RUR
1122203;;VPPL;RENEWAL_VP;5;;;;;;;30;1575;35;2044500;RUR
1122204;;VPPL;RENEWAL_VP;5;;;;;;;30;1880;34;1689500;RUR
1122205;;VPPL;VP;5;;;;;;;30;1975;37;753000;RUR
1122206;;VPPL;RENEWAL_VP;1;;;;;;;30;1960;38;462100;RUR
1122207;;VPPL;RENEWAL_VP;1;;;;;;;30;1422;37;423300;RUR
1122208;;VPPL;AP;1;;;;;;;30;1948;38;576000;RUR
1122209;;VPPL;VPREM;1;;;;;;;30;1943;35;1004900;RUR
1122210;;VPPL;AP;1;;;;;;;30;1471;36;396000;RUR
1122211;;VPPL;VP;5;;;;;;;30;1317;35;719500;RUR
1122212;;VPPL;VPREM;1;;;;;;;30;1754;35;1004900;RUR
1122213;;VPPL;VPREM;5;;;;;;;30;11000118;35;3169000;RUR
1122214;;VPPL;VP;1;;;;;;;30;1000009;35;126000;RUR
1122215;;VPPL;AP;5;;;;;;;30;11000116;34;5322500;RUR
1122216;;VPPL;VP;5;;;;;;;30;1754;38;824500;RUR
1122217;;VPPL;VP;5;;;;;;;30;1202;35;981000;RUR
1122218;;VPPL;VPREM;5;;;;;;;30;1505;36;5304500;RUR
1122219;;VPPL;AP;5;;;;;;;30;2155;37;2070500;RUR
1122220;;VPPL;RENEWAL_VP;1;;;;;;;30;1716;38;576000;RUR
1122221;;VPPL;AP;1;;;;;;;30;1652;35;430400;RUR
1122222;;VPPL;AP;1;;;;;;;30;1216;37;435900;RUR
1122223;;VPPL;RENEWAL_VP;5;;;;;;;30;1103;36;2277500;RUR
1122224;;VPPL;AP;1;;;;;;;30;1481;36;435600;RUR
1122225;;VPPL;VP;5;;;;;;;30;1652;36;682000;RUR
1122226;;VPPL;VPREM;1;;;;;;;30;1716;37;1228900;RUR
1122227;;VPPL;RENEWAL_VP;1;;;;;;;30;1905;38;492100;RUR
1122228;;VPPL;VP;1;;;;;;;30;1828;38;113900;RUR
1122229;;VPPL;RENEWAL_VP;5;;;;;;;30;1932;34;1655500;RUR
1122230;;VPPL;AP;5;;;;;;;30;1890;36;2277500;RUR
1122231;;VPPL;AP;5;;;;;;;30;1192;37;2140500;RUR
1122232;;VPPL;AP;1;;;;;;;30;1090;35;367900;RUR
1122233;;VPPL;VPREM;5;;;;;;;30;1620;38;6364500;RUR
1122234;;VPPL;RENEWAL_VP;1;;;;;;;30;1982;36;384900;RUR
1122235;;VPPL;AP;5;;;;;;;30;1716;36;2277500;RUR
1122236;;VPPL;AP;1;;;;;;;30;1146;35;652400;RUR
1122237;;VPPL;VP;5;;;;;;;30;1739;36;682000;RUR
1122238;;VPPL;VPREM;5;;;;;;;30;1505;37;5837500;RUR
1122239;;VPPL;VPREM;5;;;;;;;30;1422;36;5304500;RUR
1122240;;VPPL;VP;1;;;;;;;30;1960;35;94700;RUR
1122241;;VPPL;VP;5;;;;;;;30;1704;38;824500;RUR
1122242;;VPPL;VPREM;5;;;;;;;30;1481;36;2849500;RUR
1122243;;VPPL;VPREM;1;;;;;;;30;1187;38;1339900;RUR
1122244;;VPPL;VP;5;;;;;;;30;2173;38;539500;RUR
1122245;;VPPL;RENEWAL_VP;5;;;;;;;30;1000009;35;827000;RUR
1122246;;VPPL;AP;5;;;;;;;30;1146;35;3099500;RUR
1122247;;VPPL;AP;5;;;;;;;30;1620;34;1655500;RUR
1122248;;VPPL;VPREM;1;;;;;;;30;1859;36;1116700;RUR
1122249;;VPPL;VP;1;;;;;;;30;1384;37;185200;RUR
1122250;;VPPL;AP;5;;;;;;;30;1475;34;1599500;RUR
1122251;;VPPL;RENEWAL_VP;1;;;;;;;30;1077;37;450700;RUR
1122252;;VPPL;VP;1;;;;;;;30;1317;38;201100;RUR
1122253;;VPPL;RENEWAL_VP;5;;;;;;;30;1000009;34;827000;RUR
1122254;;VPPL;AP;5;;;;;;;30;2134;34;1599500;RUR
1122255;;VPPL;VP;1;;;;;;;30;1187;36;118600;RUR
1122256;;VPPL;RENEWAL_VP;1;;;;;;;30;1844;34;499800;RUR
1122257;;VPPL;VPREM;5;;;;;;;30;1828;37;5837500;RUR
1122258;;VPPL;AP;5;;;;;;;30;1463;37;2070500;RUR
1122259;;VPPL;VP;1;;;;;;;30;1422;37;115700;RUR
1122260;;VPPL;VP;5;;;;;;;30;1553;38;631000;RUR
1122261;;VPPL;VPREM;5;;;;;;;30;1041;36;5304500;RUR
1122262;;VPPL;RENEWAL_VP;5;;;;;;;30;1347;38;3355500;RUR
1122263;;VPPL;VPREM;1;;;;;;;30;1943;34;949900;RUR
1122264;;VPPL;VPREM;1;;;;;;;30;1077;37;1228900;RUR
1122265;;VPPL;AP;1;;;;;;;30;1624;38;706100;RUR
1122266;;VPPL;AP;5;;;;;;;30;1704;34;1943000;RUR
1122267;;VPPL;VP;5;;;;;;;30;16;36;1009500;RUR
1122268;;VPPL;AP;5;;;;;;;30;1500;35;1690500;RUR
1122269;;VPPL;AP;5;;;;;;;30;1342;38;3355500;RUR
1122270;;VPPL;VPREM;1;;;;;;;30;1975;38;1339900;RUR
1122271;;VPPL;VPREM;1;;;;;;;30;1020;35;1004900;RUR
1122272;;VPPL;RENEWAL_VP;1;;;;;;;30;1471;38;331100;RUR
1122273;;VPPL;RENEWAL_VP;5;;;;;;;30;1090;38;2339500;RUR
1122274;;VPPL;AP;1;;;;;;;30;1255;36;508600;RUR
1122275;;VPPL;AP;5;;;;;;;30;1880;36;1980500;RUR
1122276;;VPPL;RENEWAL_VP;5;;;;;;;30;1261;36;3447000;RUR
1122277;;VPPL;RENEWAL_VP;5;;;;;;;30;1932;36;1947000;RUR
1122278;;VPPL;RENEWAL_VP;5;;;;;;;30;1596;35;2514500;RUR
1122279;;VPPL;VP;5;;;;;;;30;1511;36;851500;RUR
1122280;;VPPL;VPREM;5;;;;;;;30;1020;37;5837500;RUR
1122281;;VPPL;VPREM;5;;;;;;;30;1948;38;6364500;RUR
1122282;;VPPL;VPREM;5;;;;;;;30;1511;38;8055000;RUR
1122283;;VPPL;RENEWAL_VP;5;;;;;;;30;1438;34;2374500;RUR
1122284;;VPPL;VP;5;;;;;;;30;1347;34;724500;RUR
1122285;;VPPL;RENEWAL_VP;5;;;;;;;30;1342;38;3355500;RUR
1122286;;VPPL;VPREM;5;;;;;;;30;11000116;38;3169000;RUR
1122287;;VPPL;RENEWAL_VP;1;;;;;;;30;1422;36;384900;RUR
1122288;;VPPL;RENEWAL_VP;1;;;;;;;30;1913;35;430400;RUR
1122289;;VPPL;AP;5;;;;;;;30;1948;36;2277500;RUR
1122290;;VPPL;VPREM;1;;;;;;;30;1553;34;949900;RUR
1122291;;VPPL;RENEWAL_VP;1;;;;;;;30;1586;34;499800;RUR
1122292;;VPPL;AP;1;;;;;;;30;16;34;757000;RUR
1122293;;VPPL;RENEWAL_VP;1;;;;;;;30;1913;37;527300;RUR
1122294;;VPPL;VPREM;1;;;;;;;30;1880;34;949900;RUR
1122295;;VPPL;AP;1;;;;;;;30;2000231;37;914100;RUR
1122296;;VPPL;AP;1;;;;;;;30;1505;35;367900;RUR
1122297;;VPPL;RENEWAL_VP;1;;;;;;;30;1216;37;423300;RUR
1122298;;VPPL;AP;1;;;;;;;30;1475;36;396000;RUR
1122299;;VPPL;VPREM;5;;;;;;;30;1471;38;2849500;RUR
1122300;;VPPL;VP;5;;;;;;;30;1000009;38;590500;RUR
1122301;;VPPL;AP;1;;;;;;;30;1624;36;588000;RUR
1122302;;VPPL;AP;5;;;;;;;30;1716;38;2736500;RUR
1122303;;VPPL;VPREM;1;;;;;;;30;11000113;37;205100;RUR
1122304;;VPPL;RENEWAL_VP;1;;;;;;;30;1556;34;348300;RUR
1122305;;VPPL;VPREM;5;;;;;;;30;1384;37;6421500;RUR
1122306;;VPPL;AP;5;;;;;;;30;1061;36;1947000;RUR
1122307;;VPPL;AP;1;;;;;;;30;1317;36;550400;RUR
1122308;;VPPL;VP;1;;;;;;;30;2173;38;107900;RUR
1122309;;VPPL;VPREM;5;;;;;;;30;1941;38;6364500;RUR
1122310;;VPPL;AP;5;;;;;;;30;1806;36;2614500;RUR
1122311;;VPPL;VPREM;1;;;;;;;30;1859;38;1339900;RUR
1122312;;VPPL;RENEWAL_VP;1;;;;;;;30;1090;37;450700;RUR
1122313;;VPPL;VP;1;;;;;;;30;1347;36;179300;RUR
1122314;;VPPL;RENEWAL_VP;1;;;;;;;30;1217;38;611100;RUR
1122315;;VPPL;VPREM;5;;;;;;;30;1844;36;6709500;RUR
1122316;;VPPL;VP;1;;;;;;;30;1624;37;197900;RUR
1122317;;VPPL;VPREM;1;;;;;;;30;1342;35;1271800;RUR
1122318;;VPPL;VPREM;5;;;;;;;30;1505;38;6364500;RUR
1122319;;VPPL;RENEWAL_VP;5;;;;;;;30;1932;38;2339500;RUR
1122320;;VPPL;RENEWAL_VP;5;;;;;;;30;1817;35;1778000;RUR
1122321;;VPPL;AP;5;;;;;;;30;2134;36;1881000;RUR
1122322;;VPPL;AP;5;;;;;;;30;1438;35;2514500;RUR
1122323;;VPPL;VP;5;;;;;;;30;1051;36;593000;RUR
1122324;;VPPL;AP;1;;;;;;;30;1913;36;479400;RUR
1122325;;VPPL;RENEWAL_VP;5;;;;;;;30;11000113;36;754000;RUR
1122326;;VPPL;VPREM;5;;;;;;;30;1500;35;2137000;RUR
1122327;;VPPL;VPREM;5;;;;;;;30;2000231;38;11051000;RUR
1122328;;VPPL;AP;5;;;;;;;30;1771;37;2140500;RUR
1122329;;VPPL;RENEWAL_VP;5;;;;;;;30;1202;36;3447000;RUR
1122330;;VPPL;RENEWAL_VP;5;;;;;;;30;1255;36;2416000;RUR
1122331;;VPPL;AP;5;;;;;;;30;1146;36;3447000;RUR
1122332;;VPPL;RENEWAL_VP;1;;;;;;;30;1614;35;430400;RUR
1122333;;VPPL;AP;1;;;;;;;30;1041;37;450700;RUR
1122334;;VPPL;VP;1;;;;;;;30;1008;38;172800;RUR
1122335;;VPPL;VPREM;1;;;;;;;30;2173;36;499900;RUR
1122336;;VPPL;VPREM;5;;;;;;;30;1771;34;4514500;RUR
1122337;;VPPL;RENEWAL_VP;1;;;;;;;30;1943;38;462100;RUR
1122338;;VPPL;RENEWAL_VP;1;;;;;;;30;1661;36;479400;RUR
1122339;;VPPL;RENEWAL_VP;5;;;;;;;30;1844;36;2793000;RUR
1122340;;VPPL;AP;5;;;;;;;30;1169;35;1690500;RUR
1122341;;VPPL;VP;1;;;;;;;30;1948;34;121900;RUR
1122342;;VPPL;VP;5;;;;;;;30;1890;35;614500;RUR
1122343;;VPPL;RENEWAL_VP;5;;;;;;;30;1308;35;1641000;RUR
1122344;;VPPL;VPREM;1;;;;;;;30;1620;37;1228900;RUR
1122345;;VPPL;VPREM;1;;;;;;;30;1511;35;1271800;RUR
1122346;;VPPL;AP;5;;;;;;;30;1434;36;1881000;RUR
1122347;;VPPL;VP;1;;;;;;;30;1261;37;254800;RUR
1122348;;VPPL;VP;1;;;;;;;30;1216;36;105200;RUR
1122349;;VPPL;AP;5;;;;;;;30;10000112;38;2106500;RUR
1122350;;VPPL;RENEWAL_VP;1;;;;;;;30;1679;35;495500;RUR
1122351;;VPPL;VP;1;;;;;;;30;1249;38;214900;RUR
1122352;;VPPL;RENEWAL_VP;1;;;;;;;30;2000231;34;706200;RUR
1122353;;VPPL;VPREM;5;;;;;;;30;1620;35;4773500;RUR
1122354;;VPPL;VPREM;5;;;;;;;30;1948;36;5304500;RUR
1122355;;VPPL;VP;5;;;;;;;30;1475;35;465000;RUR
1122356;;VPPL;VPREM;1;;;;;;;30;1008;38;1339900;RUR
1122357;;VPPL;VP;1;;;;;;;30;1118;38;142400;RUR
1122358;;VPPL;RENEWAL_VP;5;;;;;;;30;1771;34;1655500;RUR
1122359;;VPPL;VP;1;;;;;;;30;1103;37;158500;RUR
1122360;;VPPL;AP;1;;;;;;;30;2000236;36;667200;RUR
1122361;;VPPL;RENEWAL_VP;5;;;;;;;30;1982;37;2010500;RUR
1122362;;VPPL;AP;1;;;;;;;30;1000009;35;433200;RUR
1122363;;VPPL;VP;1;;;;;;;30;1255;36;158900;RUR
1122364;;VPPL;VPREM;5;;;;;;;30;1124;38;8055000;RUR
1122365;;VPPL;VPREM;1;;;;;;;30;1217;35;1004900;RUR
1122366;;VPPL;RENEWAL_VP;1;;;;;;;30;1596;34;499800;RUR
1122367;;VPPL;RENEWAL_VP;5;;;;;;;30;2155;37;1253500;RUR
1122368;;VPPL;RENEWAL_VP;1;;;;;;;30;1090;34;348300;RUR
1122369;;VPPL;RENEWAL_VP;5;;;;;;;30;1556;38;2339500;RUR
1122370;;VPPL;VPREM;1;;;;;;;30;1859;37;1228900;RUR
1122371;;VPPL;RENEWAL_VP;1;;;;;;;30;1905;36;409900;RUR
1122372;;VPPL;RENEWAL_VP;1;;;;;;;30;1960;34;327100;RUR
1122373;;VPPL;AP;5;;;;;;;30;1146;38;4135500;RUR
1122374;;VPPL;VP;5;;;;;;;30;1844;36;851500;RUR
1122375;;VPPL;AP;5;;;;;;;30;1556;37;2140500;RUR
1122376;;VPPL;VP;5;;;;;;;30;1020;38;912000;RUR
1122377;;VPPL;AP;1;;;;;;;30;1575;38;576000;RUR
1122378;;VPPL;RENEWAL_VP;1;;;;;;;30;1754;34;408100;RUR
1122379;;VPPL;VPREM;5;;;;;;;30;1255;34;4514500;RUR
1122380;;VPPL;VPREM;5;;;;;;;30;1806;35;5253000;RUR
1122381;;VPPL;RENEWAL_VP;5;;;;;;;30;2173;37;1253500;RUR
1122382;;VPPL;VP;1;;;;;;;30;1704;36;143600;RUR
1122383;;VPPL;RENEWAL_VP;1;;;;;;;30;1859;35;430400;RUR
1122384;;VPPL;VPREM;1;;;;;;;30;1118;35;1004900;RUR
1122385;;VPPL;VP;5;;;;;;;30;1174;35;473500;RUR
1122386;;VPPL;AP;1;;;;;;;30;1041;34;348300;RUR
1122387;;VPPL;AP;1;;;;;;;30;11000116;35;1181900;RUR
1122388;;VPPL;RENEWAL_VP;5;;;;;;;30;1586;35;2514500;RUR
1122389;;VPPL;RENEWAL_VP;5;;;;;;;30;1008;36;2277500;RUR
1122390;;VPPL;VP;5;;;;;;;30;1586;35;769000;RUR
1122391;;VPPL;RENEWAL_VP;1;;;;;;;30;10000112;35;262200;RUR
1122392;;VPPL;AP;5;;;;;;;30;1982;37;2070500;RUR
1122393;;VPPL;VP;1;;;;;;;30;1249;35;161900;RUR
1122394;;VPPL;VP;1;;;;;;;30;2173;35;80900;RUR
1122395;;VPPL;VP;5;;;;;;;30;1202;36;1095500;RUR
1122396;;VPPL;VP;1;;;;;;;30;1261;34;195800;RUR
1122397;;VPPL;RENEWAL_VP;1;;;;;;;30;1261;34;617000;RUR
1122398;;VPPL;AP;5;;;;;;;30;1511;34;2374500;RUR
1122399;;VPPL;RENEWAL_VP;1;;;;;;;30;2000232;36;756300;RUR
1122400;;VPPL;RENEWAL_VP;5;;;;;;;30;1783;37;2504500;RUR
1122401;;VPPL;VP;1;;;;;;;30;1511;34;152400;RUR
1122402;;VPPL;VP;1;;;;;;;30;1174;34;90000;RUR
1122403;;VPPL;AP;1;;;;;;;30;11000116;36;1181900;RUR
1122404;;VPPL;AP;5;;;;;;;30;2114;38;3141000;RUR
1122405;;VPPL;VPREM;5;;;;;;;30;2173;34;2018000;RUR
1122406;;VPPL;RENEWAL_VP;1;;;;;;;30;1216;35;345500;RUR
1122407;;VPPL;VPREM;1;;;;;;;30;1913;35;1004900;RUR
1122408;;VPPL;AP;1;;;;;;;30;11000116;38;1181900;RUR
1122409;;VPPL;VP;1;;;;;;;30;1077;35;107400;RUR
1122410;;VPPL;VP;1;;;;;;;30;1754;34;121900;RUR
1122411;;VPPL;RENEWAL_VP;5;;;;;;;30;1716;37;2504500;RUR
1122412;;VPPL;RENEWAL_VP;5;;;;;;;30;1308;34;1554500;RUR
1122413;;VPPL;VPREM;5;;;;;;;30;1146;35;7412500;RUR
1122414;;VPPL;VP;5;;;;;;;30;1844;34;724500;RUR
1122415;;VPPL;AP;5;;;;;;;30;1471;38;2264500;RUR
1122416;;VPPL;AP;1;;;;;;;30;1438;37;644900;RUR
1122417;;VPPL;VPREM;5;;;;;;;30;1844;38;8055000;RUR
1122418;;VPPL;VPREM;5;;;;;;;30;1946;35;4773500;RUR
1122419;;VPPL;AP;5;;;;;;;30;1077;34;1655500;RUR
1122420;;VPPL;RENEWAL_VP;5;;;;;;;30;1553;36;1828500;RUR
1122421;;VPPL;RENEWAL_VP;5;;;;;;;30;1646;34;1943000;RUR
1122422;;VPPL;AP;1;;;;;;;30;1255;35;456600;RUR
1122423;;VPPL;RENEWAL_VP;1;;;;;;;30;11000118;36;494300;RUR
1122424;;VPPL;VPREM;1;;;;;;;30;11000118;38;704700;RUR
1122425;;VPPL;VPREM;1;;;;;;;30;1511;36;1412700;RUR
1122426;;VPPL;VPREM;5;;;;;;;30;1553;34;4514500;RUR
1122427;;VPPL;RENEWAL_VP;5;;;;;;;30;1192;36;1947000;RUR
1122428;;VPPL;RENEWAL_VP;5;;;;;;;30;1614;38;2736500;RUR
1122429;;VPPL;VP;1;;;;;;;30;1975;34;121900;RUR
1122430;;VPPL;RENEWAL_VP;5;;;;;;;30;2000231;38;4735000;RUR
1122431;;VPPL;VPREM;1;;;;;;;30;1000009;37;275700;RUR
1122432;;VPPL;VP;1;;;;;;;30;1586;37;197900;RUR
1122433;;VPPL;VP;1;;;;;;;30;1308;36;105200;RUR
1122434;;VPPL;AP;5;;;;;;;30;1586;35;2514500;RUR
1122435;;VPPL;AP;1;;;;;;;30;1975;36;479400;RUR
1122436;;VPPL;VPREM;5;;;;;;;30;1890;35;4773500;RUR
1122437;;VPPL;VPREM;1;;;;;;;30;1880;35;1004900;RUR
1122438;;VPPL;RENEWAL_VP;5;;;;;;;30;1505;35;1747500;RUR
1122439;;VPPL;VPREM;5;;;;;;;30;1020;35;4773500;RUR
1122440;;VPPL;RENEWAL_VP;5;;;;;;;30;2000231;34;3354000;RUR
1122441;;VPPL;AP;1;;;;;;;30;1505;34;348300;RUR
1122442;;VPPL;VP;1;;;;;;;30;1905;37;131100;RUR
1122443;;VPPL;AP;5;;;;;;;30;1943;36;1881000;RUR
1122444;;VPPL;RENEWAL_VP;5;;;;;;;30;1500;36;1310500;RUR
1122445;;VPPL;VPREM;5;;;;;;;30;1438;34;5709000;RUR
1122446;;VPPL;VPREM;5;;;;;;;30;1898;36;5304500;RUR
1122447;;VPPL;AP;1;;;;;;;30;11000118;37;1181900;RUR
1122448;;VPPL;VP;1;;;;;;;30;1624;36;179300;RUR
1122449;;VPPL;VPREM;5;;;;;;;30;1982;38;6364500;RUR
1122450;;VPPL;AP;5;;;;;;;30;1905;37;2140500;RUR
1122451;;VPPL;AP;1;;;;;;;30;1960;38;475900;RUR
1122452;;VPPL;RENEWAL_VP;5;;;;;;;30;2114;35;2353500;RUR
1122453;;VPPL;VPREM;5;;;;;;;30;1500;36;2374500;RUR
1122454;;VPPL;RENEWAL_VP;1;;;;;;;30;1783;37;527300;RUR
1122455;;VPPL;AP;1;;;;;;;30;1575;35;430400;RUR
1122456;;VPPL;RENEWAL_VP;1;;;;;;;30;1041;34;348300;RUR
1122457;;VPPL;RENEWAL_VP;1;;;;;;;30;1424;38;331100;RUR
1122458;;VPPL;RENEWAL_VP;5;;;;;;;30;1679;34;2222500;RUR
1122459;;VPPL;AP;1;;;;;;;30;1249;38;706100;RUR
1122460;;VPPL;VPREM;1;;;;;;;30;1217;36;1116700;RUR
1122461;;VPPL;VP;1;;;;;;;30;1859;35;129400;RUR
1122462;;VPPL;VP;5;;;;;;;30;1438;34;724500;RUR
1122463;;VPPL;VPREM;5;;;;;;;30;1511;34;5709000;RUR
1122464;;VPPL;RENEWAL_VP;5;;;;;;;30;1586;38;3355500;RUR
1122465;;VPPL;VPREM;1;;;;;;;30;1620;38;1339900;RUR
1122466;;VPPL;VP;5;;;;;;;30;1187;35;537000;RUR
1122467;;VPPL;AP;1;;;;;;;30;1553;38;475900;RUR
1122468;;VPPL;RENEWAL_VP;5;;;;;;;30;1771;36;1947000;RUR
1122469;;VPPL;VP;1;;;;;;;30;1481;36;157700;RUR
1122470;;VPPL;VP;5;;;;;;;30;1202;38;1317000;RUR
1122471;;VPPL;RENEWAL_VP;1;;;;;;;30;1828;35;319900;RUR
1122472;;VPPL;AP;5;;;;;;;30;1103;36;2277500;RUR
1122473;;VPPL;RENEWAL_VP;5;;;;;;;30;1511;34;2374500;RUR
1122474;;VPPL;AP;5;;;;;;;30;1614;34;1943000;RUR
1122475;;VPPL;VPREM;1;;;;;;;30;2000231;38;2326300;RUR
1122476;;VPPL;AP;1;;;;;;;30;1124;34;499800;RUR
1122477;;VPPL;AP;1;;;;;;;30;1661;35;430400;RUR
1122478;;VPPL;AP;1;;;;;;;30;1620;37;450700;RUR
1122479;;VPPL;RENEWAL_VP;1;;;;;;;30;2000236;38;600500;RUR
1122480;;VPPL;AP;5;;;;;;;30;16;36;3331000;RUR
1122481;;VPPL;VPREM;1;;;;;;;30;1008;37;1228900;RUR
1122482;;VPPL;VP;1;;;;;;;30;1438;38;214900;RUR
1122483;;VPPL;RENEWAL_VP;5;;;;;;;30;1342;35;2514500;RUR
1122484;;VPPL;VPREM;1;;;;;;;30;1880;37;1228900;RUR
1122485;;VPPL;VPREM;5;;;;;;;30;1511;36;6709500;RUR
1122486;;VPPL;AP;5;;;;;;;30;1505;37;2140500;RUR
1122487;;VPPL;VP;5;;;;;;;30;1783;34;581500;RUR
1122488;;VPPL;RENEWAL_VP;5;;;;;;;30;1890;36;2277500;RUR
1122489;;VPPL;VP;5;;;;;;;30;1704;37;753000;RUR
1122490;;VPPL;AP;5;;;;;;;30;1090;34;1655500;RUR
1122491;;VPPL;VPREM;1;;;;;;;30;1679;38;1473900;RUR
1122492;;VPPL;VPREM;5;;;;;;;30;10000112;37;1350000;RUR
1122493;;VPPL;RENEWAL_VP;1;;;;;;;30;2000231;37;914100;RUR
1122494;;VPPL;RENEWAL_VP;5;;;;;;;30;1646;35;2044500;RUR
1122495;;VPPL;VP;1;;;;;;;30;1308;37;115700;RUR
1122496;;VPPL;AP;1;;;;;;;30;1000009;38;433200;RUR
1122497;;VPPL;VP;5;;;;;;;30;1500;37;568500;RUR
1122498;;VPPL;RENEWAL_VP;5;;;;;;;30;11000116;34;2227000;RUR
1122499;;VPPL;AP;1;;;;;;;30;1261;38;870700;RUR
1122500;;VPPL;AP;5;;;;;;;30;1229;34;1943000;RUR
1122501;;VPPL;VP;1;;;;;;;30;1556;34;101100;RUR
1122502;;VPPL;RENEWAL_VP;5;;;;;;;30;1317;35;2353500;RUR
1122503;;VPPL;AP;1;;;;;;;30;1556;37;450700;RUR
1122504;;VPPL;RENEWAL_VP;5;;;;;;;30;1913;34;1943000;RUR
1122505;;VPPL;RENEWAL_VP;5;;;;;;;30;1216;35;1641000;RUR
1122506;;VPPL;AP;5;;;;;;;30;1384;34;2222500;RUR
1122507;;VPPL;AP;5;;;;;;;30;1103;37;2504500;RUR
1122508;;VPPL;VPREM;1;;;;;;;30;1828;38;1339900;RUR
1122509;;VPPL;VPREM;1;;;;;;;30;1624;34;1201600;RUR
1122510;;VPPL;VP;1;;;;;;;30;1739;35;129400;RUR
1122511;;VPPL;AP;5;;;;;;;30;1202;38;4135500;RUR
1122512;;VPPL;VPREM;1;;;;;;;30;1020;34;949900;RUR
1122513;;VPPL;AP;1;;;;;;;30;1216;34;336900;RUR
1122514;;VPPL;AP;1;;;;;;;30;1347;34;499800;RUR
1122515;;VPPL;RENEWAL_VP;1;;;;;;;30;1077;35;367900;RUR
1122516;;VPPL;VPREM;5;;;;;;;30;1438;38;8055000;RUR
1122517;;VPPL;VP;5;;;;;;;30;2209;36;449500;RUR
1122518;;VPPL;AP;5;;;;;;;30;1174;38;2264500;RUR
1122519;;VPPL;RENEWAL_VP;1;;;;;;;30;11000116;38;494300;RUR
1122520;;VPPL;VPREM;5;;;;;;;30;1679;38;7004500;RUR
1122521;;VPPL;VP;1;;;;;;;30;1475;35;93000;RUR
1122522;;VPPL;AP;5;;;;;;;30;1898;36;1947000;RUR
1122523;;VPPL;VP;5;;;;;;;30;1511;34;724500;RUR
1122524;;VPPL;AP;1;;;;;;;30;1806;36;550400;RUR
1122525;;VPPL;VPREM;5;;;;;;;30;1624;35;6041000;RUR
1122526;;VPPL;AP;1;;;;;;;30;2000232;35;680100;RUR
1122527;;VPPL;VP;5;;;;;;;30;1308;36;526000;RUR
1122528;;VPPL;RENEWAL_VP;5;;;;;;;30;2000236;37;2603000;RUR
1122529;;VPPL;RENEWAL_VP;5;;;;;;;30;1308;36;1828500;RUR
1122530;;VPPL;VPREM;5;;;;;;;30;1008;37;5837500;RUR
1122531;;VPPL;VPREM;5;;;;;;;30;1806;36;5834500;RUR
1122532;;VPPL;AP;5;;;;;;;30;1553;34;1599500;RUR
1122533;;VPPL;AP;5;;;;;;;30;1754;35;2044500;RUR
1122534;;VPPL;VPREM;5;;;;;;;30;1844;34;5709000;RUR
1122535;;VPPL;VPREM;1;;;;;;;30;2114;37;1351900;RUR
1122536;;VPPL;RENEWAL_VP;1;;;;;;;30;2173;36;239900;RUR
1122537;;VPPL;AP;5;;;;;;;30;1041;38;2339500;RUR
1122538;;VPPL;RENEWAL_VP;1;;;;;;;30;1169;34;327100;RUR
1122539;;VPPL;RENEWAL_VP;5;;;;;;;30;1646;37;2504500;RUR
1122540;;VPPL;RENEWAL_VP;5;;;;;;;30;1946;34;1554500;RUR
1122541;;VPPL;VPREM;1;;;;;;;30;1308;38;1339900;RUR
1122542;;VPPL;VP;5;;;;;;;30;1061;35;537000;RUR
1122543;;VPPL;VPREM;1;;;;;;;30;1475;37;549900;RUR
1122544;;VPPL;RENEWAL_VP;5;;;;;;;30;1020;36;2416000;RUR
1122545;;VPPL;VPREM;1;;;;;;;30;1941;36;1116700;RUR
1122546;;VPPL;RENEWAL_VP;1;;;;;;;30;1255;37;559400;RUR
1122547;;VPPL;VP;1;;;;;;;30;1586;36;179300;RUR
1122548;;VPPL;VPREM;5;;;;;;;30;1481;34;2421500;RUR
1122549;;VPPL;VP;1;;;;;;;30;1960;34;90000;RUR
1122550;;VPPL;VPREM;5;;;;;;;30;1000009;36;1181500;RUR
1122551;;VPPL;VPREM;5;;;;;;;30;1652;38;6364500;RUR
1122552;;VPPL;VPREM;5;;;;;;;30;1317;36;5834500;RUR
1122553;;VPPL;VP;1;;;;;;;30;2173;34;76900;RUR
1122554;;VPPL;VPREM;5;;;;;;;30;1880;37;5837500;RUR
1122555;;VPPL;VP;1;;;;;;;30;1216;35;94700;RUR
1122556;;VPPL;VP;5;;;;;;;30;1216;36;526000;RUR
1122557;;VPPL;RENEWAL_VP;1;;;;;;;30;1586;36;588000;RUR
1122558;;VPPL;AP;5;;;;;;;30;1614;35;2044500;RUR
1122559;;VPPL;VPREM;1;;;;;;;30;1943;37;1228900;RUR
1122560;;VPPL;AP;1;;;;;;;30;1890;35;430400;RUR
1122561;;VPPL;RENEWAL_VP;5;;;;;;;30;1652;35;2044500;RUR
1122562;;VPPL;VP;1;;;;;;;30;1941;35;94700;RUR
1122563;;VPPL;VPREM;1;;;;;;;30;1103;37;1228900;RUR
1122564;;VPPL;VP;5;;;;;;;30;1463;34;442000;RUR
1122565;;VPPL;VPREM;5;;;;;;;30;1511;37;7384500;RUR
1122566;;VPPL;RENEWAL_VP;5;;;;;;;30;1342;37;3063000;RUR
1122567;;VPPL;VP;5;;;;;;;30;1530;38;1018000;RUR
1122568;;VPPL;RENEWAL_VP;1;;;;;;;30;11000113;34;158700;RUR
1122569;;VPPL;RENEWAL_VP;1;;;;;;;30;1020;36;508600;RUR
1122570;;VPPL;RENEWAL_VP;1;;;;;;;30;1739;36;479400;RUR
1122571;;VPPL;VP;1;;;;;;;30;1422;35;94700;RUR
1122572;;VPPL;VP;5;;;;;;;30;1943;37;578500;RUR
1122573;;VPPL;VP;5;;;;;;;30;1424;37;568500;RUR
1122574;;VPPL;VP;5;;;;;;;30;1817;36;603500;RUR
1122575;;VPPL;RENEWAL_VP;5;;;;;;;30;1434;36;1310500;RUR
1122576;;VPPL;VP;1;;;;;;;30;2000236;34;183000;RUR
1122577;;VPPL;VP;5;;;;;;;30;1563;34;643000;RUR
1122578;;VPPL;RENEWAL_VP;1;;;;;;;30;1941;38;462100;RUR
1122579;;VPPL;VPREM;5;;;;;;;30;2114;35;5253000;RUR
1122580;;VPPL;VP;1;;;;;;;30;2000231;35;219500;RUR
1122581;;VPPL;VP;1;;;;;;;30;1174;37;115700;RUR
1122582;;VPPL;AP;1;;;;;;;30;1652;34;408100;RUR
1122583;;VPPL;AP;1;;;;;;;30;2000232;37;833800;RUR
1122584;;VPPL;VPREM;5;;;;;;;30;1530;36;6709500;RUR
1122585;;VPPL;VPREM;5;;;;;;;30;11000118;36;3169000;RUR
1122586;;VPPL;VP;1;;;;;;;30;2209;37;98900;RUR
1122587;;VPPL;RENEWAL_VP;5;;;;;;;30;1575;38;2736500;RUR
1122588;;VPPL;VPREM;5;;;;;;;30;1563;36;5304500;RUR
1122589;;VPPL;RENEWAL_VP;5;;;;;;;30;1169;35;1641000;RUR
1122590;;VPPL;AP;1;;;;;;;30;1946;34;336900;RUR
1122591;;VPPL;VP;5;;;;;;;30;1422;35;473500;RUR
1122592;;VPPL;VPREM;5;;;;;;;30;1202;37;9059000;RUR
1122593;;VPPL;VPREM;1;;;;;;;30;1530;34;1201600;RUR
1122594;;VPPL;AP;1;;;;;;;30;1187;34;348300;RUR
1122595;;VPPL;AP;1;;;;;;;30;1229;37;527300;RUR
1122596;;VPPL;VPREM;1;;;;;;;30;1202;37;1907200;RUR
1122597;;VPPL;RENEWAL_VP;5;;;;;;;30;1716;35;2044500;RUR
1122598;;VPPL;VPREM;5;;;;;;;30;1817;36;5304500;RUR
1122599;;VPPL;VPREM;1;;;;;;;30;1511;37;1554700;RUR
1122600;;VPPL;VPREM;1;;;;;;;30;1652;36;1116700;RUR
1122601;;VPPL;AP;5;;;;;;;30;2155;35;1690500;RUR
1122602;;VPPL;RENEWAL_VP;5;;;;;;;30;1255;34;2061000;RUR
1122603;;VPPL;RENEWAL_VP;1;;;;;;;30;1187;35;367900;RUR
1122604;;VPPL;VP;1;;;;;;;30;1505;38;142400;RUR
1122605;;VPPL;RENEWAL_VP;1;;;;;;;30;1317;34;467800;RUR
1122606;;VPPL;VP;5;;;;;;;30;1061;37;655500;RUR
1122607;;VPPL;AP;1;;;;;;;30;1652;38;576000;RUR
1122608;;VPPL;VP;1;;;;;;;30;1844;36;179300;RUR
1122609;;VPPL;AP;1;;;;;;;30;1424;35;355900;RUR
1122610;;VPPL;AP;1;;;;;;;30;1475;37;435900;RUR
1122611;;VPPL;AP;5;;;;;;;30;1898;34;1655500;RUR
1122612;;VPPL;VPREM;1;;;;;;;30;1255;35;1004900;RUR
1122613;;VPPL;RENEWAL_VP;1;;;;;;;30;1624;38;706100;RUR
1122614;;VPPL;RENEWAL_VP;5;;;;;;;30;11000116;37;2227000;RUR
1122615;;VPPL;VPREM;5;;;;;;;30;1061;34;4514500;RUR
1122616;;VPPL;VP;1;;;;;;;30;1077;38;142400;RUR
1122617;;VPPL;VP;1;;;;;;;30;1090;38;142400;RUR
1122618;;VPPL;VPREM;1;;;;;;;30;1317;37;1351900;RUR
1122619;;VPPL;AP;5;;;;;;;30;1342;35;2514500;RUR
1122620;;VPPL;VPREM;1;;;;;;;30;1216;34;949900;RUR
1122621;;VPPL;AP;1;;;;;;;30;2000231;38;996900;RUR
1122622;;VPPL;VPREM;1;;;;;;;30;1817;34;949900;RUR
1122623;;VPPL;AP;5;;;;;;;30;2173;35;1690500;RUR
1122624;;VPPL;VP;1;;;;;;;30;1061;37;131100;RUR
1122625;;VPPL;VPREM;5;;;;;;;30;2114;36;5834500;RUR
1122626;;VPPL;AP;5;;;;;;;30;1051;38;2339500;RUR
1122627;;VPPL;AP;1;;;;;;;30;1614;36;479400;RUR
1122628;;VPPL;VPREM;1;;;;;;;30;1481;35;539900;RUR
1122629;;VPPL;RENEWAL_VP;5;;;;;;;30;1679;35;2353500;RUR
1122630;;VPPL;AP;5;;;;;;;30;1192;38;2339500;RUR
1122631;;VPPL;VPREM;5;;;;;;;30;1216;37;5837500;RUR
1122632;;VPPL;AP;5;;;;;;;30;1975;36;2277500;RUR
1122633;;VPPL;VP;5;;;;;;;30;2155;38;539500;RUR
1122634;;VPPL;VP;5;;;;;;;30;1806;38;953000;RUR
1122635;;VPPL;AP;1;;;;;;;30;2114;35;495500;RUR
1122636;;VPPL;AP;1;;;;;;;30;1471;38;475900;RUR
1122637;;VPPL;VP;1;;;;;;;30;1103;35;129400;RUR
1122638;;VPPL;VPREM;5;;;;;;;30;1596;37;7384500;RUR
1122639;;VPPL;VP;1;;;;;;;30;2000232;37;263400;RUR
1122640;;VPPL;VPREM;5;;;;;;;30;1124;34;5709000;RUR
1122641;;VPPL;VPREM;5;;;;;;;30;1146;38;9881500;RUR
1122642;;VPPL;VPREM;5;;;;;;;30;1434;34;2018000;RUR
1122643;;VPPL;AP;1;;;;;;;30;1077;34;348300;RUR
1122644;;VPPL;VP;1;;;;;;;30;1948;36;143600;RUR
1122645;;VPPL;RENEWAL_VP;1;;;;;;;30;1500;37;303500;RUR
1122646;;VPPL;AP;5;;;;;;;30;2000236;36;3057500;RUR
1122647;;VPPL;RENEWAL_VP;5;;;;;;;30;1704;36;2277500;RUR
1122648;;VPPL;RENEWAL_VP;5;;;;;;;30;1463;34;1115000;RUR
1122649;;VPPL;AP;5;;;;;;;30;1169;34;1599500;RUR
1122650;;VPPL;AP;1;;;;;;;30;1739;38;576000;RUR
1122651;;VPPL;AP;1;;;;;;;30;1624;34;499800;RUR
1122652;;VPPL;RENEWAL_VP;1;;;;;;;30;1975;37;527300;RUR
1122653;;VPPL;RENEWAL_VP;1;;;;;;;30;1771;37;450700;RUR
1122654;;VPPL;VP;1;;;;;;;30;1384;38;201100;RUR
1122655;;VPPL;RENEWAL_VP;1;;;;;;;30;1859;38;576000;RUR
1122656;;VPPL;AP;5;;;;;;;30;1806;34;2222500;RUR
1122657;;VPPL;RENEWAL_VP;5;;;;;;;30;1614;35;2044500;RUR
1122658;;VPPL;RENEWAL_VP;5;;;;;;;30;1739;38;2736500;RUR
1122659;;VPPL;VP;1;;;;;;;30;1704;37;158500;RUR
1122660;;VPPL;VPREM;1;;;;;;;30;1422;34;949900;RUR
1122661;;VPPL;AP;5;;;;;;;30;1187;34;1655500;RUR
1122662;;VPPL;VPREM;5;;;;;;;30;1424;37;2612000;RUR
1122663;;VPPL;VP;1;;;;;;;30;1347;38;214900;RUR
1122664;;VPPL;RENEWAL_VP;1;;;;;;;30;1216;38;462100;RUR
1122665;;VPPL;VP;5;;;;;;;30;1975;38;824500;RUR
1122666;;VPPL;AP;1;;;;;;;30;1563;34;433000;RUR
1122667;;VPPL;AP;5;;;;;;;30;1828;37;2070500;RUR
1122668;;VPPL;RENEWAL_VP;5;;;;;;;30;1661;35;2044500;RUR
1122669;;VPPL;RENEWAL_VP;5;;;;;;;30;1828;35;1519500;RUR
1122670;;VPPL;AP;5;;;;;;;30;1941;38;2264500;RUR
1122671;;VPPL;RENEWAL_VP;5;;;;;;;30;1941;35;1641000;RUR
1122672;;VPPL;RENEWAL_VP;1;;;;;;;30;1317;38;660900;RUR
1122673;;VPPL;VPREM;5;;;;;;;30;1077;37;5837500;RUR
1122674;;VPPL;VP;5;;;;;;;30;1090;36;593000;RUR
1122675;;VPPL;RENEWAL_VP;5;;;;;;;30;1500;35;1179500;RUR
1122676;;VPPL;VP;1;;;;;;;30;1475;34;88400;RUR
1122677;;VPPL;AP;1;;;;;;;30;1946;36;396000;RUR
1122678;;VPPL;AP;1;;;;;;;30;1146;37;799900;RUR
1122679;;VPPL;VP;5;;;;;;;30;2114;37;880000;RUR
1122680;;VPPL;AP;5;;;;;;;30;1563;37;2657000;RUR
1122681;;VPPL;VPREM;5;;;;;;;30;1646;35;4773500;RUR
1122682;;VPPL;VP;5;;;;;;;30;1077;37;655500;RUR
1122683;;VPPL;VPREM;1;;;;;;;30;1041;37;1228900;RUR
1122684;;VPPL;VPREM;1;;;;;;;30;1505;34;949900;RUR
1122685;;VPPL;AP;1;;;;;;;30;1118;38;492100;RUR
1122686;;VPPL;RENEWAL_VP;5;;;;;;;30;1008;35;2044500;RUR
1122687;;VPPL;VPREM;1;;;;;;;30;1118;34;949900;RUR
1122688;;VPPL;VP;1;;;;;;;30;1202;35;206600;RUR
1122689;;VPPL;VPREM;1;;;;;;;30;1586;36;1412700;RUR
1122690;;VPPL;RENEWAL_VP;5;;;;;;;30;1771;37;2140500;RUR
1122691;;VPPL;VP;5;;;;;;;30;1438;36;851500;RUR
1122692;;VPPL;RENEWAL_VP;5;;;;;;;30;1229;36;2277500;RUR
1122693;;VPPL;VP;5;;;;;;;30;1739;34;581500;RUR
1122694;;VPPL;RENEWAL_VP;1;;;;;;;30;1739;38;576000;RUR
1122695;;VPPL;AP;1;;;;;;;30;1511;35;529400;RUR
1122696;;VPPL;VP;5;;;;;;;30;16;38;1009500;RUR
1122697;;VPPL;VPREM;5;;;;;;;30;1438;37;7384500;RUR
1122698;;VPPL;RENEWAL_VP;5;;;;;;;30;1661;36;2277500;RUR
1122699;;VPPL;AP;1;;;;;;;30;1169;36;396000;RUR
1122700;;VPPL;AP;1;;;;;;;30;1216;35;355900;RUR
1122701;;VPPL;AP;5;;;;;;;30;1342;34;2374500;RUR
1122702;;VPPL;RENEWAL_VP;5;;;;;;;30;1384;35;2353500;RUR
1122703;;VPPL;AP;1;;;;;;;30;1704;35;430400;RUR
1122704;;VPPL;VP;5;;;;;;;30;1859;35;614500;RUR
1122705;;VPPL;VP;5;;;;;;;30;2000236;34;872500;RUR
1122706;;VPPL;VPREM;1;;;;;;;30;1624;38;1695000;RUR
1122707;;VPPL;VP;5;;;;;;;30;1661;38;824500;RUR
1122708;;VPPL;RENEWAL_VP;1;;;;;;;30;1505;34;348300;RUR
1122709;;VPPL;AP;1;;;;;;;30;1553;37;435900;RUR
1122710;;VPPL;AP;1;;;;;;;30;1216;38;475900;RUR
1122711;;VPPL;AP;5;;;;;;;30;1216;38;2264500;RUR
1122712;;VPPL;VPREM;5;;;;;;;30;1530;37;7384500;RUR
1122713;;VPPL;AP;1;;;;;;;30;1511;34;499800;RUR
1122714;;VPPL;VPREM;5;;;;;;;30;1828;34;4514500;RUR
1122715;;VPPL;VPREM;1;;;;;;;30;1898;37;1228900;RUR
1122716;;VPPL;VP;5;;;;;;;30;1216;37;578500;RUR
1122717;;VPPL;AP;1;;;;;;;30;1817;35;374300;RUR
1122718;;VPPL;VPREM;1;;;;;;;30;1932;38;1339900;RUR
1122719;;VPPL;VP;1;;;;;;;30;1905;36;118600;RUR
1122720;;VPPL;RENEWAL_VP;5;;;;;;;30;2155;38;1369500;RUR
1122721;;VPPL;VPREM;1;;;;;;;30;1249;35;1271800;RUR
1122722;;VPPL;VP;5;;;;;;;30;2155;37;494500;RUR
1122723;;VPPL;VPREM;1;;;;;;;30;1586;37;1554700;RUR
1122724;;VPPL;AP;5;;;;;;;30;1471;34;1599500;RUR
1122725;;VPPL;VP;1;;;;;;;30;1553;34;90000;RUR
1122726;;VPPL;AP;1;;;;;;;30;1511;38;706100;RUR
1122727;;VPPL;RENEWAL_VP;1;;;;;;;30;10000112;34;262200;RUR
1122728;;VPPL;RENEWAL_VP;1;;;;;;;30;1481;34;318600;RUR
1122729;;VPPL;AP;1;;;;;;;30;1646;37;527300;RUR
1122730;;VPPL;AP;5;;;;;;;30;2114;37;2867000;RUR
1122731;;VPPL;RENEWAL_VP;5;;;;;;;30;1463;38;1575000;RUR
1122732;;VPPL;VPREM;5;;;;;;;30;1041;35;4773500;RUR
1122733;;VPPL;VP;1;;;;;;;30;1941;34;90000;RUR
1122734;;VPPL;VP;1;;;;;;;30;1347;34;152400;RUR
1122735;;VPPL;VP;1;;;;;;;30;11000118;37;154200;RUR
1122736;;VPPL;VPREM;5;;;;;;;30;11000113;36;974500;RUR
1122737;;VPPL;VP;1;;;;;;;30;1090;35;107400;RUR
1122738;;VPPL;AP;1;;;;;;;30;1943;37;435900;RUR
1122739;;VPPL;VP;5;;;;;;;30;1828;36;474500;RUR
1122740;;VPPL;VPREM;5;;;;;;;30;2134;36;2374500;RUR
1122741;;VPPL;AP;5;;;;;;;30;1679;36;2614500;RUR
1122742;;VPPL;VPREM;5;;;;;;;30;1463;38;2849500;RUR
1122743;;VPPL;VPREM;1;;;;;;;30;1020;37;1228900;RUR
1122744;;VPPL;VP;5;;;;;;;30;11000116;38;697500;RUR
1122745;;VPPL;VPREM;1;;;;;;;30;1174;38;1339900;RUR
1122746;;VPPL;AP;1;;;;;;;30;1806;35;495500;RUR
1122747;;VPPL;RENEWAL_VP;1;;;;;;;30;1146;38;870700;RUR
1122748;;VPPL;VP;5;;;;;;;30;1932;37;655500;RUR
1122749;;VPPL;AP;5;;;;;;;30;1249;38;3355500;RUR
1122750;;VPPL;RENEWAL_VP;5;;;;;;;30;1463;36;1310500;RUR
1122751;;VPPL;AP;5;;;;;;;30;1041;36;1947000;RUR
1122752;;VPPL;AP;1;;;;;;;30;1624;35;529400;RUR
1122753;;VPPL;AP;5;;;;;;;30;1174;36;1881000;RUR
1122754;;VPPL;AP;5;;;;;;;30;2000236;34;3057500;RUR
1122755;;VPPL;RENEWAL_VP;1;;;;;;;30;1041;38;492100;RUR
1122756;;VPPL;VPREM;5;;;;;;;30;1828;38;6364500;RUR
1122757;;VPPL;RENEWAL_VP;1;;;;;;;30;1553;34;327100;RUR
1122758;;VPPL;VP;5;;;;;;;30;1255;34;643000;RUR
1122759;;VPPL;VPREM;1;;;;;;;30;1169;37;1228900;RUR
1122760;;VPPL;VPREM;1;;;;;;;30;1563;36;1116700;RUR
1122761;;VPPL;AP;1;;;;;;;30;2000231;35;747700;RUR
1122762;;VPPL;VP;5;;;;;;;30;1146;35;981000;RUR
1122763;;VPPL;AP;1;;;;;;;30;1844;37;644900;RUR
1122764;;VPPL;AP;1;;;;;;;30;1556;34;348300;RUR
1122765;;VPPL;RENEWAL_VP;5;;;;;;;30;2000236;34;2603000;RUR
1122766;;VPPL;RENEWAL_VP;5;;;;;;;30;1169;37;2010500;RUR
1122767;;VPPL;AP;5;;;;;;;30;1342;36;2793000;RUR
1122768;;VPPL;RENEWAL_VP;5;;;;;;;30;1146;37;3799500;RUR
1122769;;VPPL;AP;1;;;;;;;30;1898;35;367900;RUR
1122770;;VPPL;VP;1;;;;;;;30;1614;34;121900;RUR
1122771;;VPPL;VP;1;;;;;;;30;1932;36;118600;RUR
1122772;;VPPL;AP;1;;;;;;;30;1308;34;336900;RUR
1122773;;VPPL;VP;5;;;;;;;30;1771;37;655500;RUR
1122774;;VPPL;VP;5;;;;;;;30;1556;37;655500;RUR
1122775;;VPPL;VPREM;5;;;;;;;30;1103;37;5837500;RUR
1122776;;VPPL;VP;1;;;;;;;30;1556;38;142400;RUR
1122777;;VPPL;AP;1;;;;;;;30;1624;37;644900;RUR
1122778;;VPPL;AP;5;;;;;;;30;1317;37;2867000;RUR
1122779;;VPPL;VP;5;;;;;;;30;1575;36;682000;RUR
1122780;;VPPL;AP;5;;;;;;;30;1146;37;3799500;RUR
1122781;;VPPL;VP;1;;;;;;;30;1041;35;107400;RUR
1122782;;VPPL;VP;5;;;;;;;30;1424;35;465000;RUR
1122783;;VPPL;AP;1;;;;;;;30;1620;36;409900;RUR
1122784;;VPPL;RENEWAL_VP;1;;;;;;;30;1124;35;529400;RUR
1122785;;VPPL;VP;5;;;;;;;30;1679;38;953000;RUR
1122786;;VPPL;VPREM;5;;;;;;;30;1932;37;5837500;RUR
1122787;;VPPL;VPREM;5;;;;;;;30;1946;37;5837500;RUR
1122788;;VPPL;VP;5;;;;;;;30;1192;38;712000;RUR
1122789;;VPPL;AP;1;;;;;;;30;1975;37;527300;RUR
1122790;;VPPL;VPREM;1;;;;;;;30;1783;35;1004900;RUR
1122791;;VPPL;VPREM;1;;;;;;;30;1434;36;499900;RUR
1122792;;VPPL;VPREM;5;;;;;;;30;1008;36;5304500;RUR
1122793;;VPPL;VP;1;;;;;;;30;2155;37;98900;RUR
1122794;;VPPL;AP;5;;;;;;;30;1898;38;2339500;RUR
1122795;;VPPL;VPREM;5;;;;;;;30;1783;34;4514500;RUR
1122796;;VPPL;VP;5;;;;;;;30;1817;35;544000;RUR
1122797;;VPPL;VP;1;;;;;;;30;1661;38;172800;RUR
1122798;;VPPL;VP;1;;;;;;;30;1008;37;159500;RUR
1122799;;VPPL;VPREM;1;;;;;;;30;1652;38;1339900;RUR
1122800;;VPPL;AP;5;;;;;;;30;10000112;34;2106500;RUR
1122801;;VPPL;VP;5;;;;;;;30;1000009;36;590500;RUR
1122802;;VPPL;VPREM;1;;;;;;;30;1890;36;1116700;RUR
1122803;;VPPL;AP;1;;;;;;;30;1077;36;409900;RUR
1122804;;VPPL;VP;5;;;;;;;30;1679;37;880000;RUR
1122805;;VPPL;AP;1;;;;;;;30;1174;35;355900;RUR
1122806;;VPPL;AP;5;;;;;;;30;1000009;34;2008500;RUR
1122807;;VPPL;VP;5;;;;;;;30;1090;34;505500;RUR
1122808;;VPPL;VP;5;;;;;;;30;1624;35;769000;RUR
1122809;;VPPL;RENEWAL_VP;5;;;;;;;30;1905;36;1947000;RUR
1122810;;VPPL;RENEWAL_VP;5;;;;;;;30;2000231;36;3946000;RUR
1122811;;VPPL;VPREM;5;;;;;;;30;1932;38;6364500;RUR
1122812;;VPPL;VP;1;;;;;;;30;1500;34;88400;RUR
1122813;;VPPL;AP;1;;;;;;;30;1103;35;430400;RUR
1122814;;VPPL;RENEWAL_VP;1;;;;;;;30;1249;34;499800;RUR
1122815;;VPPL;RENEWAL_VP;1;;;;;;;30;1187;34;348300;RUR
1122816;;VPPL;AP;5;;;;;;;30;1771;34;1655500;RUR
1122817;;VPPL;AP;5;;;;;;;30;1422;35;1690500;RUR
1122818;;VPPL;AP;1;;;;;;;30;1859;38;576000;RUR
1122819;;VPPL;AP;1;;;;;;;30;1806;38;660900;RUR
1122820;;VPPL;VPREM;5;;;;;;;30;1061;35;4773500;RUR
1122821;;VPPL;AP;5;;;;;;;30;1844;36;2793000;RUR
1122822;;VPPL;RENEWAL_VP;5;;;;;;;30;1475;38;1575000;RUR
1122823;;VPPL;RENEWAL_VP;1;;;;;;;30;1217;34;433000;RUR
1122824;;VPPL;RENEWAL_VP;1;;;;;;;30;1229;34;408100;RUR
1122825;;VPPL;VPREM;1;;;;;;;30;10000112;37;299600;RUR
1122826;;VPPL;AP;1;;;;;;;30;1020;38;611100;RUR
1122827;;VPPL;VPREM;5;;;;;;;30;1249;35;6041000;RUR
1122828;;VPPL;RENEWAL_VP;1;;;;;;;30;1261;37;799900;RUR
1122829;;VPPL;VP;1;;;;;;;30;1754;36;143600;RUR
1122830;;VPPL;VP;1;;;;;;;30;1347;37;197900;RUR
1122831;;VPPL;VP;1;;;;;;;30;1229;38;172800;RUR
1122832;;VPPL;RENEWAL_VP;5;;;;;;;30;1828;34;1439500;RUR
1122833;;VPPL;RENEWAL_VP;1;;;;;;;30;2114;37;603600;RUR
1122834;;VPPL;VPREM;5;;;;;;;30;1308;34;4514500;RUR
1122835;;VPPL;VP;1;;;;;;;30;11000116;37;154200;RUR
1122836;;VPPL;VP;1;;;;;;;30;11000116;38;154200;RUR
1122837;;VPPL;AP;5;;;;;;;30;1202;34;2931500;RUR
1122838;;VPPL;VP;1;;;;;;;30;1563;37;175400;RUR
1122839;;VPPL;AP;5;;;;;;;30;1880;37;2178000;RUR
1122840;;VPPL;VP;1;;;;;;;30;1946;38;126200;RUR
1122841;;VPPL;VP;5;;;;;;;30;1982;35;473500;RUR
1122842;;VPPL;VP;5;;;;;;;30;1061;38;712000;RUR
1122843;;VPPL;AP;5;;;;;;;30;1090;38;2339500;RUR
1122844;;VPPL;AP;1;;;;;;;30;1652;36;479400;RUR
1122845;;VPPL;AP;5;;;;;;;30;1754;34;1943000;RUR
1122846;;VPPL;AP;5;;;;;;;30;1704;36;2277500;RUR
1122847;;VPPL;AP;1;;;;;;;30;11000118;36;1181900;RUR
1122848;;VPPL;VPREM;1;;;;;;;30;1905;37;1228900;RUR
1122849;;VPPL;RENEWAL_VP;1;;;;;;;30;1192;37;450700;RUR
1122850;;VPPL;RENEWAL_VP;5;;;;;;;30;1217;37;2657000;RUR
1122851;;VPPL;AP;1;;;;;;;30;1434;36;396000;RUR
1122852;;VPPL;VP;1;;;;;;;30;1261;35;206600;RUR
1122853;;VPPL;VPREM;5;;;;;;;30;1463;34;2018000;RUR
1122854;;VPPL;VPREM;5;;;;;;;30;1384;36;5834500;RUR
1122855;;VPPL;AP;5;;;;;;;30;1620;35;1747500;RUR
1122856;;VPPL;AP;5;;;;;;;30;1946;38;2264500;RUR
1122857;;VPPL;VP;1;;;;;;;30;1596;35;161900;RUR
1122858;;VPPL;RENEWAL_VP;5;;;;;;;30;1384;38;3141000;RUR
1122859;;VPPL;AP;1;;;;;;;30;1679;36;550400;RUR
1122860;;VPPL;RENEWAL_VP;5;;;;;;;30;1556;35;1747500;RUR
1122861;;VPPL;VP;5;;;;;;;30;1783;37;753000;RUR
1122862;;VPPL;VP;5;;;;;;;30;1982;37;578500;RUR
1122863;;VPPL;AP;1;;;;;;;30;1754;36;479400;RUR
1122864;;VPPL;AP;5;;;;;;;30;1817;38;2379500;RUR
1122865;;VPPL;RENEWAL_VP;1;;;;;;;30;1817;38;500900;RUR
1122866;;VPPL;AP;5;;;;;;;30;1077;36;1947000;RUR
1122867;;VPPL;VP;5;;;;;;;30;1229;35;614500;RUR
1122868;;VPPL;VP;5;;;;;;;30;1859;36;682000;RUR
1122869;;VPPL;RENEWAL_VP;5;;;;;;;30;1051;35;1747500;RUR
1122870;;VPPL;AP;5;;;;;;;30;1880;35;1778000;RUR
1122871;;VPPL;VP;5;;;;;;;30;1051;38;712000;RUR
1122872;;VPPL;AP;5;;;;;;;30;1859;34;1943000;RUR
1122873;;VPPL;VP;1;;;;;;;30;1229;37;158500;RUR
1122874;;VPPL;RENEWAL_VP;5;;;;;;;30;1905;35;1747500;RUR
1122875;;VPPL;AP;5;;;;;;;30;1905;34;1655500;RUR
1122876;;VPPL;VP;5;;;;;;;30;1500;35;465000;RUR
1122877;;VPPL;RENEWAL_VP;1;;;;;;;30;1475;36;275900;RUR
1122878;;VPPL;VPREM;1;;;;;;;30;1661;38;1339900;RUR
1122879;;VPPL;VPREM;1;;;;;;;30;1249;38;1695000;RUR
1122880;;VPPL;VP;1;;;;;;;30;1511;36;179300;RUR
1122881;;VPPL;VPREM;5;;;;;;;30;1553;37;5837500;RUR
1122882;;VPPL;VPREM;5;;;;;;;30;1586;35;6041000;RUR
1122883;;VPPL;AP;5;;;;;;;30;1661;34;1943000;RUR
1122884;;VPPL;VP;1;;;;;;;30;1880;36;127100;RUR
1122885;;VPPL;RENEWAL_VP;1;;;;;;;30;1000009;38;173300;RUR
1122886;;VPPL;VPREM;5;;;;;;;30;1754;34;4514500;RUR
1122887;;VPPL;RENEWAL_VP;5;;;;;;;30;1596;38;3355500;RUR
1122888;;VPPL;VP;1;;;;;;;30;1844;38;214900;RUR
1122889;;VPPL;RENEWAL_VP;5;;;;;;;30;11000116;35;2227000;RUR
1122890;;VPPL;AP;5;;;;;;;30;1261;37;3799500;RUR
1122891;;VPPL;VPREM;1;;;;;;;30;1975;36;1116700;RUR
1122892;;VPPL;AP;5;;;;;;;30;1192;35;1747500;RUR
1122893;;VPPL;AP;5;;;;;;;30;1061;34;1655500;RUR
1122894;;VPPL;VPREM;5;;;;;;;30;1008;38;6364500;RUR
1122895;;VPPL;RENEWAL_VP;5;;;;;;;30;1434;38;1575000;RUR
1122896;;VPPL;RENEWAL_VP;5;;;;;;;30;1118;34;1655500;RUR
1122897;;VPPL;RENEWAL_VP;1;;;;;;;30;1061;38;492100;RUR
1122898;;VPPL;VPREM;1;;;;;;;30;1229;34;949900;RUR
1122899;;VPPL;AP;5;;;;;;;30;1192;36;1947000;RUR
1122900;;VPPL;VP;5;;;;;;;30;11000113;34;423000;RUR
1122901;;VPPL;VP;1;;;;;;;30;1505;36;118600;RUR
1122902;;VPPL;VPREM;1;;;;;;;30;1614;36;1116700;RUR
1122903;;VPPL;VPREM;5;;;;;;;30;2155;35;2137000;RUR
1122904;;VPPL;RENEWAL_VP;5;;;;;;;30;1103;34;1943000;RUR
1122905;;VPPL;VP;5;;;;;;;30;1563;35;680000;RUR
1122906;;VPPL;VPREM;1;;;;;;;30;1716;35;1004900;RUR
1122907;;VPPL;AP;5;;;;;;;30;1347;37;3063000;RUR
1122908;;VPPL;VPREM;1;;;;;;;30;1051;35;1004900;RUR
1122909;;VPPL;AP;1;;;;;;;30;1202;37;799900;RUR
1122910;;VPPL;VPREM;1;;;;;;;30;1754;38;1339900;RUR
1122911;;VPPL;VPREM;1;;;;;;;30;1511;38;1695000;RUR
1122912;;VPPL;AP;5;;;;;;;30;11000116;35;5322500;RUR
1122913;;VPPL;RENEWAL_VP;5;;;;;;;30;1317;37;2867000;RUR
1122914;;VPPL;VPREM;1;;;;;;;30;1041;34;949900;RUR
1122915;;VPPL;RENEWAL_VP;5;;;;;;;30;1077;34;1655500;RUR
1122916;;VPPL;VP;5;;;;;;;30;1716;37;753000;RUR
1122917;;VPPL;AP;5;;;;;;;30;11000116;37;5322500;RUR
1122918;;VPPL;VP;5;;;;;;;30;2000236;38;872500;RUR
1122919;;VPPL;RENEWAL_VP;1;;;;;;;30;1192;36;409900;RUR
1122920;;VPPL;RENEWAL_VP;1;;;;;;;30;1146;37;799900;RUR
1122921;;VPPL;VP;1;;;;;;;30;1187;35;107400;RUR
1122922;;VPPL;VP;5;;;;;;;30;1217;38;912000;RUR
1122923;;VPPL;VPREM;1;;;;;;;30;1463;36;499900;RUR
1122924;;VPPL;RENEWAL_VP;1;;;;;;;30;1118;34;348300;RUR
1122925;;VPPL;AP;5;;;;;;;30;1783;35;2044500;RUR
1122926;;VPPL;VP;1;;;;;;;30;1051;35;107400;RUR
1122927;;VPPL;AP;5;;;;;;;30;1255;37;2657000;RUR
1122928;;VPPL;AP;5;;;;;;;30;2000232;36;3593000;RUR
1122929;;VPPL;VPREM;5;;;;;;;30;1704;37;5837500;RUR
1122930;;VPPL;VPREM;5;;;;;;;30;1716;38;6364500;RUR
1122931;;VPPL;RENEWAL_VP;5;;;;;;;30;1146;36;3447000;RUR
1122932;;VPPL;VPREM;5;;;;;;;30;1716;34;4514500;RUR
1122933;;VPPL;VP;1;;;;;;;30;1975;38;172800;RUR
1122934;;VPPL;RENEWAL_VP;1;;;;;;;30;1880;36;416900;RUR
1122935;;VPPL;RENEWAL_VP;5;;;;;;;30;1880;38;2379500;RUR
1122936;;VPPL;AP;1;;;;;;;30;1463;35;355900;RUR
1122937;;VPPL;VPREM;5;;;;;;;30;1563;37;5837500;RUR
1122938;;VPPL;VP;1;;;;;;;30;10000112;34;143600;RUR
1122939;;VPPL;VPREM;5;;;;;;;30;2209;34;2018000;RUR
1122940;;VPPL;VPREM;5;;;;;;;30;1261;35;7412500;RUR
1122941;;VPPL;VPREM;5;;;;;;;30;1118;37;5837500;RUR
1122942;;VPPL;RENEWAL_VP;5;;;;;;;30;1020;37;2657000;RUR
1122943;;VPPL;AP;1;;;;;;;30;1661;36;479400;RUR
1122944;;VPPL;RENEWAL_VP;1;;;;;;;30;1342;38;706100;RUR
1122945;;VPPL;AP;1;;;;;;;30;1217;35;456600;RUR
1122946;;VPPL;VPREM;5;;;;;;;30;16;35;3533000;RUR
1122947;;VPPL;VPREM;1;;;;;;;30;1249;34;1201600;RUR
1122948;;VPPL;VPREM;1;;;;;;;30;1384;38;1473900;RUR
1122949;;VPPL;RENEWAL_VP;5;;;;;;;30;1739;34;1943000;RUR
1122950;;VPPL;RENEWAL_VP;1;;;;;;;30;1783;38;576000;RUR
1122951;;VPPL;VPREM;5;;;;;;;30;1118;34;4514500;RUR
1122952;;VPPL;RENEWAL_VP;1;;;;;;;30;1020;34;433000;RUR
1122953;;VPPL;RENEWAL_VP;1;;;;;;;30;1051;38;492100;RUR
1122954;;VPPL;AP;1;;;;;;;30;1586;36;588000;RUR
1122955;;VPPL;AP;5;;;;;;;30;2209;34;1599500;RUR
1122956;;VPPL;AP;1;;;;;;;30;2173;34;336900;RUR
1122957;;VPPL;AP;5;;;;;;;30;11000118;35;5322500;RUR
1122958;;VPPL;AP;5;;;;;;;30;1061;35;1747500;RUR
1122959;;VPPL;AP;1;;;;;;;30;1941;38;475900;RUR
1122960;;VPPL;AP;1;;;;;;;30;1948;37;527300;RUR
1122961;;VPPL;AP;1;;;;;;;30;1614;35;430400;RUR
1122962;;VPPL;VP;5;;;;;;;30;1187;37;655500;RUR
1122963;;VPPL;VPREM;5;;;;;;;30;1174;37;5837500;RUR
1122964;;VPPL;AP;5;;;;;;;30;1913;35;2044500;RUR
1122965;;VPPL;VPREM;1;;;;;;;30;1061;35;1004900;RUR
1122966;;VPPL;VPREM;1;;;;;;;30;1596;34;1201600;RUR
1122967;;VPPL;AP;1;;;;;;;30;1975;38;576000;RUR
1122968;;VPPL;VP;1;;;;;;;30;1217;38;191100;RUR
1122969;;VPPL;VP;5;;;;;;;30;1103;38;824500;RUR
1122970;;VPPL;AP;1;;;;;;;30;1505;37;450700;RUR
1122971;;VPPL;AP;5;;;;;;;30;1620;38;2339500;RUR
1122972;;VPPL;VP;5;;;;;;;30;1739;35;614500;RUR
1122973;;VPPL;VPREM;1;;;;;;;30;11000116;38;704700;RUR
1122974;;VPPL;AP;5;;;;;;;30;1982;36;1881000;RUR
1122975;;VPPL;VP;5;;;;;;;30;1422;34;450000;RUR
1122976;;VPPL;AP;5;;;;;;;30;1575;38;2736500;RUR
1122977;;VPPL;VPREM;1;;;;;;;30;1216;36;1116700;RUR
1122978;;VPPL;RENEWAL_VP;5;;;;;;;30;1620;35;1747500;RUR
1122979;;VPPL;VPREM;1;;;;;;;30;1342;36;1412700;RUR
1122980;;VPPL;AP;5;;;;;;;30;1384;36;2614500;RUR
1122981;;VPPL;VP;5;;;;;;;30;1754;35;614500;RUR
1122982;;VPPL;AP;5;;;;;;;30;1500;36;1881000;RUR
1122983;;VPPL;VP;5;;;;;;;30;1347;36;851500;RUR
1122984;;VPPL;VPREM;1;;;;;;;30;1051;38;1339900;RUR
1122985;;VPPL;RENEWAL_VP;5;;;;;;;30;1124;38;3355500;RUR
1122986;;VPPL;VPREM;1;;;;;;;30;1202;36;1733700;RUR
1122987;;VPPL;VP;5;;;;;;;30;1704;34;581500;RUR
1122988;;VPPL;VP;1;;;;;;;30;1174;36;105200;RUR
1122989;;VPPL;VPREM;1;;;;;;;30;16;38;797400;RUR
1122990;;VPPL;VPREM;5;;;;;;;30;1898;34;4514500;RUR
1122991;;VPPL;AP;5;;;;;;;30;1575;37;2504500;RUR
1122992;;VPPL;RENEWAL_VP;5;;;;;;;30;1438;37;3063000;RUR
1122993;;VPPL;VPREM;5;;;;;;;30;1941;34;4514500;RUR
1122994;;VPPL;VPREM;5;;;;;;;30;1614;38;6364500;RUR
1122995;;VPPL;VP;1;;;;;;;30;2209;35;80900;RUR
1122996;;VPPL;RENEWAL_VP;5;;;;;;;30;1890;37;2504500;RUR
1122997;;VPPL;VP;5;;;;;;;30;1051;35;537000;RUR
1122998;;VPPL;VP;1;;;;;;;30;1946;36;105200;RUR
1122999;;VPPL;RENEWAL_VP;1;;;;;;;30;1090;35;367900;RUR
1123000;;VPPL;VP;1;;;;;;;30;2000236;35;183000;RUR
1123001;;VPPL;VP;5;;;;;;;30;1652;37;753000;RUR
1123002;;VPPL;VPREM;5;;;;;;;30;1586;36;6709500;RUR
1123003;;VPPL;VP;1;;;;;;;30;1500;38;124100;RUR
1123004;;VPPL;VP;1;;;;;;;30;1216;38;126200;RUR
1123005;;VPPL;AP;5;;;;;;;30;1475;35;1690500;RUR
1123006;;VPPL;AP;5;;;;;;;30;1124;35;2514500;RUR
1123007;;VPPL;AP;5;;;;;;;30;1384;35;2353500;RUR
1123008;;VPPL;AP;5;;;;;;;30;1716;34;1943000;RUR
1123009;;VPPL;VPREM;5;;;;;;;30;1783;35;4773500;RUR
1123010;;VPPL;VP;1;;;;;;;30;1202;36;230700;RUR
1123011;;VPPL;VPREM;5;;;;;;;30;1347;36;6709500;RUR
1123012;;VPPL;VP;5;;;;;;;30;1614;37;753000;RUR
1123013;;VPPL;AP;1;;;;;;;30;1500;38;475900;RUR
1123014;;VPPL;RENEWAL_VP;1;;;;;;;30;2209;34;203900;RUR
1123015;;VPPL;VPREM;1;;;;;;;30;2173;34;424900;RUR
1123016;;VPPL;RENEWAL_VP;5;;;;;;;30;1438;38;3355500;RUR
1123017;;VPPL;RENEWAL_VP;5;;;;;;;30;1704;35;2044500;RUR
1123018;;VPPL;VPREM;1;;;;;;;30;1948;38;1339900;RUR
1123019;;VPPL;VP;5;;;;;;;30;1146;37;1210000;RUR
1123020;;VPPL;RENEWAL_VP;1;;;;;;;30;1000009;35;173300;RUR
1123021;;VPPL;AP;5;;;;;;;30;1187;37;2140500;RUR
1123022;;VPPL;AP;5;;;;;;;30;2134;38;2264500;RUR
1123023;;VPPL;VPREM;1;;;;;;;30;1783;34;949900;RUR
1123024;;VPPL;RENEWAL_VP;5;;;;;;;30;1261;37;3799500;RUR
1123025;;VPPL;VPREM;1;;;;;;;30;1481;37;659900;RUR
1123026;;VPPL;AP;5;;;;;;;30;1008;35;2044500;RUR
1123027;;VPPL;VPREM;5;;;;;;;30;1202;36;8235000;RUR
1123028;;VPPL;AP;5;;;;;;;30;1661;38;2736500;RUR
1123029;;VPPL;VPREM;1;;;;;;;30;1103;34;949900;RUR
1123030;;VPPL;VP;1;;;;;;;30;1422;38;126200;RUR
1123031;;VPPL;VP;1;;;;;;;30;1438;36;179300;RUR
1123032;;VPPL;VP;5;;;;;;;30;1229;36;682000;RUR
1123033;;VPPL;RENEWAL_VP;1;;;;;;;30;1716;35;430400;RUR
1123034;;VPPL;VP;5;;;;;;;30;1941;35;473500;RUR
1123035;;VPPL;RENEWAL_VP;1;;;;;;;30;1575;37;527300;RUR
1123036;;VPPL;VPREM;1;;;;;;;30;1261;38;2081100;RUR
1123037;;VPPL;VP;1;;;;;;;30;2134;38;107900;RUR
1123038;;VPPL;VP;1;;;;;;;30;1255;38;191100;RUR
1123039;;VPPL;VP;1;;;;;;;30;1828;36;94900;RUR
1123040;;VPPL;VP;5;;;;;;;30;2209;34;384500;RUR
1123041;;VPPL;RENEWAL_VP;1;;;;;;;30;1481;38;449900;RUR
1123042;;VPPL;VP;1;;;;;;;30;1481;37;174100;RUR
1123043;;VPPL;RENEWAL_VP;5;;;;;;;30;1174;36;1828500;RUR
1123044;;VPPL;VPREM;1;;;;;;;30;2000231;35;1744700;RUR
1123045;;VPPL;VPREM;5;;;;;;;30;1948;35;4773500;RUR
1123046;;VPPL;VP;5;;;;;;;30;1890;38;824500;RUR
1123047;;VPPL;RENEWAL_VP;5;;;;;;;30;1422;38;2197500;RUR
1123048;;VPPL;AP;1;;;;;;;30;1905;37;450700;RUR
1123049;;VPPL;VP;1;;;;;;;30;1771;37;131100;RUR
1123050;;VPPL;VP;1;;;;;;;30;1187;37;131100;RUR
1123051;;VPPL;RENEWAL_VP;5;;;;;;;30;11000116;38;2227000;RUR
1123052;;VPPL;VPREM;5;;;;;;;30;1859;37;5837500;RUR
1123053;;VPPL;VP;1;;;;;;;30;16;36;217000;RUR
1123054;;VPPL;RENEWAL_VP;1;;;;;;;30;1384;37;603600;RUR
1123055;;VPPL;RENEWAL_VP;1;;;;;;;30;1249;36;588000;RUR
1123056;;VPPL;VP;1;;;;;;;30;2000231;37;269900;RUR
1123057;;VPPL;VPREM;1;;;;;;;30;1500;34;424900;RUR
1123058;;VPPL;VPREM;5;;;;;;;30;1308;35;4773500;RUR
1123059;;VPPL;VPREM;5;;;;;;;30;1913;35;4773500;RUR
1123060;;VPPL;AP;5;;;;;;;30;1020;34;2061000;RUR
1123061;;VPPL;VPREM;1;;;;;;;30;1941;37;1228900;RUR
1123062;;VPPL;VPREM;5;;;;;;;30;1596;34;5709000;RUR
1123063;;VPPL;RENEWAL_VP;5;;;;;;;30;1347;37;3063000;RUR
1123064;;VPPL;VPREM;5;;;;;;;30;1553;36;5304500;RUR
1123065;;VPPL;RENEWAL_VP;1;;;;;;;30;1941;36;384900;RUR
1123066;;VPPL;RENEWAL_VP;1;;;;;;;30;1008;38;576000;RUR
1123067;;VPPL;VPREM;5;;;;;;;30;1806;38;7004500;RUR
1123068;;VPPL;RENEWAL_VP;1;;;;;;;30;2173;35;215900;RUR
1123069;;VPPL;VP;1;;;;;;;30;1255;34;134900;RUR
1123070;;VPPL;VP;1;;;;;;;30;1905;34;101100;RUR
1123071;;VPPL;RENEWAL_VP;5;;;;;;;30;1783;38;2736500;RUR
1123072;;VPPL;VPREM;5;;;;;;;30;1941;36;5304500;RUR
1123073;;VPPL;VP;1;;;;;;;30;1000009;38;126000;RUR
1123074;;VPPL;VP;5;;;;;;;30;1960;37;578500;RUR
1123075;;VPPL;RENEWAL_VP;1;;;;;;;30;1982;37;423300;RUR
1123076;;VPPL;AP;5;;;;;;;30;1704;35;2044500;RUR
1123077;;VPPL;VPREM;1;;;;;;;30;1975;35;1004900;RUR
1123078;;VPPL;VP;1;;;;;;;30;1859;38;172800;RUR
1123079;;VPPL;AP;5;;;;;;;30;1000009;38;2008500;RUR
1123080;;VPPL;VP;1;;;;;;;30;1249;36;179300;RUR
1123081;;VPPL;VP;5;;;;;;;30;1217;35;680000;RUR
1123082;;VPPL;RENEWAL_VP;5;;;;;;;30;1530;34;2374500;RUR
1123083;;VPPL;VPREM;5;;;;;;;30;1586;34;5709000;RUR
1123084;;VPPL;VPREM;1;;;;;;;30;1475;38;599800;RUR
1123085;;VPPL;VPREM;1;;;;;;;30;1946;35;1004900;RUR
1123086;;VPPL;RENEWAL_VP;1;;;;;;;30;1975;34;408100;RUR
1123087;;VPPL;VP;1;;;;;;;30;1556;36;118600;RUR
1123088;;VPPL;RENEWAL_VP;5;;;;;;;30;1661;34;1943000;RUR
1123089;;VPPL;AP;5;;;;;;;30;1948;37;2504500;RUR
1123090;;VPPL;VP;5;;;;;;;30;1982;38;631000;RUR
1123091;;VPPL;RENEWAL_VP;5;;;;;;;30;2000231;35;3551500;RUR
1123092;;VPPL;VP;5;;;;;;;30;1174;36;526000;RUR
1123093;;VPPL;VPREM;1;;;;;;;30;1041;36;1116700;RUR
1123094;;VPPL;VPREM;5;;;;;;;30;1754;36;5304500;RUR
1123095;;VPPL;VPREM;5;;;;;;;30;1317;35;5253000;RUR
1123096;;VPPL;VP;1;;;;;;;30;1216;34;90000;RUR
1123097;;VPPL;VPREM;5;;;;;;;30;1103;36;5304500;RUR
1123098;;VPPL;VP;1;;;;;;;30;1646;37;158500;RUR
1123099;;VPPL;RENEWAL_VP;5;;;;;;;30;2209;38;1369500;RUR
1123100;;VPPL;RENEWAL_VP;1;;;;;;;30;1646;35;430400;RUR
1123101;;VPPL;AP;5;;;;;;;30;1229;38;2736500;RUR
1123102;;VPPL;VPREM;1;;;;;;;30;1216;35;1004900;RUR
1123103;;VPPL;AP;5;;;;;;;30;1217;35;2169000;RUR
1123104;;VPPL;RENEWAL_VP;5;;;;;;;30;1505;34;1655500;RUR
1123105;;VPPL;VP;5;;;;;;;30;1118;37;655500;RUR
1123106;;VPPL;VP;5;;;;;;;30;1077;36;593000;RUR
1123107;;VPPL;AP;5;;;;;;;30;1948;38;2736500;RUR
1123108;;VPPL;VPREM;1;;;;;;;30;1174;36;1116700;RUR
1123109;;VPPL;VP;5;;;;;;;30;1471;38;620500;RUR
1123110;;VPPL;VP;5;;;;;;;30;1471;35;465000;RUR
1123111;;VPPL;VP;1;;;;;;;30;1817;37;140300;RUR
1123112;;VPPL;AP;1;;;;;;;30;1202;34;617000;RUR
1123113;;VPPL;AP;1;;;;;;;30;1859;35;430400;RUR
1123114;;VPPL;VPREM;1;;;;;;;30;1932;37;1228900;RUR
1123115;;VPPL;AP;5;;;;;;;30;1982;35;1690500;RUR
1123116;;VPPL;VPREM;5;;;;;;;30;1255;36;5304500;RUR
1123117;;VPPL;VP;1;;;;;;;30;10000112;35;143600;RUR
1123118;;VPPL;RENEWAL_VP;5;;;;;;;30;10000112;34;1178000;RUR
1123119;;VPPL;RENEWAL_VP;1;;;;;;;30;1859;34;408100;RUR
1123120;;VPPL;RENEWAL_VP;1;;;;;;;30;2209;36;239900;RUR
1123121;;VPPL;VPREM;1;;;;;;;30;1530;38;1695000;RUR
1123122;;VPPL;RENEWAL_VP;1;;;;;;;30;2000231;35;747700;RUR
1123123;;VPPL;AP;1;;;;;;;30;1481;38;522900;RUR
1123124;;VPPL;RENEWAL_VP;1;;;;;;;30;2155;35;215900;RUR
1123125;;VPPL;RENEWAL_VP;1;;;;;;;30;1652;34;408100;RUR
1123126;;VPPL;RENEWAL_VP;1;;;;;;;30;1620;34;348300;RUR
1123127;;VPPL;VP;5;;;;;;;30;1943;35;473500;RUR
1123128;;VPPL;AP;1;;;;;;;30;1103;38;576000;RUR
1123129;;VPPL;VP;5;;;;;;;30;1828;38;569500;RUR
1123130;;VPPL;VPREM;5;;;;;;;30;1500;37;2612000;RUR
1123131;;VPPL;VP;5;;;;;;;30;1216;35;473500;RUR
1123132;;VPPL;VPREM;5;;;;;;;30;1828;35;4773500;RUR
1123133;;VPPL;AP;5;;;;;;;30;2155;38;2264500;RUR
1123134;;VPPL;RENEWAL_VP;1;;;;;;;30;1384;38;660900;RUR
1123135;;VPPL;VPREM;5;;;;;;;30;1575;37;5837500;RUR
1123136;;VPPL;AP;1;;;;;;;30;1661;34;408100;RUR
1123137;;VPPL;RENEWAL_VP;5;;;;;;;30;1652;36;2277500;RUR
1123138;;VPPL;VP;5;;;;;;;30;1216;34;450000;RUR
1123139;;VPPL;AP;1;;;;;;;30;1342;37;644900;RUR
1123140;;VPPL;VPREM;1;;;;;;;30;1020;38;1339900;RUR
1123141;;VPPL;VPREM;5;;;;;;;30;1553;35;4773500;RUR
1123142;;VPPL;RENEWAL_VP;5;;;;;;;30;1946;38;2197500;RUR
1123143;;VPPL;AP;5;;;;;;;30;11000118;38;5322500;RUR
1123144;;VPPL;RENEWAL_VP;1;;;;;;;30;11000116;34;494300;RUR
1123145;;VPPL;VPREM;1;;;;;;;30;1948;36;1116700;RUR
1123146;;VPPL;VP;1;;;;;;;30;1817;38;152900;RUR
1123147;;VPPL;VP;5;;;;;;;30;1174;37;578500;RUR
1123148;;VPPL;RENEWAL_VP;5;;;;;;;30;1844;35;2514500;RUR
1123149;;VPPL;AP;5;;;;;;;30;1975;38;2736500;RUR
1123150;;VPPL;AP;5;;;;;;;30;1061;37;2140500;RUR
1123151;;VPPL;RENEWAL_VP;5;;;;;;;30;1905;34;1655500;RUR
1123152;;VPPL;VPREM;5;;;;;;;30;1261;34;7003500;RUR
1123153;;VPPL;VP;5;;;;;;;30;1941;36;526000;RUR
1123154;;VPPL;VP;5;;;;;;;30;1624;36;851500;RUR
1123155;;VPPL;VP;5;;;;;;;30;1061;36;593000;RUR
1123156;;VPPL;VPREM;5;;;;;;;30;1771;36;5304500;RUR
1123157;;VPPL;AP;1;;;;;;;30;1828;34;336900;RUR
1123158;;VPPL;VPREM;5;;;;;;;30;2000231;34;7819500;RUR
1123159;;VPPL;VPREM;1;;;;;;;30;11000116;37;704700;RUR
1123160;;VPPL;VPREM;1;;;;;;;30;1077;36;1116700;RUR
1123161;;VPPL;RENEWAL_VP;5;;;;;;;30;2134;38;1369500;RUR
1123162;;VPPL;VPREM;1;;;;;;;30;1438;34;1201600;RUR
1123163;;VPPL;VP;1;;;;;;;30;1077;36;118600;RUR
1123164;;VPPL;RENEWAL_VP;1;;;;;;;30;1553;36;384900;RUR
1123165;;VPPL;VPREM;1;;;;;;;30;1192;36;1116700;RUR
1123166;;VPPL;VP;5;;;;;;;30;1008;38;825000;RUR
1123167;;VPPL;VPREM;5;;;;;;;30;1192;36;5304500;RUR
1123168;;VPPL;VPREM;5;;;;;;;30;2000231;36;9205000;RUR
1123169;;VPPL;VP;1;;;;;;;30;16;38;217000;RUR
1123170;;VPPL;AP;1;;;;;;;30;1118;35;367900;RUR
1123171;;VPPL;RENEWAL_VP;1;;;;;;;30;1948;34;408100;RUR
1123172;;VPPL;AP;1;;;;;;;30;1481;37;478900;RUR
1123173;;VPPL;VPREM;5;;;;;;;30;1859;36;5304500;RUR
1123174;;VPPL;AP;5;;;;;;;30;1020;35;2169000;RUR
1123175;;VPPL;VP;1;;;;;;;30;1783;34;121900;RUR
1123176;;VPPL;RENEWAL_VP;1;;;;;;;30;1948;37;527300;RUR
1123177;;VPPL;AP;5;;;;;;;30;2000236;38;3057500;RUR
1123178;;VPPL;AP;1;;;;;;;30;1041;36;409900;RUR
1123179;;VPPL;AP;1;;;;;;;30;1679;37;603600;RUR
1123180;;VPPL;AP;1;;;;;;;30;1061;36;409900;RUR
1123181;;VPPL;AP;1;;;;;;;30;1620;35;367900;RUR
1123182;;VPPL;VPREM;1;;;;;;;30;1000009;34;275700;RUR
1123183;;VPPL;VPREM;1;;;;;;;30;1424;37;549900;RUR
1123184;;VPPL;RENEWAL_VP;1;;;;;;;30;1817;36;416900;RUR
1123185;;VPPL;VP;5;;;;;;;30;1103;36;682000;RUR
1123186;;VPPL;RENEWAL_VP;1;;;;;;;30;2114;35;495500;RUR
1123187;;VPPL;VPREM;1;;;;;;;30;1051;37;1228900;RUR
1123188;;VPPL;VPREM;1;;;;;;;30;1596;35;1271800;RUR
1123189;;VPPL;RENEWAL_VP;5;;;;;;;30;1202;38;4135500;RUR
1123190;;VPPL;VP;5;;;;;;;30;1596;36;851500;RUR
1123191;;VPPL;AP;5;;;;;;;30;1679;37;2867000;RUR
1123192;;VPPL;AP;5;;;;;;;30;1169;38;2264500;RUR
1123193;;VPPL;AP;1;;;;;;;30;11000113;35;221200;RUR
1123194;;VPPL;RENEWAL_VP;5;;;;;;;30;1511;38;3355500;RUR
1123195;;VPPL;RENEWAL_VP;5;;;;;;;30;1586;37;3063000;RUR
1123196;;VPPL;VPREM;1;;;;;;;30;1771;34;949900;RUR
1123197;;VPPL;RENEWAL_VP;5;;;;;;;30;1202;37;3799500;RUR
1123198;;VPPL;VPREM;1;;;;;;;30;1424;38;599800;RUR
1123199;;VPPL;VP;5;;;;;;;30;2209;38;539500;RUR
1123200;;VPPL;AP;1;;;;;;;30;1051;36;409900;RUR
1123201;;VPPL;RENEWAL_VP;1;;;;;;;30;1704;34;408100;RUR
1123202;;VPPL;RENEWAL_VP;5;;;;;;;30;2209;37;1253500;RUR
1123203;;VPPL;VPREM;1;;;;;;;30;1192;37;1228900;RUR
1123204;;VPPL;VP;5;;;;;;;30;1103;35;614500;RUR
1123205;;VPPL;VPREM;5;;;;;;;30;1317;34;4964500;RUR
1123206;;VPPL;VP;5;;;;;;;30;1624;38;1018000;RUR
1123207;;VPPL;VPREM;1;;;;;;;30;2134;34;424900;RUR
1123208;;VPPL;VPREM;1;;;;;;;30;1844;36;1412700;RUR
1123209;;VPPL;RENEWAL_VP;5;;;;;;;30;2134;35;1025500;RUR
1123210;;VPPL;VPREM;5;;;;;;;30;1960;35;4773500;RUR
1123211;;VPPL;RENEWAL_VP;1;;;;;;;30;1646;37;527300;RUR
1123212;;VPPL;VP;5;;;;;;;30;1783;35;614500;RUR
1123213;;VPPL;AP;1;;;;;;;30;1008;36;479400;RUR
1123214;;VPPL;AP;5;;;;;;;30;1563;38;2903000;RUR
1123215;;VPPL;RENEWAL_VP;5;;;;;;;30;1556;37;2140500;RUR
1123216;;VPPL;AP;1;;;;;;;30;1943;34;336900;RUR
1123217;;VPPL;VPREM;1;;;;;;;30;2000232;36;1846100;RUR
1123218;;VPPL;VPREM;5;;;;;;;30;1249;37;7384500;RUR
1123219;;VPPL;VP;1;;;;;;;30;1124;34;152400;RUR
1123220;;VPPL;VPREM;1;;;;;;;30;1943;38;1339900;RUR
1123221;;VPPL;AP;1;;;;;;;30;2000236;35;667200;RUR
1123222;;VPPL;VP;5;;;;;;;30;1481;37;827000;RUR
1123223;;VPPL;VPREM;5;;;;;;;30;1000009;34;1181500;RUR
1123224;;VPPL;VP;5;;;;;;;30;1475;38;620500;RUR
1123225;;VPPL;VP;5;;;;;;;30;1530;37;940000;RUR
1123226;;VPPL;AP;5;;;;;;;30;1783;38;2736500;RUR
1123227;;VPPL;VPREM;5;;;;;;;30;1217;38;6364500;RUR
1123228;;VPPL;AP;5;;;;;;;30;1308;36;1881000;RUR
1123229;;VPPL;RENEWAL_VP;1;;;;;;;30;1530;34;499800;RUR
1123230;;VPPL;VPREM;5;;;;;;;30;1859;34;4514500;RUR
1123231;;VPPL;VP;1;;;;;;;30;1020;37;175400;RUR
1123232;;VPPL;VPREM;5;;;;;;;30;2000236;34;8306000;RUR
1123233;;VPPL;AP;1;;;;;;;30;1061;37;450700;RUR
1123234;;VPPL;AP;5;;;;;;;30;1679;38;3141000;RUR
1123235;;VPPL;VPREM;5;;;;;;;30;2000232;36;8769000;RUR
1123236;;VPPL;VP;1;;;;;;;30;2000232;35;213600;RUR
1123237;;VPPL;RENEWAL_VP;5;;;;;;;30;1051;36;1947000;RUR
1123238;;VPPL;RENEWAL_VP;1;;;;;;;30;1982;34;327100;RUR
1123239;;VPPL;VPREM;1;;;;;;;30;1438;35;1271800;RUR
1123240;;VPPL;AP;1;;;;;;;30;1941;34;336900;RUR
1123241;;VPPL;AP;5;;;;;;;30;1118;36;1947000;RUR
1123242;;VPPL;AP;1;;;;;;;30;1384;38;660900;RUR
1123243;;VPPL;RENEWAL_VP;5;;;;;;;30;1646;36;2277500;RUR
1123244;;VPPL;AP;1;;;;;;;30;1041;38;492100;RUR
1123245;;VPPL;AP;1;;;;;;;30;1202;35;652400;RUR
1123246;;VPPL;AP;5;;;;;;;30;1975;35;2044500;RUR
1123247;;VPPL;RENEWAL_VP;5;;;;;;;30;1624;38;3355500;RUR
1123248;;VPPL;VP;1;;;;;;;30;1169;38;126200;RUR
1123249;;VPPL;VPREM;5;;;;;;;30;1229;37;5837500;RUR
1123250;;VPPL;VP;5;;;;;;;30;1771;35;537000;RUR
1123251;;VPPL;AP;1;;;;;;;30;1249;36;588000;RUR
1123252;;VPPL;AP;5;;;;;;;30;1859;35;2044500;RUR
1123253;;VPPL;VP;1;;;;;;;30;1817;35;114500;RUR
1123254;;VPPL;RENEWAL_VP;5;;;;;;;30;1481;38;2137000;RUR
1123255;;VPPL;RENEWAL_VP;5;;;;;;;30;1783;35;2044500;RUR
1123256;;VPPL;RENEWAL_VP;5;;;;;;;30;1342;36;2793000;RUR
1123257;;VPPL;VPREM;1;;;;;;;30;1575;34;949900;RUR
1123258;;VPPL;RENEWAL_VP;5;;;;;;;30;1941;37;2010500;RUR
1123259;;VPPL;VP;1;;;;;;;30;1563;34;134900;RUR
1123260;;VPPL;RENEWAL_VP;5;;;;;;;30;1090;37;2140500;RUR
1123261;;VPPL;AP;1;;;;;;;30;1020;37;559400;RUR
1123262;;VPPL;VP;1;;;;;;;30;1982;34;90000;RUR
1123263;;VPPL;VP;5;;;;;;;30;1946;38;631000;RUR
1123264;;VPPL;VP;5;;;;;;;30;2155;34;384500;RUR
1123265;;VPPL;VPREM;5;;;;;;;30;1679;37;6421500;RUR
1123266;;VPPL;VP;5;;;;;;;30;1806;34;678000;RUR
1123267;;VPPL;VP;1;;;;;;;30;1941;38;126200;RUR
1123268;;VPPL;VPREM;5;;;;;;;30;1975;35;4773500;RUR
1123269;;VPPL;VPREM;1;;;;;;;30;1187;37;1228900;RUR
1123270;;VPPL;VPREM;1;;;;;;;30;1061;38;1339900;RUR
1123271;;VPPL;VP;5;;;;;;;30;1187;38;712000;RUR
1123272;;VPPL;AP;5;;;;;;;30;16;34;3331000;RUR
1123273;;VPPL;AP;1;;;;;;;30;1828;35;355900;RUR
1123274;;VPPL;VP;5;;;;;;;30;1553;36;526000;RUR
1123275;;VPPL;VP;1;;;;;;;30;1424;35;93000;RUR
1123276;;VPPL;VP;5;;;;;;;30;1463;38;620500;RUR
1123277;;VPPL;VPREM;1;;;;;;;30;2000236;34;1881400;RUR
1123278;;VPPL;RENEWAL_VP;1;;;;;;;30;1620;38;492100;RUR
1123279;;VPPL;RENEWAL_VP;1;;;;;;;30;1475;34;234500;RUR
1123280;;VPPL;VPREM;5;;;;;;;30;2173;36;2374500;RUR
1123281;;VPPL;VP;1;;;;;;;30;1898;37;131100;RUR
1123282;;VPPL;VP;5;;;;;;;30;1500;38;620500;RUR
1123283;;VPPL;VPREM;1;;;;;;;30;1061;37;1228900;RUR
1123284;;VPPL;AP;1;;;;;;;30;1174;36;396000;RUR
1123285;;VPPL;VPREM;1;;;;;;;30;11000116;35;704700;RUR
1123286;;VPPL;VP;1;;;;;;;30;2000236;36;183000;RUR
1123287;;VPPL;AP;5;;;;;;;30;1463;34;1599500;RUR
1123288;;VPPL;RENEWAL_VP;1;;;;;;;30;1424;34;234500;RUR
1123289;;VPPL;RENEWAL_VP;5;;;;;;;30;1739;35;2044500;RUR
1123290;;VPPL;AP;5;;;;;;;30;1216;34;1599500;RUR
1123291;;VPPL;RENEWAL_VP;1;;;;;;;30;1438;37;644900;RUR
1123292;;VPPL;AP;5;;;;;;;30;1817;36;1980500;RUR
1123293;;VPPL;VP;5;;;;;;;30;1217;37;833000;RUR
1123294;;VPPL;AP;1;;;;;;;30;10000112;38;468200;RUR
1123295;;VPPL;VPREM;1;;;;;;;30;1249;36;1412700;RUR
1123296;;VPPL;VP;5;;;;;;;30;2134;38;539500;RUR
1123297;;VPPL;RENEWAL_VP;5;;;;;;;30;1422;34;1554500;RUR
1123298;;VPPL;AP;5;;;;;;;30;1424;35;1690500;RUR
1123299;;VPPL;AP;1;;;;;;;30;1051;34;348300;RUR
1123300;;VPPL;VP;5;;;;;;;30;1646;37;753000;RUR
1123301;;VPPL;RENEWAL_VP;5;;;;;;;30;1008;34;1943000;RUR
1123302;;VPPL;RENEWAL_VP;5;;;;;;;30;1261;34;2931500;RUR
1123303;;VPPL;VPREM;5;;;;;;;30;1530;38;8055000;RUR
1123304;;VPPL;VPREM;1;;;;;;;30;1090;35;1004900;RUR
1123305;;VPPL;RENEWAL_VP;5;;;;;;;30;1438;36;2793000;RUR
1123306;;VPPL;RENEWAL_VP;5;;;;;;;30;16;35;3230000;RUR
1123307;;VPPL;VP;1;;;;;;;30;1586;38;214900;RUR
1123308;;VPPL;VP;1;;;;;;;30;1192;38;142400;RUR
1123309;;VPPL;VPREM;1;;;;;;;30;1481;36;599900;RUR
1123310;;VPPL;VP;1;;;;;;;30;1943;34;90000;RUR
1123311;;VPPL;RENEWAL_VP;1;;;;;;;30;1783;36;479400;RUR
1123312;;VPPL;VPREM;5;;;;;;;30;1943;34;4514500;RUR
1123313;;VPPL;AP;5;;;;;;;30;1661;35;2044500;RUR
1123314;;VPPL;VPREM;5;;;;;;;30;10000112;36;1350000;RUR
1123315;;VPPL;RENEWAL_VP;1;;;;;;;30;1913;36;479400;RUR
1123316;;VPPL;AP;5;;;;;;;30;1438;37;3063000;RUR
1123317;;VPPL;AP;1;;;;;;;30;2173;36;396000;RUR
1123318;;VPPL;VPREM;5;;;;;;;30;1890;34;4514500;RUR
1123319;;VPPL;AP;5;;;;;;;30;1342;37;3063000;RUR
1123320;;VPPL;RENEWAL_VP;5;;;;;;;30;1041;37;2140500;RUR
1123321;;VPPL;VP;5;;;;;;;30;1575;34;581500;RUR
1123322;;VPPL;VPREM;1;;;;;;;30;1620;36;1116700;RUR
1123323;;VPPL;VP;1;;;;;;;30;11000113;38;89000;RUR
1123324;;VPPL;AP;1;;;;;;;30;1586;34;499800;RUR
1123325;;VPPL;VP;5;;;;;;;30;1941;37;578500;RUR
1123326;;VPPL;VP;5;;;;;;;30;1932;36;593000;RUR
1123327;;VPPL;VP;5;;;;;;;30;1041;36;593000;RUR
1123328;;VPPL;AP;5;;;;;;;30;10000112;35;2106500;RUR
1123329;;VPPL;VP;1;;;;;;;30;1575;35;129400;RUR
1123330;;VPPL;AP;1;;;;;;;30;2000231;34;706200;RUR
1123331;;VPPL;VPREM;5;;;;;;;30;1704;34;4514500;RUR
1123332;;VPPL;VP;5;;;;;;;30;1614;35;614500;RUR
1123333;;VPPL;VP;1;;;;;;;30;1614;37;158500;RUR
1123334;;VPPL;VPREM;1;;;;;;;30;1771;36;1116700;RUR
1123335;;VPPL;RENEWAL_VP;5;;;;;;;30;1347;34;2374500;RUR
1123336;;VPPL;RENEWAL_VP;1;;;;;;;30;1679;34;467800;RUR
1123337;;VPPL;AP;1;;;;;;;30;1905;38;492100;RUR
1123338;;VPPL;VP;1;;;;;;;30;1217;35;143100;RUR
1123339;;VPPL;AP;1;;;;;;;30;1342;35;529400;RUR
1123340;;VPPL;VPREM;5;;;;;;;30;1771;35;4773500;RUR
1123341;;VPPL;AP;5;;;;;;;30;2000232;38;4310500;RUR
1123342;;VPPL;AP;1;;;;;;;30;2173;37;435900;RUR
1123343;;VPPL;RENEWAL_VP;1;;;;;;;30;1475;35;248300;RUR
1123344;;VPPL;VP;1;;;;;;;30;1913;38;172800;RUR
1123345;;VPPL;AP;5;;;;;;;30;1229;35;2044500;RUR
1123346;;VPPL;VPREM;5;;;;;;;30;1384;35;5253000;RUR
1123347;;VPPL;VPREM;5;;;;;;;30;1249;34;5709000;RUR
1123348;;VPPL;VP;5;;;;;;;30;1614;34;581500;RUR
1123349;;VPPL;VP;5;;;;;;;30;1704;35;614500;RUR
1123350;;VPPL;VPREM;5;;;;;;;30;1575;38;6364500;RUR
1123351;;VPPL;AP;1;;;;;;;30;1347;36;588000;RUR
1123352;;VPPL;AP;5;;;;;;;30;1438;34;2374500;RUR
1123353;;VPPL;VPREM;5;;;;;;;30;2000236;37;8306000;RUR
1123354;;VPPL;VPREM;1;;;;;;;30;1202;38;2081100;RUR
1123355;;VPPL;RENEWAL_VP;1;;;;;;;30;1553;38;462100;RUR
1123356;;VPPL;VP;1;;;;;;;30;1652;36;143600;RUR
1123357;;VPPL;AP;5;;;;;;;30;1859;37;2504500;RUR
1123358;;VPPL;AP;5;;;;;;;30;1932;34;1655500;RUR
1123359;;VPPL;VPREM;1;;;;;;;30;1434;37;549900;RUR
1123360;;VPPL;RENEWAL_VP;5;;;;;;;30;1948;38;2736500;RUR
1123361;;VPPL;RENEWAL_VP;1;;;;;;;30;1575;34;408100;RUR
1123362;;VPPL;AP;5;;;;;;;30;1174;35;1690500;RUR
1123363;;VPPL;AP;1;;;;;;;30;1771;37;450700;RUR
1123364;;VPPL;VP;1;;;;;;;30;1090;36;118600;RUR
1123365;;VPPL;AP;5;;;;;;;30;1118;38;2339500;RUR
1123366;;VPPL;RENEWAL_VP;5;;;;;;;30;1982;35;1641000;RUR
1123367;;VPPL;AP;1;;;;;;;30;1463;38;475900;RUR
1123368;;VPPL;AP;5;;;;;;;30;11000113;37;1050500;RUR
1123369;;VPPL;VPREM;1;;;;;;;30;1384;35;1105900;RUR
1123370;;VPPL;RENEWAL_VP;5;;;;;;;30;1704;37;2504500;RUR
1123371;;VPPL;AP;1;;;;;;;30;2209;34;336900;RUR
1123372;;VPPL;VPREM;1;;;;;;;30;1948;34;949900;RUR
1123373;;VPPL;VP;5;;;;;;;30;1481;35;676500;RUR
1123374;;VPPL;RENEWAL_VP;1;;;;;;;30;1556;38;492100;RUR
1123375;;VPPL;RENEWAL_VP;1;;;;;;;30;1384;35;495500;RUR
1123376;;VPPL;VP;1;;;;;;;30;2114;34;142600;RUR
1123377;;VPPL;VP;5;;;;;;;30;1500;34;442000;RUR
1123378;;VPPL;VPREM;1;;;;;;;30;1174;35;1004900;RUR
1123379;;VPPL;VP;5;;;;;;;30;1620;37;655500;RUR
1123380;;VPPL;VP;5;;;;;;;30;2114;38;953000;RUR
1123381;;VPPL;RENEWAL_VP;1;;;;;;;30;2173;37;263900;RUR
1123382;;VPPL;RENEWAL_VP;1;;;;;;;30;1500;34;234500;RUR
1123383;;VPPL;VP;5;;;;;;;30;1880;34;514500;RUR
1123384;;VPPL;VP;5;;;;;;;30;1424;36;517000;RUR
1123385;;VPPL;VPREM;5;;;;;;;30;1424;36;2374500;RUR
1123386;;VPPL;VPREM;5;;;;;;;30;1817;34;4514500;RUR
1123387;;VPPL;VPREM;1;;;;;;;30;1261;34;1474100;RUR
1123388;;VPPL;RENEWAL_VP;5;;;;;;;30;1754;37;2504500;RUR
1123389;;VPPL;AP;1;;;;;;;30;1169;34;336900;RUR
1123390;;VPPL;VPREM;5;;;;;;;30;1898;38;6364500;RUR
1123391;;VPPL;VPREM;1;;;;;;;30;16;34;797400;RUR
1123392;;VPPL;AP;5;;;;;;;30;1229;37;2504500;RUR
1123393;;VPPL;VPREM;1;;;;;;;30;1771;38;1339900;RUR
1123394;;VPPL;VPREM;5;;;;;;;30;1754;38;6364500;RUR
1123395;;VPPL;RENEWAL_VP;1;;;;;;;30;1475;38;331100;RUR
1123396;;VPPL;RENEWAL_VP;1;;;;;;;30;2000236;35;600500;RUR
1123397;;VPPL;VPREM;5;;;;;;;30;1946;34;4514500;RUR
1123398;;VPPL;RENEWAL_VP;5;;;;;;;30;1960;37;2010500;RUR
1123399;;VPPL;VP;5;;;;;;;30;1913;37;753000;RUR
1123400;;VPPL;RENEWAL_VP;1;;;;;;;30;1880;38;500900;RUR
1123401;;VPPL;VPREM;1;;;;;;;30;2000232;37;2030800;RUR
1123402;;VPPL;VP;5;;;;;;;30;1960;38;631000;RUR
1123403;;VPPL;VP;1;;;;;;;30;1975;36;143600;RUR
1123404;;VPPL;VPREM;1;;;;;;;30;2000231;37;2132300;RUR
1123405;;VPPL;AP;1;;;;;;;30;1438;34;499800;RUR
1123406;;VPPL;RENEWAL_VP;5;;;;;;;30;1716;38;2736500;RUR
1123407;;VPPL;AP;1;;;;;;;30;1932;37;450700;RUR
1123408;;VPPL;VP;5;;;;;;;30;1596;35;769000;RUR
1123409;;VPPL;RENEWAL_VP;1;;;;;;;30;11000113;36;158700;RUR
1123410;;VPPL;VPREM;5;;;;;;;30;1217;35;4773500;RUR
1123411;;VPPL;RENEWAL_VP;1;;;;;;;30;1118;35;367900;RUR
1123412;;VPPL;RENEWAL_VP;5;;;;;;;30;1982;38;2197500;RUR
1123413;;VPPL;VPREM;5;;;;;;;30;1530;35;6041000;RUR
1123414;;VPPL;VP;5;;;;;;;30;1090;35;537000;RUR
1123415;;VPPL;AP;1;;;;;;;30;2134;35;355900;RUR
1123416;;VPPL;VP;5;;;;;;;30;1192;36;593000;RUR
1123417;;VPPL;VP;5;;;;;;;30;1828;37;524500;RUR
1123418;;VPPL;VP;5;;;;;;;30;1261;38;1317000;RUR
1123419;;VPPL;RENEWAL_VP;5;;;;;;;30;1817;37;2178000;RUR
1123420;;VPPL;VPREM;5;;;;;;;30;11000116;37;3169000;RUR
1123421;;VPPL;RENEWAL_VP;5;;;;;;;30;1187;36;1947000;RUR
1123422;;VPPL;VP;1;;;;;;;30;1041;34;101100;RUR
1123423;;VPPL;VPREM;5;;;;;;;30;1424;34;2018000;RUR
1123424;;VPPL;VPREM;5;;;;;;;30;1575;35;4773500;RUR
1123425;;VPPL;VPREM;1;;;;;;;30;1471;36;499900;RUR
1123426;;VPPL;VPREM;1;;;;;;;30;1249;37;1554700;RUR
1123427;;VPPL;VP;5;;;;;;;30;1249;34;724500;RUR
1123428;;VPPL;VPREM;5;;;;;;;30;1844;37;7384500;RUR
1123429;;VPPL;AP;5;;;;;;;30;10000112;36;2106500;RUR
1123430;;VPPL;VP;1;;;;;;;30;1771;35;107400;RUR
1123431;;VPPL;VP;5;;;;;;;30;2114;36;797000;RUR
1123432;;VPPL;VP;5;;;;;;;30;1308;38;631000;RUR
1123433;;VPPL;VP;5;;;;;;;30;1661;37;753000;RUR
1123434;;VPPL;VP;1;;;;;;;30;2209;34;76900;RUR
1123435;;VPPL;VP;5;;;;;;;30;1384;37;880000;RUR
1123436;;VPPL;VPREM;1;;;;;;;30;1556;34;949900;RUR
1123437;;VPPL;RENEWAL_VP;1;;;;;;;30;1505;35;367900;RUR
1123438;;VPPL;AP;1;;;;;;;30;1008;38;576000;RUR
1123439;;VPPL;AP;1;;;;;;;30;1960;37;435900;RUR
1123440;;VPPL;VP;1;;;;;;;30;1511;35;161900;RUR
1123441;;VPPL;VPREM;1;;;;;;;30;1586;38;1695000;RUR
1123442;;VPPL;VP;5;;;;;;;30;1124;35;769000;RUR
1123443;;VPPL;VP;1;;;;;;;30;1946;35;94700;RUR
1123444;;VPPL;RENEWAL_VP;1;;;;;;;30;1347;38;706100;RUR
1123445;;VPPL;VP;5;;;;;;;30;1646;36;682000;RUR
1123446;;VPPL;VP;1;;;;;;;30;1229;34;121900;RUR
1123447;;VPPL;VP;1;;;;;;;30;1679;37;185200;RUR
1123448;;VPPL;RENEWAL_VP;1;;;;;;;30;1614;37;527300;RUR
1123449;;VPPL;AP;5;;;;;;;30;11000116;38;5322500;RUR
1123450;;VPPL;RENEWAL_VP;1;;;;;;;30;1008;37;527300;RUR
1123451;;VPPL;VPREM;1;;;;;;;30;1556;38;1339900;RUR
1123452;;VPPL;VPREM;5;;;;;;;30;1020;34;4514500;RUR
1123453;;VPPL;VP;5;;;;;;;30;1434;38;620500;RUR
1123454;;VPPL;RENEWAL_VP;1;;;;;;;30;11000116;36;494300;RUR
1123455;;VPPL;AP;5;;;;;;;30;2134;37;2070500;RUR
1123456;;VPPL;VP;5;;;;;;;30;1124;36;851500;RUR
1123457;;VPPL;VPREM;5;;;;;;;30;11000116;34;3169000;RUR
1123458;;VPPL;RENEWAL_VP;5;;;;;;;30;1192;37;2140500;RUR
1123459;;VPPL;RENEWAL_VP;1;;;;;;;30;1905;37;450700;RUR
1123460;;VPPL;AP;1;;;;;;;30;1960;35;355900;RUR
1123461;;VPPL;RENEWAL_VP;1;;;;;;;30;1975;36;479400;RUR
1123462;;VPPL;VPREM;1;;;;;;;30;1347;37;1554700;RUR
1123463;;VPPL;RENEWAL_VP;1;;;;;;;30;1317;35;495500;RUR
1123464;;VPPL;RENEWAL_VP;5;;;;;;;30;1943;35;1641000;RUR
1123465;;VPPL;RENEWAL_VP;1;;;;;;;30;1187;36;409900;RUR
1123466;;VPPL;VP;5;;;;;;;30;1261;34;931500;RUR
1123467;;VPPL;RENEWAL_VP;1;;;;;;;30;1384;36;550400;RUR
1123468;;VPPL;VP;5;;;;;;;30;2134;36;449500;RUR
1123469;;VPPL;VPREM;1;;;;;;;30;1948;35;1004900;RUR
1123470;;VPPL;VPREM;1;;;;;;;30;1624;36;1412700;RUR
1123471;;VPPL;RENEWAL_VP;5;;;;;;;30;2155;34;969500;RUR
1123472;;VPPL;VP;1;;;;;;;30;1174;38;126200;RUR
1123473;;VPPL;VP;5;;;;;;;30;1000009;34;590500;RUR
1123474;;VPPL;AP;5;;;;;;;30;1216;36;1881000;RUR
1123475;;VPPL;RENEWAL_VP;1;;;;;;;30;1975;38;576000;RUR
1123476;;VPPL;VPREM;1;;;;;;;30;1090;36;1116700;RUR
1123477;;VPPL;VPREM;5;;;;;;;30;1192;35;4773500;RUR
1123478;;VPPL;VP;1;;;;;;;30;1342;34;152400;RUR
1123479;;VPPL;AP;5;;;;;;;30;1739;37;2504500;RUR
1123480;;VPPL;VPREM;5;;;;;;;30;1000009;38;1181500;RUR
1123481;;VPPL;RENEWAL_VP;1;;;;;;;30;10000112;37;262200;RUR
1123482;;VPPL;VPREM;1;;;;;;;30;1556;37;1228900;RUR
1123483;;VPPL;VP;1;;;;;;;30;1563;36;158900;RUR
1123484;;VPPL;RENEWAL_VP;1;;;;;;;30;1229;35;430400;RUR
1123485;;VPPL;VPREM;5;;;;;;;30;1563;35;4773500;RUR
1123486;;VPPL;VP;5;;;;;;;30;16;34;1009500;RUR
1123487;;VPPL;RENEWAL_VP;1;;;;;;;30;2173;38;287900;RUR
1123488;;VPPL;RENEWAL_VP;1;;;;;;;30;1739;34;408100;RUR
1123489;;VPPL;RENEWAL_VP;1;;;;;;;30;1471;37;303500;RUR
1123490;;VPPL;RENEWAL_VP;5;;;;;;;30;1481;35;1602500;RUR
1123491;;VPPL;VP;5;;;;;;;30;1817;38;729500;RUR
1123492;;VPPL;VP;5;;;;;;;30;10000112;38;647500;RUR
1123493;;VPPL;VP;5;;;;;;;30;1118;35;537000;RUR
1123494;;VPPL;AP;1;;;;;;;30;1646;35;430400;RUR
1123495;;VPPL;VPREM;1;;;;;;;30;2155;36;499900;RUR
1123496;;VPPL;RENEWAL_VP;1;;;;;;;30;1229;37;527300;RUR
1123497;;VPPL;VPREM;1;;;;;;;30;2114;38;1473900;RUR
1123498;;VPPL;RENEWAL_VP;5;;;;;;;30;1624;34;2374500;RUR
1123499;;VPPL;VPREM;1;;;;;;;30;1844;35;1271800;RUR
1123500;;VPPL;RENEWAL_VP;1;;;;;;;30;1505;37;450700;RUR
1123501;;VPPL;RENEWAL_VP;1;;;;;;;30;1342;37;644900;RUR
1123502;;VPPL;AP;1;;;;;;;30;1553;35;355900;RUR
1123503;;VPPL;AP;1;;;;;;;30;1255;37;559400;RUR
1123504;;VPPL;RENEWAL_VP;5;;;;;;;30;1308;37;2010500;RUR
1123505;;VPPL;VP;1;;;;;;;30;1342;37;197900;RUR
1123506;;VPPL;VPREM;5;;;;;;;30;1317;37;6421500;RUR
1123507;;VPPL;AP;1;;;;;;;30;1783;35;430400;RUR
1123508;;VPPL;VPREM;1;;;;;;;30;1806;36;1228400;RUR
1123509;;VPPL;VPREM;5;;;;;;;30;2155;38;2849500;RUR
1123510;;VPPL;VP;5;;;;;;;30;2134;37;494500;RUR
1123511;;VPPL;AP;5;;;;;;;30;1471;36;1881000;RUR
1123512;;VPPL;AP;5;;;;;;;30;1090;36;1947000;RUR
1123513;;VPPL;VPREM;1;;;;;;;30;1771;35;1004900;RUR
1123514;;VPPL;VPREM;1;;;;;;;30;1913;36;1116700;RUR
1123515;;VPPL;VP;5;;;;;;;30;1553;37;578500;RUR
1123516;;VPPL;RENEWAL_VP;1;;;;;;;30;1041;36;409900;RUR
1123517;;VPPL;VP;5;;;;;;;30;1859;37;753000;RUR
1123518;;VPPL;AP;1;;;;;;;30;11000113;37;221200;RUR
1123519;;VPPL;AP;5;;;;;;;30;1463;38;2264500;RUR
1123520;;VPPL;RENEWAL_VP;1;;;;;;;30;1103;38;576000;RUR
1123521;;VPPL;RENEWAL_VP;5;;;;;;;30;1434;37;1441500;RUR
1123522;;VPPL;VPREM;5;;;;;;;30;1511;35;6041000;RUR
1123523;;VPPL;AP;1;;;;;;;30;2000231;36;830700;RUR
1123524;;VPPL;VP;1;;;;;;;30;1000009;34;126000;RUR
1123525;;VPPL;VPREM;5;;;;;;;30;1890;36;5304500;RUR
1123526;;VPPL;AP;5;;;;;;;30;1103;38;2736500;RUR
1123527;;VPPL;AP;1;;;;;;;30;1051;38;492100;RUR
1123528;;VPPL;VPREM;1;;;;;;;30;1586;34;1201600;RUR
1123529;;VPPL;RENEWAL_VP;1;;;;;;;30;1424;36;275900;RUR
1123530;;VPPL;VP;1;;;;;;;30;1103;38;172800;RUR
1123531;;VPPL;VP;1;;;;;;;30;2173;36;89900;RUR
1123532;;VPPL;VPREM;1;;;;;;;30;1255;38;1339900;RUR
1123533;;VPPL;VPREM;1;;;;;;;30;2000236;36;1881400;RUR
1123534;;VPPL;VP;1;;;;;;;30;2134;34;76900;RUR
1123535;;VPPL;VPREM;5;;;;;;;30;2155;37;2612000;RUR
1123536;;VPPL;VPREM;1;;;;;;;30;1169;36;1116700;RUR
1123537;;VPPL;VPREM;1;;;;;;;30;2134;35;449900;RUR
1123538;;VPPL;AP;5;;;;;;;30;2155;36;1881000;RUR
1123539;;VPPL;AP;5;;;;;;;30;1000009;37;2008500;RUR
1123540;;VPPL;RENEWAL_VP;1;;;;;;;30;1946;38;462100;RUR
1123541;;VPPL;RENEWAL_VP;5;;;;;;;30;1890;35;2044500;RUR
1123542;;VPPL;RENEWAL_VP;5;;;;;;;30;1754;38;2736500;RUR
1123543;;VPPL;VP;5;;;;;;;30;1913;35;614500;RUR
1123544;;VPPL;VP;1;;;;;;;30;1077;37;131100;RUR
1123545;;VPPL;VP;1;;;;;;;30;1187;34;101100;RUR
1123546;;VPPL;AP;1;;;;;;;30;1384;37;603600;RUR
1123547;;VPPL;VPREM;1;;;;;;;30;1880;36;1116700;RUR
1123548;;VPPL;VPREM;5;;;;;;;30;1575;34;4514500;RUR
1123549;;VPPL;AP;1;;;;;;;30;1913;37;527300;RUR
1123550;;VPPL;VP;5;;;;;;;30;1806;35;719500;RUR
1123551;;VPPL;VPREM;1;;;;;;;30;1481;34;509900;RUR
1123552;;VPPL;AP;5;;;;;;;30;1624;36;2793000;RUR
1123553;;VPPL;RENEWAL_VP;1;;;;;;;30;1202;34;617000;RUR
1123554;;VPPL;VP;1;;;;;;;30;1880;38;152900;RUR
1123555;;VPPL;AP;5;;;;;;;30;11000116;36;5322500;RUR
1123556;;VPPL;RENEWAL_VP;5;;;;;;;30;1596;36;2793000;RUR
1123557;;VPPL;VP;1;;;;;;;30;1898;34;101100;RUR
1123558;;VPPL;AP;1;;;;;;;30;1739;35;430400;RUR
1123559;;VPPL;VPREM;5;;;;;;;30;1475;38;2849500;RUR
1123560;;VPPL;AP;5;;;;;;;30;1661;37;2504500;RUR
1123561;;VPPL;RENEWAL_VP;5;;;;;;;30;1859;36;2277500;RUR
1123562;;VPPL;RENEWAL_VP;1;;;;;;;30;1614;34;408100;RUR
1123563;;VPPL;VPREM;5;;;;;;;30;1575;36;5304500;RUR
1123564;;VPPL;RENEWAL_VP;5;;;;;;;30;1596;37;3063000;RUR
1123565;;VPPL;RENEWAL_VP;5;;;;;;;30;16;34;3230000;RUR
1123566;;VPPL;RENEWAL_VP;1;;;;;;;30;1586;37;644900;RUR
1123567;;VPPL;VP;1;;;;;;;30;1596;36;179300;RUR
1123568;;VPPL;RENEWAL_VP;1;;;;;;;30;1596;37;644900;RUR
1123569;;VPPL;RENEWAL_VP;1;;;;;;;30;1422;34;327100;RUR
1123570;;VPPL;RENEWAL_VP;5;;;;;;;30;1898;35;1747500;RUR
1123571;;VPPL;VPREM;5;;;;;;;30;1475;34;2018000;RUR
1123572;;VPPL;AP;1;;;;;;;30;1261;35;652400;RUR
1123573;;VPPL;RENEWAL_VP;1;;;;;;;30;1806;38;660900;RUR
1123574;;VPPL;VP;1;;;;;;;30;1463;35;93000;RUR
1123575;;VPPL;RENEWAL_VP;1;;;;;;;30;1174;36;384900;RUR
1123576;;VPPL;AP;5;;;;;;;30;1975;37;2504500;RUR
1123577;;VPPL;RENEWAL_VP;5;;;;;;;30;1118;35;1747500;RUR
1123578;;VPPL;VP;5;;;;;;;30;1553;35;473500;RUR
1123579;;VPPL;VP;1;;;;;;;30;1041;38;142400;RUR
1123580;;VPPL;AP;1;;;;;;;30;1932;35;367900;RUR
1123581;;VPPL;RENEWAL_VP;5;;;;;;;30;1041;38;2339500;RUR
1123582;;VPPL;RENEWAL_VP;1;;;;;;;30;1008;34;408100;RUR
1123583;;VPPL;AP;1;;;;;;;30;1217;37;559400;RUR
1123584;;VPPL;RENEWAL_VP;1;;;;;;;30;1255;35;456600;RUR
1123585;;VPPL;RENEWAL_VP;5;;;;;;;30;1217;38;2903000;RUR
1123586;;VPPL;RENEWAL_VP;5;;;;;;;30;1948;36;2277500;RUR
1123587;;VPPL;AP;5;;;;;;;30;1646;35;2044500;RUR
1123588;;VPPL;VPREM;5;;;;;;;30;1475;36;2374500;RUR
1123589;;VPPL;RENEWAL_VP;1;;;;;;;30;1553;35;345500;RUR
1123590;;VPPL;VP;1;;;;;;;30;1471;35;93000;RUR
1123591;;VPPL;AP;5;;;;;;;30;1898;35;1747500;RUR
1123592;;VPPL;AP;1;;;;;;;30;1249;34;499800;RUR
1123593;;VPPL;VP;5;;;;;;;30;1844;37;940000;RUR
1123594;;VPPL;VP;5;;;;;;;30;10000112;34;647500;RUR
1123595;;VPPL;VPREM;5;;;;;;;30;1169;36;5304500;RUR
1123596;;VPPL;AP;1;;;;;;;30;2155;37;435900;RUR
1123597;;VPPL;VP;5;;;;;;;30;1434;34;442000;RUR
1123598;;VPPL;VP;5;;;;;;;30;2000231;37;1281500;RUR
1123599;;VPPL;AP;5;;;;;;;30;1090;35;1747500;RUR
1123600;;VPPL;VPREM;5;;;;;;;30;11000116;36;3169000;RUR
1123601;;VPPL;AP;1;;;;;;;30;11000116;37;1181900;RUR
1123602;;VPPL;VPREM;5;;;;;;;30;11000118;38;3169000;RUR
1123603;;VPPL;VP;1;;;;;;;30;1187;38;142400;RUR
1123604;;VPPL;VP;5;;;;;;;30;1898;37;655500;RUR
1123605;;VPPL;AP;5;;;;;;;30;1932;36;1947000;RUR
1123606;;VPPL;VPREM;5;;;;;;;30;1806;34;4964500;RUR
1123607;;VPPL;VPREM;5;;;;;;;30;1563;34;4514500;RUR
1123608;;VPPL;VP;5;;;;;;;30;1217;36;754500;RUR
1123609;;VPPL;VP;5;;;;;;;30;1438;35;769000;RUR
1123610;;VPPL;VPREM;1;;;;;;;30;1898;34;949900;RUR
1123611;;VPPL;VPREM;5;;;;;;;30;10000112;38;1350000;RUR
1123612;;VPPL;VP;1;;;;;;;30;1463;34;88400;RUR
1123613;;VPPL;RENEWAL_VP;1;;;;;;;30;2209;37;263900;RUR
1123614;;VPPL;VPREM;5;;;;;;;30;1556;36;5304500;RUR
1123615;;VPPL;AP;5;;;;;;;30;1424;38;2264500;RUR
1123616;;VPPL;AP;1;;;;;;;30;1946;37;435900;RUR
1123617;;VPPL;VPREM;1;;;;;;;30;1946;36;1116700;RUR
1123618;;VPPL;VPREM;1;;;;;;;30;1943;36;1116700;RUR
1123619;;VPPL;RENEWAL_VP;5;;;;;;;30;1943;34;1554500;RUR
1123620;;VPPL;VP;1;;;;;;;30;1890;37;158500;RUR
1123621;;VPPL;VPREM;5;;;;;;;30;1646;37;5837500;RUR
1123622;;VPPL;AP;5;;;;;;;30;1434;37;2070500;RUR
1123623;;VPPL;RENEWAL_VP;1;;;;;;;30;1192;38;492100;RUR
1123624;;VPPL;RENEWAL_VP;1;;;;;;;30;1202;37;799900;RUR
1123625;;VPPL;VP;5;;;;;;;30;1424;38;620500;RUR
1123626;;VPPL;VPREM;5;;;;;;;30;1716;35;4773500;RUR
1123627;;VPPL;VPREM;1;;;;;;;30;1624;37;1554700;RUR
1123628;;VPPL;AP;1;;;;;;;30;1941;36;396000;RUR
1123629;;VPPL;VPREM;1;;;;;;;30;1511;34;1201600;RUR
1123630;;VPPL;AP;5;;;;;;;30;1948;34;1943000;RUR
1123631;;VPPL;AP;5;;;;;;;30;2000231;37;4342000;RUR
1123632;;VPPL;VP;5;;;;;;;30;2000231;35;1043000;RUR
1123633;;VPPL;AP;1;;;;;;;30;1187;36;409900;RUR
1123634;;VPPL;VPREM;1;;;;;;;30;1255;37;1228900;RUR
1123635;;VPPL;VPREM;1;;;;;;;30;1342;37;1554700;RUR
1123636;;VPPL;VPREM;1;;;;;;;30;1754;34;949900;RUR
1123637;;VPPL;RENEWAL_VP;5;;;;;;;30;2134;37;1253500;RUR
1123638;;VPPL;VP;5;;;;;;;30;2000232;37;1251000;RUR
1123639;;VPPL;VPREM;5;;;;;;;30;1118;38;6364500;RUR
1123640;;VPPL;VP;5;;;;;;;30;1948;34;581500;RUR
1123641;;VPPL;AP;1;;;;;;;30;1463;37;435900;RUR
1123642;;VPPL;RENEWAL_VP;5;;;;;;;30;1913;35;2044500;RUR
1123643;;VPPL;AP;5;;;;;;;30;1575;34;1943000;RUR
1123644;;VPPL;VP;5;;;;;;;30;1077;34;505500;RUR
1123645;;VPPL;AP;1;;;;;;;30;1192;36;409900;RUR
1123646;;VPPL;VPREM;5;;;;;;;30;1739;36;5304500;RUR
1123647;;VPPL;AP;1;;;;;;;30;1704;37;527300;RUR
1123648;;VPPL;VP;1;;;;;;;30;1739;36;143600;RUR
1123649;;VPPL;VPREM;1;;;;;;;30;1844;38;1695000;RUR
1123650;;VPPL;VP;1;;;;;;;30;1471;37;113700;RUR
1123651;;VPPL;VPREM;5;;;;;;;30;1077;36;5304500;RUR
1123652;;VPPL;VP;5;;;;;;;30;1844;35;769000;RUR
1123653;;VPPL;RENEWAL_VP;5;;;;;;;30;1739;37;2504500;RUR
1123654;;VPPL;VPREM;1;;;;;;;30;10000112;34;299600;RUR
1123655;;VPPL;RENEWAL_VP;1;;;;;;;30;1169;36;384900;RUR
1123656;;VPPL;AP;1;;;;;;;30;1217;36;508600;RUR
1123657;;VPPL;VPREM;5;;;;;;;30;1229;36;5304500;RUR
1123658;;VPPL;VP;1;;;;;;;30;16;35;217000;RUR
1123659;;VPPL;VPREM;1;;;;;;;30;1146;38;2081100;RUR
1123660;;VPPL;VPREM;1;;;;;;;30;2000236;37;1881400;RUR
1123661;;VPPL;VPREM;1;;;;;;;30;1716;34;949900;RUR
1123662;;VPPL;AP;5;;;;;;;30;1249;34;2374500;RUR
1123663;;VPPL;VPREM;5;;;;;;;30;1960;38;6364500;RUR
1123664;;VPPL;RENEWAL_VP;5;;;;;;;30;1624;36;2793000;RUR
1123665;;VPPL;RENEWAL_VP;5;;;;;;;30;1943;36;1828500;RUR
1123666;;VPPL;RENEWAL_VP;1;;;;;;;30;1118;36;409900;RUR
1123667;;VPPL;VP;5;;;;;;;30;1754;37;753000;RUR
1123668;;VPPL;AP;5;;;;;;;30;1438;38;3355500;RUR
1123669;;VPPL;AP;1;;;;;;;30;2134;36;396000;RUR
1123670;;VPPL;RENEWAL_VP;5;;;;;;;30;1716;36;2277500;RUR
1123671;;VPPL;VPREM;1;;;;;;;30;1898;35;1004900;RUR
1123672;;VPPL;RENEWAL_VP;5;;;;;;;30;1422;35;1641000;RUR
1123673;;VPPL;RENEWAL_VP;5;;;;;;;30;1216;37;2010500;RUR
1123674;;VPPL;VP;1;;;;;;;30;1422;34;90000;RUR
1123675;;VPPL;VP;5;;;;;;;30;1859;38;824500;RUR
1123676;;VPPL;VPREM;1;;;;;;;30;1202;35;1560500;RUR
1123677;;VPPL;VP;5;;;;;;;30;1596;34;724500;RUR
1123678;;VPPL;VP;5;;;;;;;30;1556;34;505500;RUR
1123679;;VPPL;VPREM;5;;;;;;;30;2114;37;6421500;RUR
1123680;;VPPL;VP;5;;;;;;;30;1716;35;614500;RUR
1123681;;VPPL;VPREM;1;;;;;;;30;1624;35;1271800;RUR
1123682;;VPPL;AP;5;;;;;;;30;1960;38;2264500;RUR
1123683;;VPPL;AP;5;;;;;;;30;2000236;37;3057500;RUR
1123684;;VPPL;AP;5;;;;;;;30;1817;37;2178000;RUR
1123685;;VPPL;AP;1;;;;;;;30;1575;34;408100;RUR
1123686;;VPPL;RENEWAL_VP;1;;;;;;;30;1943;36;384900;RUR
1123687;;VPPL;RENEWAL_VP;1;;;;;;;30;1890;36;479400;RUR
1123688;;VPPL;RENEWAL_VP;5;;;;;;;30;1652;37;2504500;RUR
1123689;;VPPL;AP;1;;;;;;;30;11000113;38;221200;RUR
1123690;;VPPL;VP;1;;;;;;;30;1806;34;142600;RUR
1123691;;VPPL;RENEWAL_VP;1;;;;;;;30;1174;35;345500;RUR
1123692;;VPPL;RENEWAL_VP;5;;;;;;;30;1646;38;2736500;RUR
1123693;;VPPL;AP;5;;;;;;;30;1422;36;1881000;RUR
1123694;;VPPL;AP;5;;;;;;;30;1596;37;3063000;RUR
1123695;;VPPL;VP;5;;;;;;;30;1661;35;614500;RUR
1123696;;VPPL;VPREM;5;;;;;;;30;1216;34;4514500;RUR
1123697;;VPPL;RENEWAL_VP;5;;;;;;;30;1739;36;2277500;RUR
1123698;;VPPL;VPREM;5;;;;;;;30;1438;36;6709500;RUR
1123699;;VPPL;VPREM;1;;;;;;;30;1890;37;1228900;RUR
1123700;;VPPL;VPREM;1;;;;;;;30;2000232;35;1661600;RUR
1123701;;VPPL;VP;5;;;;;;;30;1090;37;655500;RUR
1123702;;VPPL;VPREM;5;;;;;;;30;1169;34;4514500;RUR
1123703;;VPPL;VPREM;1;;;;;;;30;2209;36;499900;RUR
1123704;;VPPL;RENEWAL_VP;5;;;;;;;30;1051;37;2140500;RUR
1123705;;VPPL;VPREM;5;;;;;;;30;1890;37;5837500;RUR
1123706;;VPPL;VP;1;;;;;;;30;1118;37;131100;RUR
1123707;;VPPL;VPREM;5;;;;;;;30;1463;35;2137000;RUR
1123708;;VPPL;VP;5;;;;;;;30;1946;34;450000;RUR
1123709;;VPPL;RENEWAL_VP;1;;;;;;;30;1890;35;430400;RUR
1123710;;VPPL;AP;1;;;;;;;30;1646;36;479400;RUR
1123711;;VPPL;AP;1;;;;;;;30;1347;38;706100;RUR
1123712;;VPPL;RENEWAL_VP;5;;;;;;;30;1187;35;1747500;RUR
1123713;;VPPL;RENEWAL_VP;5;;;;;;;30;1347;36;2793000;RUR
1123714;;VPPL;AP;1;;;;;;;30;1948;35;430400;RUR
1123715;;VPPL;VPREM;5;;;;;;;30;1941;35;4773500;RUR
1123716;;VPPL;VPREM;5;;;;;;;30;1652;34;4514500;RUR
1123717;;VPPL;RENEWAL_VP;5;;;;;;;30;1192;38;2339500;RUR
1123718;;VPPL;VP;5;;;;;;;30;1000009;35;590500;RUR
1123719;;VPPL;AP;5;;;;;;;30;1217;36;2416000;RUR
1123720;;VPPL;RENEWAL_VP;5;;;;;;;30;1077;35;1747500;RUR
1123721;;VPPL;RENEWAL_VP;1;;;;;;;30;1229;38;576000;RUR
1123722;;VPPL;VPREM;1;;;;;;;30;1932;34;949900;RUR
1123723;;VPPL;RENEWAL_VP;5;;;;;;;30;1890;34;1943000;RUR
1123724;;VPPL;VPREM;5;;;;;;;30;16;36;3533000;RUR
1123725;;VPPL;RENEWAL_VP;1;;;;;;;30;1646;38;576000;RUR
1123726;;VPPL;VP;1;;;;;;;30;1384;34;142600;RUR
1123727;;VPPL;RENEWAL_VP;1;;;;;;;30;1913;34;408100;RUR
1123728;;VPPL;AP;5;;;;;;;30;1261;36;3447000;RUR
1123729;;VPPL;VP;1;;;;;;;30;1202;38;277200;RUR
1123730;;VPPL;VPREM;1;;;;;;;30;1118;38;1339900;RUR
1123731;;VPPL;RENEWAL_VP;5;;;;;;;30;1943;38;2197500;RUR
1123732;;VPPL;VP;1;;;;;;;30;1739;34;121900;RUR
1123733;;VPPL;VPREM;5;;;;;;;30;1586;37;7384500;RUR
1123734;;VPPL;VPREM;1;;;;;;;30;1202;34;1474100;RUR
1123735;;VPPL;AP;1;;;;;;;30;1424;36;396000;RUR
1123736;;VPPL;VPREM;5;;;;;;;30;1982;35;4773500;RUR
1123737;;VPPL;RENEWAL_VP;5;;;;;;;30;11000113;38;754000;RUR
1123738;;VPPL;VP;1;;;;;;;30;1511;38;214900;RUR
1123739;;VPPL;VP;1;;;;;;;30;1553;38;126200;RUR
1123740;;VPPL;VP;1;;;;;;;30;1806;35;151500;RUR
1123741;;VPPL;VP;5;;;;;;;30;1103;37;753000;RUR
1123742;;VPPL;VP;5;;;;;;;30;1077;38;712000;RUR
1123743;;VPPL;RENEWAL_VP;5;;;;;;;30;1913;36;2277500;RUR
1123744;;VPPL;VP;5;;;;;;;30;1481;34;637500;RUR
1123745;;VPPL;VP;5;;;;;;;30;1575;38;824500;RUR
1123746;;VPPL;RENEWAL_VP;5;;;;;;;30;1475;34;1115000;RUR
1123747;;VPPL;VP;5;;;;;;;30;2000231;34;987500;RUR
1123748;;VPPL;VPREM;5;;;;;;;30;1828;36;5304500;RUR
1123749;;VPPL;VPREM;1;;;;;;;30;1481;38;719800;RUR
1123750;;VPPL;AP;1;;;;;;;30;1061;38;492100;RUR
1123751;;VPPL;VPREM;5;;;;;;;30;1946;38;6364500;RUR
1123752;;VPPL;AP;5;;;;;;;30;1817;35;1778000;RUR
1123753;;VPPL;VPREM;5;;;;;;;30;1704;35;4773500;RUR
1123754;;VPPL;VPREM;1;;;;;;;30;1898;36;1116700;RUR
1123755;;VPPL;VP;1;;;;;;;30;1342;38;214900;RUR
1123756;;VPPL;AP;5;;;;;;;30;1624;35;2514500;RUR
1123757;;VPPL;RENEWAL_VP;5;;;;;;;30;1261;35;3099500;RUR
1123758;;VPPL;AP;5;;;;;;;30;1652;34;1943000;RUR
1123759;;VPPL;RENEWAL_VP;1;;;;;;;30;1620;36;409900;RUR
1123760;;VPPL;AP;5;;;;;;;30;1118;35;1747500;RUR
1123761;;VPPL;RENEWAL_VP;1;;;;;;;30;2000231;36;830700;RUR
1123762;;VPPL;VP;5;;;;;;;30;1844;38;1018000;RUR
1123763;;VPPL;AP;1;;;;;;;30;1890;37;527300;RUR
1123764;;VPPL;VP;5;;;;;;;30;1614;38;824500;RUR
1123765;;VPPL;RENEWAL_VP;5;;;;;;;30;1124;34;2374500;RUR
1123766;;VPPL;VPREM;1;;;;;;;30;1614;38;1339900;RUR
1123767;;VPPL;AP;1;;;;;;;30;1905;34;348300;RUR
1123768;;VPPL;AP;1;;;;;;;30;16;37;757000;RUR
1123769;;VPPL;VP;5;;;;;;;30;11000113;38;423000;RUR
1123770;;VPPL;AP;5;;;;;;;30;1913;37;2504500;RUR
1123771;;VPPL;VPREM;1;;;;;;;30;1679;34;1044900;RUR
1123772;;VPPL;RENEWAL_VP;1;;;;;;;30;1169;38;462100;RUR
1123773;;VPPL;VPREM;1;;;;;;;30;1229;37;1228900;RUR
1123774;;VPPL;VPREM;1;;;;;;;30;1661;35;1004900;RUR
1123775;;VPPL;RENEWAL_VP;5;;;;;;;30;1174;37;2010500;RUR
1123776;;VPPL;VPREM;5;;;;;;;30;1471;36;2374500;RUR
1123777;;VPPL;VP;1;;;;;;;30;1481;35;142500;RUR
1123778;;VPPL;RENEWAL_VP;1;;;;;;;30;1941;34;327100;RUR
1123779;;VPPL;AP;5;;;;;;;30;1620;37;2140500;RUR
1123780;;VPPL;VPREM;5;;;;;;;30;1041;34;4514500;RUR
1123781;;VPPL;VP;5;;;;;;;30;1511;37;940000;RUR
1123782;;VPPL;VPREM;1;;;;;;;30;11000116;34;704700;RUR
1123783;;VPPL;RENEWAL_VP;1;;;;;;;30;1932;38;492100;RUR
1123784;;VPPL;VP;5;;;;;;;30;2000236;36;872500;RUR
1123785;;VPPL;VP;5;;;;;;;30;1471;36;517000;RUR
1123786;;VPPL;VP;1;;;;;;;30;1890;35;129400;RUR
1123787;;VPPL;RENEWAL_VP;1;;;;;;;30;1187;37;450700;RUR
1123788;;VPPL;AP;1;;;;;;;30;1806;37;603600;RUR
1123789;;VPPL;VP;5;;;;;;;30;1020;34;643000;RUR
1123790;;VPPL;VP;5;;;;;;;30;1169;36;526000;RUR
1123791;;VPPL;VP;5;;;;;;;30;1828;35;429500;RUR
1123792;;VPPL;VPREM;5;;;;;;;30;1174;34;4514500;RUR
1123793;;VPPL;RENEWAL_VP;5;;;;;;;30;1424;37;1441500;RUR
1123794;;VPPL;VP;1;;;;;;;30;1646;38;172800;RUR
1123795;;VPPL;RENEWAL_VP;1;;;;;;;30;1943;35;345500;RUR
1123796;;VPPL;VP;5;;;;;;;30;2000232;38;1361500;RUR
1123797;;VPPL;RENEWAL_VP;1;;;;;;;30;1471;35;248300;RUR
1123798;;VPPL;VPREM;1;;;;;;;30;11000116;36;704700;RUR
1123799;;VPPL;VPREM;5;;;;;;;30;11000113;37;974500;RUR
1123800;;VPPL;RENEWAL_VP;5;;;;;;;30;1946;35;1641000;RUR
1123801;;VPPL;RENEWAL_VP;5;;;;;;;30;1229;38;2736500;RUR
1123802;;VPPL;RENEWAL_VP;1;;;;;;;30;1771;38;492100;RUR
1123803;;VPPL;AP;1;;;;;;;30;1844;35;529400;RUR
1123804;;VPPL;VPREM;5;;;;;;;30;2173;35;2137000;RUR
1123805;;VPPL;RENEWAL_VP;5;;;;;;;30;1424;38;1575000;RUR
1123806;;VPPL;VP;1;;;;;;;30;1661;34;121900;RUR
1123807;;VPPL;RENEWAL_VP;5;;;;;;;30;1530;37;3063000;RUR
1123808;;VPPL;VP;5;;;;;;;30;11000116;35;697500;RUR
1123809;;VPPL;AP;1;;;;;;;30;1828;36;396000;RUR
1123810;;VPPL;AP;1;;;;;;;30;1783;36;479400;RUR
1123811;;VPPL;VP;1;;;;;;;30;1553;37;115700;RUR
1123812;;VPPL;VP;5;;;;;;;30;2134;35;404500;RUR
1123813;;VPPL;VP;5;;;;;;;30;1463;35;465000;RUR
1123814;;VPPL;RENEWAL_VP;5;;;;;;;30;1216;38;2197500;RUR
1123815;;VPPL;VPREM;5;;;;;;;30;1216;36;5304500;RUR
1123816;;VPPL;VP;1;;;;;;;30;1020;36;158900;RUR
1123817;;VPPL;VP;5;;;;;;;30;1739;38;824500;RUR
1123818;;VPPL;VPREM;5;;;;;;;30;1202;38;9881500;RUR
1123819;;VPPL;AP;1;;;;;;;30;1090;36;409900;RUR
1123820;;VPPL;VP;1;;;;;;;30;1704;34;121900;RUR
1123821;;VPPL;VP;5;;;;;;;30;1771;36;593000;RUR
1123822;;VPPL;VPREM;1;;;;;;;30;1553;38;1339900;RUR
1123823;;VPPL;AP;1;;;;;;;30;1530;35;529400;RUR
1123824;;VPPL;RENEWAL_VP;1;;;;;;;30;1932;34;348300;RUR
1123825;;VPPL;VPREM;1;;;;;;;30;1422;38;1339900;RUR
1123826;;VPPL;VPREM;1;;;;;;;30;1960;36;1116700;RUR
1123827;;VPPL;RENEWAL_VP;1;;;;;;;30;1051;35;367900;RUR
1123828;;VPPL;RENEWAL_VP;5;;;;;;;30;1652;34;1943000;RUR
1123829;;VPPL;VP;1;;;;;;;30;11000113;35;89000;RUR
1123830;;VPPL;AP;5;;;;;;;30;1563;36;2416000;RUR
1123831;;VPPL;VPREM;1;;;;;;;30;1817;35;1004900;RUR
1123832;;VPPL;VPREM;1;;;;;;;30;1960;35;1004900;RUR
1123833;;VPPL;VP;1;;;;;;;30;2134;37;98900;RUR
1123834;;VPPL;VP;1;;;;;;;30;1192;34;101100;RUR
1123835;;VPPL;VPREM;5;;;;;;;30;1261;38;9881500;RUR
1123836;;VPPL;RENEWAL_VP;1;;;;;;;30;1771;36;409900;RUR
1123837;;VPPL;RENEWAL_VP;5;;;;;;;30;1614;36;2277500;RUR
1123838;;VPPL;VPREM;1;;;;;;;30;1844;37;1554700;RUR
1123839;;VPPL;VPREM;5;;;;;;;30;1217;37;5837500;RUR
1123840;;VPPL;RENEWAL_VP;5;;;;;;;30;1229;37;2504500;RUR
1123841;;VPPL;VPREM;5;;;;;;;30;1255;37;5837500;RUR
1123842;;VPPL;RENEWAL_VP;1;;;;;;;30;1844;38;706100;RUR
1123843;;VPPL;VP;5;;;;;;;30;1946;35;473500;RUR
1123844;;VPPL;VP;1;;;;;;;30;11000113;36;89000;RUR
1123845;;VPPL;VPREM;5;;;;;;;30;1481;38;3419500;RUR
1123846;;VPPL;VPREM;5;;;;;;;30;10000112;35;1350000;RUR
1123847;;VPPL;RENEWAL_VP;1;;;;;;;30;1051;36;409900;RUR
1123848;;VPPL;RENEWAL_VP;1;;;;;;;30;2114;36;550400;RUR
1123849;;VPPL;VPREM;5;;;;;;;30;1553;38;6364500;RUR
1123850;;VPPL;VPREM;1;;;;;;;30;1982;35;1004900;RUR
1123851;;VPPL;AP;1;;;;;;;30;1202;36;725600;RUR
1123852;;VPPL;RENEWAL_VP;5;;;;;;;30;1424;34;1115000;RUR
1123853;;VPPL;AP;1;;;;;;;30;1556;36;409900;RUR
1123854;;VPPL;VPREM;1;;;;;;;30;1563;35;1004900;RUR
1123855;;VPPL;AP;1;;;;;;;30;1471;34;336900;RUR
1123856;;VPPL;RENEWAL_VP;1;;;;;;;30;1124;36;588000;RUR
1123857;;VPPL;VPREM;1;;;;;;;30;11000118;37;704700;RUR
1123858;;VPPL;RENEWAL_VP;1;;;;;;;30;1596;38;706100;RUR
1123859;;VPPL;VP;5;;;;;;;30;1646;34;581500;RUR
1123860;;VPPL;VP;1;;;;;;;30;1424;34;88400;RUR
1123861;;VPPL;RENEWAL_VP;1;;;;;;;30;1975;35;430400;RUR
1123862;;VPPL;VPREM;5;;;;;;;30;1174;38;6364500;RUR
1123863;;VPPL;VP;5;;;;;;;30;2000236;37;872500;RUR
1123864;;VPPL;VPREM;5;;;;;;;30;1859;38;6364500;RUR
1123865;;VPPL;VPREM;5;;;;;;;30;1434;38;2849500;RUR
1123866;;VPPL;AP;5;;;;;;;30;1255;34;2061000;RUR
1123867;;VPPL;VPREM;5;;;;;;;30;1704;36;5304500;RUR
1123868;;VPPL;VP;1;;;;;;;30;1384;35;151500;RUR
1123869;;VPPL;RENEWAL_VP;5;;;;;;;30;1249;38;3355500;RUR
1123870;;VPPL;RENEWAL_VP;1;;;;;;;30;1661;34;408100;RUR
1123871;;VPPL;RENEWAL_VP;5;;;;;;;30;1174;35;1641000;RUR
1123872;;VPPL;AP;5;;;;;;;30;2114;34;2222500;RUR
1123873;;VPPL;VPREM;5;;;;;;;30;1880;36;5304500;RUR
1123874;;VPPL;VPREM;1;;;;;;;30;1317;35;1105900;RUR
1123875;;VPPL;RENEWAL_VP;1;;;;;;;30;1596;36;588000;RUR
1123876;;VPPL;VPREM;1;;;;;;;30;1806;34;1044900;RUR
1123877;;VPPL;AP;1;;;;;;;30;1500;34;336900;RUR
1123878;;VPPL;RENEWAL_VP;1;;;;;;;30;1806;36;550400;RUR
1123879;;VPPL;AP;5;;;;;;;30;1905;36;1947000;RUR
1123880;;VPPL;AP;1;;;;;;;30;16;38;757000;RUR
1123881;;VPPL;RENEWAL_VP;5;;;;;;;30;1422;37;2010500;RUR
1123882;;VPPL;RENEWAL_VP;1;;;;;;;30;1020;38;611100;RUR
1123883;;VPPL;VPREM;1;;;;;;;30;1422;36;1116700;RUR
1123884;;VPPL;VP;1;;;;;;;30;1646;36;143600;RUR
1123885;;VPPL;RENEWAL_VP;5;;;;;;;30;1146;34;2931500;RUR
1123886;;VPPL;VPREM;5;;;;;;;30;1000009;37;1181500;RUR
1123887;;VPPL;VP;5;;;;;;;30;1347;35;769000;RUR
1123888;;VPPL;AP;5;;;;;;;30;1575;36;2277500;RUR
1123889;;VPPL;RENEWAL_VP;1;;;;;;;30;1880;35;374300;RUR
1123890;;VPPL;VP;5;;;;;;;30;1169;34;450000;RUR
1123891;;VPPL;VPREM;1;;;;;;;30;1646;38;1339900;RUR
1123892;;VPPL;VP;1;;;;;;;30;1317;37;185200;RUR
1123893;;VPPL;RENEWAL_VP;1;;;;;;;30;1859;37;527300;RUR
1123894;;VPPL;RENEWAL_VP;5;;;;;;;30;1806;37;2867000;RUR
1123895;;VPPL;VP;1;;;;;;;30;1471;38;124100;RUR
1123896;;VPPL;VPREM;5;;;;;;;30;1090;34;4514500;RUR
1123897;;VPPL;AP;5;;;;;;;30;1317;34;2222500;RUR
1123898;;VPPL;RENEWAL_VP;5;;;;;;;30;11000113;34;754000;RUR
1123899;;VPPL;RENEWAL_VP;5;;;;;;;30;1624;35;2514500;RUR
1123900;;VPPL;RENEWAL_VP;1;;;;;;;30;1946;34;327100;RUR
1123901;;VPPL;RENEWAL_VP;5;;;;;;;30;1948;35;2044500;RUR
1123902;;VPPL;AP;1;;;;;;;30;1192;34;348300;RUR
1123903;;VPPL;VP;1;;;;;;;30;1844;37;197900;RUR
1123904;;VPPL;VPREM;5;;;;;;;30;1754;37;5837500;RUR
1123905;;VPPL;RENEWAL_VP;5;;;;;;;30;1471;38;1575000;RUR
1123906;;VPPL;VPREM;1;;;;;;;30;1828;34;949900;RUR
1123907;;VPPL;VP;1;;;;;;;30;1960;37;115700;RUR
1123908;;VPPL;VP;1;;;;;;;30;1556;35;107400;RUR
1123909;;VPPL;VPREM;1;;;;;;;30;1077;35;1004900;RUR
1123910;;VPPL;RENEWAL_VP;1;;;;;;;30;1463;37;303500;RUR
1123911;;VPPL;VP;1;;;;;;;30;1754;38;172800;RUR
1123912;;VPPL;VPREM;5;;;;;;;30;1943;35;4773500;RUR
1123913;;VPPL;VP;1;;;;;;;30;1008;36;144300;RUR
1123914;;VPPL;RENEWAL_VP;5;;;;;;;30;1932;37;2140500;RUR
1123915;;VPPL;VP;5;;;;;;;30;2000232;35;1014500;RUR
1123916;;VPPL;RENEWAL_VP;1;;;;;;;30;1614;36;479400;RUR
1123917;;VPPL;RENEWAL_VP;5;;;;;;;30;1255;38;2903000;RUR
1123918;;VPPL;VPREM;1;;;;;;;30;1077;34;949900;RUR
1123919;;VPPL;RENEWAL_VP;1;;;;;;;30;10000112;36;262200;RUR
1123920;;VPPL;AP;1;;;;;;;30;1511;37;644900;RUR
1123921;;VPPL;VP;1;;;;;;;30;1051;38;142400;RUR
1123922;;VPPL;VPREM;5;;;;;;;30;1783;37;5837500;RUR
1123923;;VPPL;AP;5;;;;;;;30;1783;37;2504500;RUR
1123924;;VPPL;AP;5;;;;;;;30;1217;37;2657000;RUR
1123925;;VPPL;RENEWAL_VP;1;;;;;;;30;1463;34;234500;RUR
1123926;;VPPL;AP;1;;;;;;;30;10000112;34;468200;RUR
1123927;;VPPL;AP;5;;;;;;;30;1905;38;2339500;RUR
1123928;;VPPL;VPREM;5;;;;;;;30;1620;34;4514500;RUR
1123929;;VPPL;AP;1;;;;;;;30;1817;36;416900;RUR
1123930;;VPPL;RENEWAL_VP;5;;;;;;;30;1511;37;3063000;RUR
1123931;;VPPL;AP;1;;;;;;;30;16;36;757000;RUR
1123932;;VPPL;RENEWAL_VP;5;;;;;;;30;1187;34;1655500;RUR
1123933;;VPPL;AP;1;;;;;;;30;11000116;34;1181900;RUR
1123934;;VPPL;VPREM;5;;;;;;;30;1061;36;5304500;RUR
1123935;;VPPL;RENEWAL_VP;1;;;;;;;30;1946;36;384900;RUR
1123936;;VPPL;VPREM;5;;;;;;;30;1943;37;5837500;RUR
1123937;;VPPL;AP;5;;;;;;;30;2000231;35;3551500;RUR
1123938;;VPPL;VPREM;5;;;;;;;30;1481;37;3134500;RUR
1123939;;VPPL;VP;5;;;;;;;30;1975;35;614500;RUR
1123940;;VPPL;AP;1;;;;;;;30;1505;36;409900;RUR
1123941;;VPPL;VP;1;;;;;;;30;1975;35;129400;RUR
1123942;;VPPL;AP;5;;;;;;;30;1890;37;2504500;RUR
1123943;;VPPL;VP;5;;;;;;;30;11000118;34;697500;RUR
1123944;;VPPL;VPREM;1;;;;;;;30;1103;36;1116700;RUR
1123945;;VPPL;AP;5;;;;;;;30;1905;35;1747500;RUR
1123946;;VPPL;RENEWAL_VP;5;;;;;;;30;2000232;34;3056000;RUR
1123947;;VPPL;AP;5;;;;;;;30;2173;37;2070500;RUR
1123948;;VPPL;VP;5;;;;;;;30;2000236;35;872500;RUR
1123949;;VPPL;VPREM;5;;;;;;;30;1859;35;4773500;RUR
1123950;;VPPL;RENEWAL_VP;5;;;;;;;30;1174;38;2197500;RUR
1123951;;VPPL;VP;1;;;;;;;30;2209;38;107900;RUR
1123952;;VPPL;VP;5;;;;;;;30;1646;38;824500;RUR
1123953;;VPPL;VPREM;1;;;;;;;30;1020;36;1116700;RUR
1123954;;VPPL;VPREM;1;;;;;;;30;1187;34;949900;RUR
1123955;;VPPL;AP;5;;;;;;;30;1575;35;2044500;RUR
1123956;;VPPL;RENEWAL_VP;1;;;;;;;30;10000112;38;262200;RUR
1123957;;VPPL;VP;1;;;;;;;30;1783;37;158500;RUR
1123958;;VPPL;AP;5;;;;;;;30;1844;38;3355500;RUR
1123959;;VPPL;RENEWAL_VP;5;;;;;;;30;1051;38;2339500;RUR
1123960;;VPPL;AP;5;;;;;;;30;1844;35;2514500;RUR
1123961;;VPPL;RENEWAL_VP;5;;;;;;;30;1620;34;1655500;RUR
1123962;;VPPL;RENEWAL_VP;1;;;;;;;30;16;38;726700;RUR
1123963;;VPPL;RENEWAL_VP;5;;;;;;;30;1563;38;2903000;RUR
1123964;;VPPL;RENEWAL_VP;1;;;;;;;30;1530;37;644900;RUR
1123965;;VPPL;VPREM;1;;;;;;;30;1422;37;1228900;RUR
1123966;;VPPL;RENEWAL_VP;5;;;;;;;30;1077;38;2339500;RUR
1123967;;VPPL;VP;5;;;;;;;30;1422;37;578500;RUR
1123968;;VPPL;RENEWAL_VP;5;;;;;;;30;1000009;37;827000;RUR
1123969;;VPPL;VP;1;;;;;;;30;1077;34;101100;RUR
1123970;;VPPL;RENEWAL_VP;1;;;;;;;30;1704;37;527300;RUR
1123971;;VPPL;VP;1;;;;;;;30;1844;34;152400;RUR
1123972;;VPPL;RENEWAL_VP;5;;;;;;;30;1511;36;2793000;RUR
1123973;;VPPL;AP;5;;;;;;;30;1103;34;1943000;RUR
1123974;;VPPL;VPREM;1;;;;;;;30;1000009;38;275700;RUR
1123975;;VPPL;VP;5;;;;;;;30;1556;36;593000;RUR
1123976;;VPPL;RENEWAL_VP;5;;;;;;;30;1384;34;2222500;RUR
1123977;;VPPL;AP;5;;;;;;;30;1946;35;1690500;RUR
1123978;;VPPL;VP;1;;;;;;;30;1932;37;131100;RUR
1123979;;VPPL;VP;5;;;;;;;30;11000118;36;697500;RUR
1123980;;VPPL;RENEWAL_VP;1;;;;;;;30;1434;35;248300;RUR
1123981;;VPPL;AP;5;;;;;;;30;1880;38;2379500;RUR
1123982;;VPPL;AP;1;;;;;;;30;1438;38;706100;RUR
1123983;;VPPL;VP;5;;;;;;;30;1898;34;505500;RUR
1123984;;VPPL;AP;5;;;;;;;30;16;37;3331000;RUR
1123985;;VPPL;AP;5;;;;;;;30;1943;38;2264500;RUR
1123986;;VPPL;AP;5;;;;;;;30;1249;35;2514500;RUR
1123987;;VPPL;VPREM;1;;;;;;;30;1308;37;1228900;RUR
1123988;;VPPL;VPREM;1;;;;;;;30;1146;37;1907200;RUR
1123989;;VPPL;VP;1;;;;;;;30;1575;37;158500;RUR
1123990;;VPPL;RENEWAL_VP;5;;;;;;;30;1317;34;2222500;RUR
1123991;;VPPL;AP;1;;;;;;;30;1342;38;706100;RUR
1123992;;VPPL;VPREM;5;;;;;;;30;1905;37;5837500;RUR
1123993;;VPPL;VPREM;1;;;;;;;30;1982;36;1116700;RUR
1123994;;VPPL;VPREM;5;;;;;;;30;1463;37;2612000;RUR
1123995;;VPPL;RENEWAL_VP;1;;;;;;;30;1844;37;644900;RUR
1123996;;VPPL;RENEWAL_VP;1;;;;;;;30;1511;38;706100;RUR
1123997;;VPPL;VP;5;;;;;;;30;1652;35;614500;RUR
1123998;;VPPL;RENEWAL_VP;1;;;;;;;30;1716;34;408100;RUR
1123999;;VPPL;VPREM;5;;;;;;;30;1596;36;6709500;RUR
1124000;;VPPL;RENEWAL_VP;1;;;;;;;30;1614;38;576000;RUR
1124001;;VPPL;VP;1;;;;;;;30;1905;38;142400;RUR
1124002;;VPPL;RENEWAL_VP;1;;;;;;;30;2000232;37;833800;RUR
1124003;;VPPL;AP;1;;;;;;;30;1596;36;588000;RUR
1124004;;VPPL;VPREM;1;;;;;;;30;1146;36;1733700;RUR
1124005;;VPPL;VPREM;1;;;;;;;30;1475;35;449900;RUR
1124006;;VPPL;VP;5;;;;;;;30;1530;35;769000;RUR
1124007;;VPPL;AP;1;;;;;;;30;1229;34;408100;RUR
1124008;;VPPL;VPREM;5;;;;;;;30;1422;37;5837500;RUR
1124009;;VPPL;VP;5;;;;;;;30;1932;34;505500;RUR
1124010;;VPPL;VPREM;5;;;;;;;30;1913;34;4514500;RUR
1124011;;VPPL;AP;1;;;;;;;30;1553;36;396000;RUR
1124012;;VPPL;RENEWAL_VP;1;;;;;;;30;1146;34;617000;RUR
1124013;;VPPL;VP;5;;;;;;;30;1530;36;851500;RUR
1124014;;VPPL;VPREM;5;;;;;;;30;1739;34;4514500;RUR
1124015;;VPPL;RENEWAL_VP;5;;;;;;;30;1553;34;1554500;RUR
1124016;;VPPL;VPREM;1;;;;;;;30;1716;36;1116700;RUR
1124017;;VPPL;RENEWAL_VP;5;;;;;;;30;1844;34;2374500;RUR
1124018;;VPPL;VPREM;5;;;;;;;30;1932;35;4773500;RUR
1124019;;VPPL;VP;1;;;;;;;30;1124;38;214900;RUR
1124020;;VPPL;VP;1;;;;;;;30;1202;37;254800;RUR
1124021;;VPPL;VPREM;1;;;;;;;30;1434;34;424900;RUR
1124022;;VPPL;VPREM;1;;;;;;;30;1124;38;1695000;RUR
1124023;;VPPL;RENEWAL_VP;1;;;;;;;30;2000236;34;600500;RUR
1124024;;VPPL;AP;1;;;;;;;30;1020;34;433000;RUR
1124025;;VPPL;AP;1;;;;;;;30;1216;36;396000;RUR
1124026;;VPPL;AP;5;;;;;;;30;1890;38;2736500;RUR
1124027;;VPPL;RENEWAL_VP;5;;;;;;;30;1905;37;2140500;RUR
1124028;;VPPL;AP;1;;;;;;;30;1000009;37;433200;RUR
1124029;;VPPL;AP;1;;;;;;;30;1913;35;430400;RUR
1124030;;VPPL;AP;5;;;;;;;30;1596;38;3355500;RUR
1124031;;VPPL;VP;1;;;;;;;30;1530;36;179300;RUR
1124032;;VPPL;VPREM;5;;;;;;;30;1229;34;4514500;RUR
1124033;;VPPL;AP;1;;;;;;;30;1771;34;348300;RUR
1124034;;VPPL;VP;1;;;;;;;30;1652;34;121900;RUR
1124035;;VPPL;AP;1;;;;;;;30;2114;37;603600;RUR
1124036;;VPPL;AP;5;;;;;;;30;2209;36;1881000;RUR
1124037;;VPPL;VPREM;1;;;;;;;30;1434;38;599800;RUR
1124038;;VPPL;RENEWAL_VP;1;;;;;;;30;1124;34;499800;RUR
1124039;;VPPL;AP;5;;;;;;;30;1077;37;2140500;RUR
1124040;;VPPL;RENEWAL_VP;5;;;;;;;30;1880;37;2178000;RUR
1124041;;VPPL;AP;5;;;;;;;30;1187;35;1747500;RUR
1124042;;VPPL;AP;1;;;;;;;30;1422;38;475900;RUR
1124043;;VPPL;VP;5;;;;;;;30;1103;34;581500;RUR
1124044;;VPPL;AP;1;;;;;;;30;2134;34;336900;RUR
1124045;;VPPL;RENEWAL_VP;1;;;;;;;30;1806;35;495500;RUR
1124046;;VPPL;VP;5;;;;;;;30;1553;34;450000;RUR
1124047;;VPPL;VP;5;;;;;;;30;1530;34;724500;RUR
1124048;;VPPL;AP;1;;;;;;;30;1932;38;492100;RUR
1124049;;VPPL;VP;5;;;;;;;30;1187;36;593000;RUR
1124050;;VPPL;VPREM;1;;;;;;;30;1679;37;1351900;RUR
1124051;;VPPL;VPREM;1;;;;;;;30;1960;34;949900;RUR
1124052;;VPPL;AP;1;;;;;;;30;1620;34;348300;RUR
1124053;;VPPL;VPREM;1;;;;;;;30;1041;38;1339900;RUR
1124054;;VPPL;AP;5;;;;;;;30;1754;37;2504500;RUR
1124055;;VPPL;VPREM;5;;;;;;;30;1261;36;8235000;RUR
1124056;;VPPL;RENEWAL_VP;5;;;;;;;30;1960;35;1641000;RUR
1124057;;VPPL;AP;1;;;;;;;30;1646;38;576000;RUR
1124058;;VPPL;RENEWAL_VP;5;;;;;;;30;1679;38;3141000;RUR
1124059;;VPPL;VP;5;;;;;;;30;16;37;1009500;RUR
1124060;;VPPL;AP;1;;;;;;;30;1347;37;644900;RUR
1124061;;VPPL;AP;1;;;;;;;30;1828;37;435900;RUR
1124062;;VPPL;RENEWAL_VP;1;;;;;;;30;2114;38;660900;RUR
1124063;;VPPL;RENEWAL_VP;1;;;;;;;30;1932;35;367900;RUR
1124064;;VPPL;RENEWAL_VP;1;;;;;;;30;1739;35;430400;RUR
1124065;;VPPL;AP;1;;;;;;;30;1596;34;499800;RUR
1124066;;VPPL;RENEWAL_VP;1;;;;;;;30;1146;35;652400;RUR
1124067;;VPPL;VP;5;;;;;;;30;1948;38;824500;RUR
1124068;;VPPL;RENEWAL_VP;1;;;;;;;30;1229;36;479400;RUR
1124069;;VPPL;RENEWAL_VP;5;;;;;;;30;1614;37;2504500;RUR
1124070;;VPPL;AP;1;;;;;;;30;1511;36;588000;RUR
1124071;;VPPL;AP;5;;;;;;;30;2000236;35;3057500;RUR
1124072;;VPPL;VP;5;;;;;;;30;1261;36;1095500;RUR
1124073;;VPPL;VPREM;5;;;;;;;30;1913;38;6364500;RUR
1124074;;VPPL;AP;5;;;;;;;30;1646;34;1943000;RUR
1124075;;VPPL;RENEWAL_VP;1;;;;;;;30;1077;34;348300;RUR
1124076;;VPPL;VPREM;1;;;;;;;30;2155;34;424900;RUR
1124077;;VPPL;VPREM;1;;;;;;;30;2155;38;599800;RUR
1124078;;VPPL;VPREM;5;;;;;;;30;1661;38;6364500;RUR
1124079;;VPPL;VP;5;;;;;;;30;1118;38;712000;RUR
1124080;;VPPL;RENEWAL_VP;1;;;;;;;30;1679;38;660900;RUR
1124081;;VPPL;VPREM;1;;;;;;;30;1118;37;1228900;RUR
1124082;;VPPL;VP;5;;;;;;;30;2173;35;404500;RUR
1124083;;VPPL;AP;1;;;;;;;30;1941;35;355900;RUR
1124084;;VPPL;VP;5;;;;;;;30;1438;38;1018000;RUR
1124085;;VPPL;VP;1;;;;;;;30;1898;35;107400;RUR
1124086;;VPPL;VPREM;5;;;;;;;30;1905;34;4514500;RUR
1124087;;VPPL;AP;1;;;;;;;30;1422;34;336900;RUR
1124088;;VPPL;VPREM;5;;;;;;;30;1913;36;5304500;RUR
1124089;;VPPL;AP;1;;;;;;;30;1174;37;435900;RUR
1124090;;VPPL;VP;5;;;;;;;30;1596;38;1018000;RUR
1124091;;VPPL;VP;1;;;;;;;30;1946;37;115700;RUR
1124092;;VPPL;RENEWAL_VP;1;;;;;;;30;2114;34;467800;RUR
1124093;;VPPL;VP;1;;;;;;;30;1169;36;105200;RUR
1124094;;VPPL;VP;1;;;;;;;30;1317;36;167800;RUR
1124095;;VPPL;AP;5;;;;;;;30;1124;37;3063000;RUR
1124096;;VPPL;RENEWAL_VP;5;;;;;;;30;1103;37;2504500;RUR
1124097;;VPPL;VPREM;5;;;;;;;30;1783;36;5304500;RUR
1124098;;VPPL;RENEWAL_VP;5;;;;;;;30;1192;34;1655500;RUR
1124099;;VPPL;AP;5;;;;;;;30;2155;34;1599500;RUR
1124100;;VPPL;VPREM;1;;;;;;;30;1739;37;1228900;RUR
1124101;;VPPL;AP;1;;;;;;;30;1679;35;495500;RUR
1124102;;VPPL;VP;5;;;;;;;30;1000009;37;590500;RUR
1124103;;VPPL;AP;1;;;;;;;30;1192;37;450700;RUR
1124104;;VPPL;VP;1;;;;;;;30;1124;37;197900;RUR
1124105;;VPPL;AP;5;;;;;;;30;1556;36;1947000;RUR
1124106;;VPPL;AP;5;;;;;;;30;1202;35;3099500;RUR
1124107;;VPPL;RENEWAL_VP;5;;;;;;;30;2173;38;1369500;RUR
1124108;;VPPL;AP;1;;;;;;;30;1187;37;450700;RUR
1124109;;VPPL;VP;1;;;;;;;30;1596;38;214900;RUR
1124110;;VPPL;AP;1;;;;;;;30;1192;38;492100;RUR
1124111;;VPPL;AP;5;;;;;;;30;1422;38;2264500;RUR
1124112;;VPPL;RENEWAL_VP;1;;;;;;;30;1217;36;508600;RUR
1124113;;VPPL;RENEWAL_VP;1;;;;;;;30;1806;34;467800;RUR
1124114;;VPPL;RENEWAL_VP;1;;;;;;;30;1308;38;462100;RUR
1124115;;VPPL;AP;1;;;;;;;30;1008;37;527300;RUR
1124116;;VPPL;RENEWAL_VP;5;;;;;;;30;1975;36;2277500;RUR
1124117;;VPPL;AP;5;;;;;;;30;1008;34;1943000;RUR
1124118;;VPPL;VP;1;;;;;;;30;1679;36;167800;RUR
1124119;;VPPL;AP;5;;;;;;;30;1202;37;3799500;RUR
1124120;;VPPL;RENEWAL_VP;1;;;;;;;30;1146;36;725600;RUR
1124121;;VPPL;VP;5;;;;;;;30;2000232;36;1133000;RUR
1124122;;VPPL;VP;5;;;;;;;30;1511;38;1018000;RUR
1124123;;VPPL;AP;5;;;;;;;30;1898;37;2140500;RUR
1124124;;VPPL;VPREM;1;;;;;;;30;1563;37;1228900;RUR
1124125;;VPPL;AP;1;;;;;;;30;1438;36;588000;RUR
1124126;;VPPL;VP;1;;;;;;;30;1174;35;94700;RUR
1124127;;VPPL;VPREM;1;;;;;;;30;1620;34;949900;RUR
1124128;;VPPL;VPREM;1;;;;;;;30;1575;36;1116700;RUR
1124129;;VPPL;RENEWAL_VP;1;;;;;;;30;1898;35;367900;RUR
1124130;;VPPL;VP;5;;;;;;;30;11000116;34;697500;RUR
1124131;;VPPL;VP;5;;;;;;;30;1890;34;581500;RUR
1124132;;VPPL;AP;1;;;;;;;30;1438;35;529400;RUR
1124133;;VPPL;VP;1;;;;;;;30;1943;38;126200;RUR
1124134;;VPPL;VP;5;;;;;;;30;1008;35;620000;RUR
1124135;;VPPL;RENEWAL_VP;5;;;;;;;30;1817;38;2379500;RUR
1124136;;VPPL;AP;1;;;;;;;30;1960;36;396000;RUR
1124137;;VPPL;VPREM;5;;;;;;;30;1982;36;5304500;RUR
1124138;;VPPL;VPREM;5;;;;;;;30;1090;37;5837500;RUR
1124139;;VPPL;VP;1;;;;;;;30;1716;34;121900;RUR
1124140;;VPPL;AP;1;;;;;;;30;11000118;38;1181900;RUR
1124141;;VPPL;VPREM;1;;;;;;;30;1596;37;1554700;RUR
1124142;;VPPL;VPREM;1;;;;;;;30;1739;38;1339900;RUR
1124143;;VPPL;RENEWAL_VP;5;;;;;;;30;1661;38;2736500;RUR
1124144;;VPPL;VP;1;;;;;;;30;11000113;34;89000;RUR
1124145;;VPPL;RENEWAL_VP;1;;;;;;;30;1249;38;706100;RUR
1124146;;VPPL;VPREM;1;;;;;;;30;1946;34;949900;RUR
1124147;;VPPL;VPREM;5;;;;;;;30;1614;34;4514500;RUR
1124148;;VPPL;VPREM;1;;;;;;;30;1424;36;499900;RUR
1124149;;VPPL;RENEWAL_VP;5;;;;;;;30;2000231;37;4342000;RUR
1124150;;VPPL;RENEWAL_VP;5;;;;;;;30;2000232;38;4310500;RUR
1124151;;VPPL;VP;5;;;;;;;30;11000113;36;423000;RUR
1124152;;VPPL;AP;5;;;;;;;30;1941;34;1599500;RUR
1124153;;VPPL;RENEWAL_VP;1;;;;;;;30;1317;36;550400;RUR
1124154;;VPPL;RENEWAL_VP;5;;;;;;;30;1061;35;1747500;RUR
1124155;;VPPL;AP;1;;;;;;;30;1261;36;725600;RUR
1124156;;VPPL;RENEWAL_VP;1;;;;;;;30;1556;36;409900;RUR
1124157;;VPPL;VPREM;1;;;;;;;30;1905;36;1116700;RUR
1124158;;VPPL;AP;1;;;;;;;30;2000232;34;643200;RUR
1124159;;VPPL;VP;1;;;;;;;30;1982;35;94700;RUR
1124160;;VPPL;AP;5;;;;;;;30;1475;38;2264500;RUR
1124161;;VPPL;AP;5;;;;;;;30;11000118;37;5322500;RUR
1124162;;VPPL;RENEWAL_VP;1;;;;;;;30;1500;35;248300;RUR
1124163;;VPPL;AP;5;;;;;;;30;1596;36;2793000;RUR
1124164;;VPPL;RENEWAL_VP;5;;;;;;;30;2173;36;1139500;RUR
1124165;;VPPL;AP;1;;;;;;;30;1308;37;435900;RUR
1124166;;VPPL;VPREM;1;;;;;;;30;1424;34;424900;RUR
1124167;;VPPL;VPREM;5;;;;;;;30;2134;34;2018000;RUR
1124168;;VPPL;AP;1;;;;;;;30;1754;37;527300;RUR
1124169;;VPPL;VP;5;;;;;;;30;1783;38;824500;RUR
1124170;;VPPL;VPREM;5;;;;;;;30;1342;34;5709000;RUR
1124171;;VPPL;VPREM;5;;;;;;;30;1739;38;6364500;RUR
1124172;;VPPL;VP;5;;;;;;;30;1739;37;753000;RUR
1124173;;VPPL;VPREM;1;;;;;;;30;1103;38;1339900;RUR
1124174;;VPPL;VP;5;;;;;;;30;1249;37;940000;RUR
1124175;;VPPL;VPREM;1;;;;;;;30;1051;34;949900;RUR
1124176;;VPPL;AP;5;;;;;;;30;1586;37;3063000;RUR
1124177;;VPPL;RENEWAL_VP;1;;;;;;;30;1000009;37;173300;RUR
1124178;;VPPL;VPREM;1;;;;;;;30;1308;36;1116700;RUR
1124179;;VPPL;RENEWAL_VP;1;;;;;;;30;1624;36;588000;RUR
1124180;;VPPL;RENEWAL_VP;1;;;;;;;30;1898;37;450700;RUR
1124181;;VPPL;VP;5;;;;;;;30;1317;37;880000;RUR
1124182;;VPPL;VPREM;5;;;;;;;30;1614;36;5304500;RUR
1124183;;VPPL;AP;1;;;;;;;30;11000118;34;1181900;RUR
1124184;;VPPL;RENEWAL_VP;1;;;;;;;30;1905;34;348300;RUR
1124185;;VPPL;VP;1;;;;;;;30;1624;34;152400;RUR
1124186;;VPPL;VPREM;5;;;;;;;30;1434;36;2374500;RUR
1124187;;VPPL;VPREM;5;;;;;;;30;1898;37;5837500;RUR
1124188;;VPPL;VP;5;;;;;;;30;1575;35;614500;RUR
1124189;;VPPL;AP;1;;;;;;;30;1586;38;706100;RUR
1124190;;VPPL;RENEWAL_VP;1;;;;;;;30;1255;34;433000;RUR
1124191;;VPPL;VP;5;;;;;;;30;1806;36;797000;RUR
1124192;;VPPL;AP;5;;;;;;;30;1828;34;1599500;RUR
1124193;;VPPL;VP;5;;;;;;;30;1806;37;880000;RUR
1124194;;VPPL;VPREM;1;;;;;;;30;1982;37;1228900;RUR
1124195;;VPPL;RENEWAL_VP;5;;;;;;;30;1530;35;2514500;RUR
1124196;;VPPL;AP;1;;;;;;;30;1783;34;408100;RUR
1124197;;VPPL;VPREM;1;;;;;;;30;1090;34;949900;RUR
1124198;;VPPL;VPREM;5;;;;;;;30;1255;35;4773500;RUR
1124199;;VPPL;VP;5;;;;;;;30;1679;34;678000;RUR
1124200;;VPPL;VP;1;;;;;;;30;1000009;37;126000;RUR
1124201;;VPPL;AP;5;;;;;;;30;11000113;34;1050500;RUR
1124202;;VPPL;AP;1;;;;;;;30;1771;35;367900;RUR
1124203;;VPPL;AP;5;;;;;;;30;2209;38;2264500;RUR
1124204;;VPPL;AP;1;;;;;;;30;1739;36;479400;RUR
1124205;;VPPL;RENEWAL_VP;5;;;;;;;30;1249;37;3063000;RUR
1124206;;VPPL;VP;1;;;;;;;30;1828;37;104900;RUR
1124207;;VPPL;VP;5;;;;;;;30;1308;34;450000;RUR
1124208;;VPPL;VPREM;5;;;;;;;30;1880;35;4773500;RUR
1124209;;VPPL;VP;5;;;;;;;30;1216;38;631000;RUR
1124210;;VPPL;RENEWAL_VP;1;;;;;;;30;1308;36;384900;RUR
1124211;;VPPL;VPREM;1;;;;;;;30;1475;36;499900;RUR
1124212;;VPPL;VP;1;;;;;;;30;1530;37;197900;RUR
1124213;;VPPL;AP;5;;;;;;;30;1511;38;3355500;RUR
1124214;;VPPL;AP;5;;;;;;;30;1817;34;1689500;RUR
1124215;;VPPL;AP;5;;;;;;;30;1960;37;2070500;RUR
1124216;;VPPL;VPREM;5;;;;;;;30;1061;37;5837500;RUR
1124217;;VPPL;AP;1;;;;;;;30;1308;36;396000;RUR
1124218;;VPPL;AP;1;;;;;;;30;1614;34;408100;RUR
1124219;;VPPL;VP;5;;;;;;;30;1716;34;581500;RUR
1124220;;VPPL;RENEWAL_VP;5;;;;;;;30;1828;37;1861500;RUR
1124221;;VPPL;VP;1;;;;;;;30;1679;34;142600;RUR
1124222;;VPPL;AP;5;;;;;;;30;1511;36;2793000;RUR
1124223;;VPPL;VP;5;;;;;;;30;1913;34;581500;RUR
1124224;;VPPL;VPREM;1;;;;;;;30;1946;38;1339900;RUR
1124225;;VPPL;VP;5;;;;;;;30;1960;36;526000;RUR
1124226;;VPPL;VPREM;5;;;;;;;30;1187;38;6364500;RUR
1124227;;VPPL;AP;5;;;;;;;30;1975;34;1943000;RUR
1124228;;VPPL;VPREM;1;;;;;;;30;11000118;34;704700;RUR
1124229;;VPPL;VPREM;5;;;;;;;30;1308;38;6364500;RUR
1124230;;VPPL;VP;1;;;;;;;30;1575;36;143600;RUR
1124231;;VPPL;RENEWAL_VP;1;;;;;;;30;1481;37;412400;RUR
1124232;;VPPL;AP;5;;;;;;;30;1077;35;1747500;RUR
1124233;;VPPL;VPREM;5;;;;;;;30;1217;36;5304500;RUR
1124234;;VPPL;VP;1;;;;;;;30;1783;35;129400;RUR
1124235;;VPPL;VP;1;;;;;;;30;1586;35;161900;RUR
1124236;;VPPL;RENEWAL_VP;5;;;;;;;30;1898;36;1947000;RUR
1124237;;VPPL;RENEWAL_VP;5;;;;;;;30;1620;38;2339500;RUR
1124238;;VPPL;AP;1;;;;;;;30;1169;38;475900;RUR
1124239;;VPPL;VP;5;;;;;;;30;1783;36;682000;RUR
1124240;;VPPL;VP;1;;;;;;;30;1169;34;90000;RUR
1124241;;VPPL;RENEWAL_VP;1;;;;;;;30;1511;37;644900;RUR
1124242;;VPPL;VP;1;;;;;;;30;2000231;38;293500;RUR
1124243;;VPPL;VP;1;;;;;;;30;1943;35;94700;RUR
1124244;;VPPL;VPREM;1;;;;;;;30;11000118;35;704700;RUR
1124245;;VPPL;RENEWAL_VP;1;;;;;;;30;1118;38;492100;RUR
1124246;;VPPL;VP;5;;;;;;;30;1118;36;593000;RUR
1124247;;VPPL;AP;1;;;;;;;30;1174;34;336900;RUR
1124248;;VPPL;RENEWAL_VP;1;;;;;;;30;1077;36;409900;RUR
1124249;;VPPL;AP;1;;;;;;;30;2155;38;475900;RUR
1124250;;VPPL;AP;5;;;;;;;30;1124;36;2793000;RUR
1124251;;VPPL;AP;1;;;;;;;30;1008;34;408100;RUR
1124252;;VPPL;VPREM;1;;;;;;;30;1844;34;1201600;RUR
1124253;;VPPL;VP;5;;;;;;;30;1424;34;442000;RUR
1124254;;VPPL;VP;5;;;;;;;30;1505;34;505500;RUR
1124255;;VPPL;RENEWAL_VP;1;;;;;;;30;2209;38;287900;RUR
1124256;;VPPL;RENEWAL_VP;5;;;;;;;30;1500;34;1115000;RUR
1124257;;VPPL;VPREM;5;;;;;;;30;1556;38;6364500;RUR
1124258;;VPPL;VPREM;1;;;;;;;30;1500;37;549900;RUR
1124259;;VPPL;VPREM;1;;;;;;;30;11000113;38;205100;RUR
1124260;;VPPL;VP;1;;;;;;;30;2000232;36;238500;RUR
1124261;;VPPL;RENEWAL_VP;1;;;;;;;30;1905;35;367900;RUR
1124262;;VPPL;RENEWAL_VP;1;;;;;;;30;1806;37;603600;RUR
1124263;;VPPL;VP;1;;;;;;;30;1342;35;161900;RUR
1124264;;VPPL;RENEWAL_VP;5;;;;;;;30;11000118;34;2227000;RUR
1124265;;VPPL;VP;5;;;;;;;30;1596;37;940000;RUR
1124266;;VPPL;VPREM;5;;;;;;;30;16;34;3533000;RUR
1124267;;VPPL;RENEWAL_VP;1;;;;;;;30;1679;37;603600;RUR
1124268;;VPPL;VPREM;1;;;;;;;30;1890;35;1004900;RUR
1124269;;VPPL;VPREM;1;;;;;;;30;1000009;36;275700;RUR
1124270;;VPPL;VP;1;;;;;;;30;1051;34;101100;RUR
1124271;;VPPL;RENEWAL_VP;5;;;;;;;30;2000232;36;3593000;RUR
1124272;;VPPL;RENEWAL_VP;1;;;;;;;30;1169;35;345500;RUR
1124273;;VPPL;AP;1;;;;;;;30;1481;34;370900;RUR
1124274;;VPPL;RENEWAL_VP;1;;;;;;;30;1898;36;409900;RUR
1124275;;VPPL;AP;5;;;;;;;30;1946;37;2070500;RUR
1124276;;VPPL;VP;5;;;;;;;30;1880;35;544000;RUR
1124277;;VPPL;VP;5;;;;;;;30;1898;36;593000;RUR
1124278;;VPPL;RENEWAL_VP;1;;;;;;;30;11000113;37;158700;RUR
1124279;;VPPL;VPREM;5;;;;;;;30;2000232;34;7457000;RUR
1124280;;VPPL;VP;1;;;;;;;30;1890;36;143600;RUR
1124281;;VPPL;AP;5;;;;;;;30;1229;36;2277500;RUR
1124282;;VPPL;VP;5;;;;;;;30;1041;34;505500;RUR
1124283;;VPPL;RENEWAL_VP;5;;;;;;;30;2173;35;1025500;RUR
1124284;;VPPL;VP;1;;;;;;;30;11000118;35;154200;RUR
1124285;;VPPL;VP;1;;;;;;;30;1051;37;131100;RUR
1124286;;VPPL;VP;5;;;;;;;30;1817;37;666500;RUR
1124287;;VPPL;AP;5;;;;;;;30;1704;38;2736500;RUR
1124288;;VPPL;VPREM;1;;;;;;;30;1505;35;1004900;RUR
1124289;;VPPL;AP;5;;;;;;;30;1061;38;2339500;RUR
1124290;;VPPL;RENEWAL_VP;5;;;;;;;30;1806;35;2353500;RUR
1124291;;VPPL;VPREM;1;;;;;;;30;1500;35;449900;RUR
1124292;;VPPL;RENEWAL_VP;1;;;;;;;30;1960;36;384900;RUR
1124293;;VPPL;VP;1;;;;;;;30;1932;35;107400;RUR
1124294;;VPPL;VPREM;1;;;;;;;30;1817;38;1339900;RUR
1124295;;VPPL;VP;5;;;;;;;30;1624;34;724500;RUR
1124296;;VPPL;RENEWAL_VP;1;;;;;;;30;1434;36;275900;RUR
1124297;;VPPL;RENEWAL_VP;1;;;;;;;30;2155;38;287900;RUR
1124298;;VPPL;RENEWAL_VP;5;;;;;;;30;1505;36;1947000;RUR
1124299;;VPPL;AP;5;;;;;;;30;1739;36;2277500;RUR
1124300;;VPPL;VPREM;1;;;;;;;30;1438;37;1554700;RUR
1124301;;VPPL;AP;5;;;;;;;30;1913;36;2277500;RUR
1124302;;VPPL;RENEWAL_VP;5;;;;;;;30;1620;36;1947000;RUR
1124303;;VPPL;RENEWAL_VP;5;;;;;;;30;1463;35;1179500;RUR
1124304;;VPPL;VPREM;1;;;;;;;30;1817;36;1116700;RUR
1124305;;VPPL;VPREM;5;;;;;;;30;1624;38;8055000;RUR
1124306;;VPPL;AP;1;;;;;;;30;1620;38;492100;RUR
1124307;;VPPL;VP;1;;;;;;;30;1932;38;142400;RUR
1124308;;VPPL;RENEWAL_VP;1;;;;;;;30;1174;34;327100;RUR
1124309;;VPPL;VP;1;;;;;;;30;1661;36;143600;RUR
1124310;;VPPL;VPREM;1;;;;;;;30;1475;34;424900;RUR
1124311;;VPPL;AP;5;;;;;;;30;1347;34;2374500;RUR
1124312;;VPPL;VP;1;;;;;;;30;1261;36;230700;RUR
1124313;;VPPL;VP;5;;;;;;;30;1652;38;824500;RUR
1124314;;VPPL;VPREM;5;;;;;;;30;1898;35;4773500;RUR
1124315;;VPPL;AP;5;;;;;;;30;1679;34;2222500;RUR
1124316;;VPPL;VP;1;;;;;;;30;10000112;36;143600;RUR
1124317;;VPPL;VP;1;;;;;;;30;2114;36;167800;RUR
1124318;;VPPL;VPREM;1;;;;;;;30;1438;38;1695000;RUR
1124319;;VPPL;VPREM;1;;;;;;;30;1471;35;449900;RUR
1124320;;VPPL;RENEWAL_VP;5;;;;;;;30;1828;36;1693000;RUR
1124321;;VPPL;VP;5;;;;;;;30;1192;34;505500;RUR
1124322;;VPPL;RENEWAL_VP;5;;;;;;;30;1880;36;1980500;RUR
1124323;;VPPL;VP;5;;;;;;;30;1124;34;724500;RUR
1124324;;VPPL;VP;1;;;;;;;30;1575;34;121900;RUR
1124325;;VPPL;AP;1;;;;;;;30;1124;35;529400;RUR
1124326;;VPPL;VPREM;5;;;;;;;30;1943;38;6364500;RUR
1124327;;VPPL;AP;1;;;;;;;30;1434;38;475900;RUR
1124328;;VPPL;AP;1;;;;;;;30;1739;34;408100;RUR
1124329;;VPPL;RENEWAL_VP;1;;;;;;;30;1563;36;508600;RUR
1124330;;VPPL;VPREM;5;;;;;;;30;1342;37;7384500;RUR
1124331;;VPPL;RENEWAL_VP;1;;;;;;;30;2134;38;287900;RUR
1124332;;VPPL;VPREM;1;;;;;;;30;1661;34;949900;RUR
1124333;;VPPL;VPREM;5;;;;;;;30;1187;37;5837500;RUR
1124334;;VPPL;VP;1;;;;;;;30;2000232;38;286600;RUR
1124335;;VPPL;RENEWAL_VP;5;;;;;;;30;1859;35;2044500;RUR
1124336;;VPPL;RENEWAL_VP;5;;;;;;;30;1806;34;2222500;RUR
1124337;;VPPL;VP;1;;;;;;;30;16;34;217000;RUR
1124338;;VPPL;AP;5;;;;;;;30;1090;37;2140500;RUR
1124339;;VPPL;AP;5;;;;;;;30;1941;36;1881000;RUR
1124340;;VPPL;VPREM;1;;;;;;;30;1463;38;599800;RUR
1124341;;VPPL;VP;1;;;;;;;30;16;37;217000;RUR
1124342;;VPPL;AP;5;;;;;;;30;1586;36;2793000;RUR
1124343;;VPPL;RENEWAL_VP;5;;;;;;;30;11000118;35;2227000;RUR
1124344;;VPPL;RENEWAL_VP;1;;;;;;;30;1475;37;303500;RUR
1124345;;VPPL;VPREM;1;;;;;;;30;1806;37;1351900;RUR
1124346;;VPPL;VPREM;1;;;;;;;30;1783;38;1339900;RUR
1124347;;VPPL;VPREM;1;;;;;;;30;1192;38;1339900;RUR
1124348;;VPPL;AP;1;;;;;;;30;1982;37;435900;RUR
1124349;;VPPL;RENEWAL_VP;5;;;;;;;30;1216;36;1828500;RUR
1124350;;VPPL;RENEWAL_VP;5;;;;;;;30;1783;36;2277500;RUR
1124351;;VPPL;RENEWAL_VP;5;;;;;;;30;1347;35;2514500;RUR
1124352;;VPPL;AP;5;;;;;;;30;1828;36;1881000;RUR
1124353;;VPPL;AP;1;;;;;;;30;1661;37;527300;RUR
1124354;;VPPL;VPREM;5;;;;;;;30;1624;34;5709000;RUR
1124355;;VPPL;VP;5;;;;;;;30;1679;35;719500;RUR
1124356;;VPPL;VP;1;;;;;;;30;1041;37;131100;RUR
1124357;;VPPL;AP;1;;;;;;;30;1090;38;492100;RUR
1124358;;VPPL;VPREM;1;;;;;;;30;1229;36;1116700;RUR
1124359;;VPPL;RENEWAL_VP;1;;;;;;;30;1754;36;479400;RUR
1124360;;VPPL;VPREM;5;;;;;;;30;1347;38;8055000;RUR
1124361;;VPPL;VP;5;;;;;;;30;1261;35;981000;RUR
1124362;;VPPL;VPREM;5;;;;;;;30;1041;38;6364500;RUR
1124363;;VPPL;RENEWAL_VP;5;;;;;;;30;1946;36;1828500;RUR
1124364;;VPPL;VPREM;1;;;;;;;30;1828;35;1004900;RUR
1124365;;VPPL;VP;1;;;;;;;30;1169;35;94700;RUR
1124366;;VPPL;VP;5;;;;;;;30;1146;38;1317000;RUR
1124367;;VPPL;RENEWAL_VP;5;;;;;;;30;1202;35;3099500;RUR
1124368;;VPPL;AP;1;;;;;;;30;2114;34;467800;RUR
1124369;;VPPL;RENEWAL_VP;1;;;;;;;30;1943;37;423300;RUR
1124370;;VPPL;VP;1;;;;;;;30;1061;35;107400;RUR
1124371;;VPPL;AP;1;;;;;;;30;1661;38;576000;RUR
1124372;;VPPL;RENEWAL_VP;1;;;;;;;30;1103;35;430400;RUR
1124373;;VPPL;VP;5;;;;;;;30;1948;35;614500;RUR
1124374;;VPPL;VPREM;5;;;;;;;30;1051;38;6364500;RUR
1124375;;VPPL;RENEWAL_VP;5;;;;;;;30;1000009;36;827000;RUR
1124376;;VPPL;AP;1;;;;;;;30;1475;35;355900;RUR
1124377;;VPPL;AP;5;;;;;;;30;11000113;35;1050500;RUR
1124378;;VPPL;VP;5;;;;;;;30;1563;36;754500;RUR
1124379;;VPPL;RENEWAL_VP;1;;;;;;;30;1124;38;706100;RUR
1124380;;VPPL;AP;5;;;;;;;30;1187;36;1947000;RUR
1124381;;VPPL;RENEWAL_VP;1;;;;;;;30;1624;35;529400;RUR
1124382;;VPPL;AP;5;;;;;;;30;1563;35;2169000;RUR
1124383;;VPPL;AP;5;;;;;;;30;1614;36;2277500;RUR
1124384;;VPPL;VPREM;1;;;;;;;30;1898;38;1339900;RUR
1124385;;VPPL;VPREM;1;;;;;;;30;1941;38;1339900;RUR
1124386;;VPPL;AP;1;;;;;;;30;1716;34;408100;RUR
1124387;;VPPL;VPREM;1;;;;;;;30;1941;35;1004900;RUR
1124388;;VPPL;VPREM;1;;;;;;;30;1192;34;949900;RUR
1124389;;VPPL;VP;1;;;;;;;30;1500;35;93000;RUR
1124390;;VPPL;AP;1;;;;;;;30;1806;34;467800;RUR
1124391;;VPPL;AP;1;;;;;;;30;1783;37;527300;RUR
1124392;;VPPL;AP;1;;;;;;;30;1646;34;408100;RUR
1124393;;VPPL;VP;5;;;;;;;30;1511;35;769000;RUR
1124394;;VPPL;RENEWAL_VP;1;;;;;;;30;1943;34;327100;RUR
1124395;;VPPL;AP;5;;;;;;;30;1475;36;1881000;RUR
1124396;;VPPL;VPREM;5;;;;;;;30;1646;38;6364500;RUR
1124397;;VPPL;VPREM;5;;;;;;;30;1342;36;6709500;RUR
1124398;;VPPL;AP;5;;;;;;;30;1946;34;1599500;RUR
1124399;;VPPL;VP;1;;;;;;;30;2114;35;151500;RUR
1124400;;VPPL;AP;1;;;;;;;30;1982;36;396000;RUR
1124401;;VPPL;VPREM;5;;;;;;;30;1679;35;5253000;RUR
1124402;;VPPL;RENEWAL_VP;5;;;;;;;30;1596;34;2374500;RUR
1124403;;VPPL;AP;5;;;;;;;30;1505;36;1947000;RUR
1124404;;VPPL;RENEWAL_VP;1;;;;;;;30;1000009;36;173300;RUR
1124405;;VPPL;RENEWAL_VP;1;;;;;;;30;1941;37;423300;RUR
1124406;;VPPL;AP;1;;;;;;;30;1563;36;508600;RUR
1124407;;VPPL;VP;1;;;;;;;30;1424;38;124100;RUR
1124408;;VPPL;VPREM;5;;;;;;;30;2000231;35;8285000;RUR
1124409;;VPPL;VPREM;5;;;;;;;30;1530;34;5709000;RUR
1124410;;VPPL;VP;1;;;;;;;30;11000116;35;154200;RUR
1124411;;VPPL;AP;5;;;;;;;30;1217;38;2903000;RUR
1124412;;VPPL;RENEWAL_VP;1;;;;;;;30;1620;37;450700;RUR
1124413;;VPPL;VP;1;;;;;;;30;1481;34;134100;RUR
1124414;;VPPL;VP;5;;;;;;;30;1481;38;896000;RUR
1124415;;VPPL;AP;5;;;;;;;30;1103;35;2044500;RUR
1124416;;VPPL;RENEWAL_VP;5;;;;;;;30;1880;35;1778000;RUR
1124417;;VPPL;AP;5;;;;;;;30;1255;35;2169000;RUR
1124418;;VPPL;VPREM;1;;;;;;;30;2134;38;599800;RUR
1124419;;VPPL;RENEWAL_VP;1;;;;;;;30;1077;38;492100;RUR
1124420;;VPPL;AP;5;;;;;;;30;1652;37;2504500;RUR
1124421;;VPPL;VP;1;;;;;;;30;2209;36;89900;RUR
1124422;;VPPL;AP;1;;;;;;;30;1463;36;396000;RUR
1124423;;VPPL;AP;1;;;;;;;30;1898;36;409900;RUR
1124424;;VPPL;AP;1;;;;;;;30;1020;35;456600;RUR
1124425;;VPPL;VP;5;;;;;;;30;1008;36;686000;RUR
1124426;;VPPL;VP;5;;;;;;;30;2000231;36;1162000;RUR
1124427;;VPPL;VPREM;1;;;;;;;30;1575;37;1228900;RUR
1124428;;VPPL;VPREM;1;;;;;;;30;1716;38;1339900;RUR
1124429;;VPPL;RENEWAL_VP;1;;;;;;;30;1530;38;706100;RUR
1124430;;VPPL;VPREM;5;;;;;;;30;1960;37;5837500;RUR
1124431;;VPPL;VP;1;;;;;;;30;1384;36;167800;RUR
1124432;;VPPL;RENEWAL_VP;5;;;;;;;30;1806;36;2614500;RUR
1124433;;VPPL;RENEWAL_VP;5;;;;;;;30;1624;37;3063000;RUR
1124434;;VPPL;VP;1;;;;;;;30;1169;37;115700;RUR
1124435;;VPPL;VPREM;5;;;;;;;30;1090;36;5304500;RUR
1124436;;VPPL;AP;5;;;;;;;30;1652;35;2044500;RUR
1124437;;VPPL;RENEWAL_VP;5;;;;;;;30;1620;37;2140500;RUR
1124438;;VPPL;AP;5;;;;;;;30;1913;34;1943000;RUR
1124439;;VPPL;VP;1;;;;;;;30;1652;38;172800;RUR
1124440;;VPPL;VP;5;;;;;;;30;1481;36;749000;RUR
1124441;;VPPL;VPREM;5;;;;;;;30;2209;36;2374500;RUR
1124442;;VPPL;VP;5;;;;;;;30;1505;35;537000;RUR
1124443;;VPPL;VPREM;5;;;;;;;30;1783;38;6364500;RUR
1124444;;VPPL;VPREM;1;;;;;;;30;1216;37;1228900;RUR
1124445;;VPPL;AP;5;;;;;;;30;1500;34;1599500;RUR
1124446;;VPPL;VP;5;;;;;;;30;1505;37;655500;RUR
1124447;;VPPL;RENEWAL_VP;5;;;;;;;30;1090;36;1947000;RUR
1124448;;VPPL;VP;1;;;;;;;30;1118;34;101100;RUR
1124449;;VPPL;VPREM;5;;;;;;;30;1020;36;5304500;RUR
1124450;;VPPL;RENEWAL_VP;1;;;;;;;30;1342;34;499800;RUR
1124451;;VPPL;VPREM;1;;;;;;;30;1859;34;949900;RUR
1124452;;VPPL;AP;5;;;;;;;30;1783;36;2277500;RUR
1124453;;VPPL;VPREM;1;;;;;;;30;2209;34;424900;RUR
1124454;;VPPL;RENEWAL_VP;1;;;;;;;30;1124;37;644900;RUR
1124455;;VPPL;RENEWAL_VP;5;;;;;;;30;2209;35;1025500;RUR
1124456;;VPPL;RENEWAL_VP;1;;;;;;;30;1202;38;870700;RUR
1124457;;VPPL;VPREM;1;;;;;;;30;1500;36;499900;RUR
1124458;;VPPL;VPREM;1;;;;;;;30;1192;35;1004900;RUR
1124459;;VPPL;VPREM;1;;;;;;;30;1530;37;1554700;RUR
1124460;;VPPL;AP;5;;;;;;;30;1008;37;2504500;RUR
1124461;;VPPL;VPREM;1;;;;;;;30;1347;36;1412700;RUR
1124462;;VPPL;VPREM;5;;;;;;;30;1103;35;4773500;RUR
1124463;;VPPL;VP;5;;;;;;;30;1948;36;682000;RUR
1124464;;VPPL;VP;1;;;;;;;30;11000116;34;154200;RUR
1124465;;VPPL;VPREM;5;;;;;;;30;1563;38;6364500;RUR
1124466;;VPPL;VPREM;5;;;;;;;30;1424;38;2849500;RUR
1124467;;VPPL;AP;5;;;;;;;30;1614;37;2504500;RUR
1124468;;VPPL;VP;1;;;;;;;30;1505;35;107400;RUR
1124469;;VPPL;AP;1;;;;;;;30;1422;37;435900;RUR
1124470;;VPPL;VP;5;;;;;;;30;1941;34;450000;RUR
1124471;;VPPL;VPREM;1;;;;;;;30;1704;37;1228900;RUR
1124472;;VPPL;VP;5;;;;;;;30;2114;35;719500;RUR
1124473;;VPPL;RENEWAL_VP;5;;;;;;;30;1754;36;2277500;RUR
1124474;;VPPL;AP;5;;;;;;;30;1739;34;1943000;RUR
1124475;;VPPL;RENEWAL_VP;1;;;;;;;30;1061;37;450700;RUR
1124476;;VPPL;VP;1;;;;;;;30;1943;36;105200;RUR
1124477;;VPPL;RENEWAL_VP;5;;;;;;;30;1192;35;1747500;RUR
1124478;;VPPL;VPREM;1;;;;;;;30;1008;34;949900;RUR
1124479;;VPPL;VP;1;;;;;;;30;1255;35;143100;RUR
1124480;;VPPL;VPREM;1;;;;;;;30;1229;35;1004900;RUR
1124481;;VPPL;RENEWAL_VP;5;;;;;;;30;1020;35;2169000;RUR
1124482;;VPPL;RENEWAL_VP;1;;;;;;;30;1844;36;588000;RUR
1124483;;VPPL;VP;1;;;;;;;30;1880;35;114500;RUR
1124484;;VPPL;AP;1;;;;;;;30;1169;37;435900;RUR
1124485;;VPPL;AP;5;;;;;;;30;1051;34;1655500;RUR
1124486;;VPPL;VP;1;;;;;;;30;1192;36;118600;RUR
1124487;;VPPL;AP;5;;;;;;;30;16;38;3331000;RUR
1124488;;VPPL;VP;1;;;;;;;30;10000112;37;143600;RUR
1124489;;VPPL;RENEWAL_VP;1;;;;;;;30;1575;36;479400;RUR
1124490;;VPPL;AP;1;;;;;;;30;1384;35;495500;RUR
1124491;;VPPL;VPREM;1;;;;;;;30;1614;35;1004900;RUR
1124492;;VPPL;AP;1;;;;;;;30;1898;37;450700;RUR
1124493;;VPPL;VP;5;;;;;;;30;1090;38;712000;RUR
1124494;;VPPL;VPREM;1;;;;;;;30;1061;34;949900;RUR
1124495;;VPPL;VP;5;;;;;;;30;1146;36;1095500;RUR
1124496;;VPPL;VPREM;5;;;;;;;30;1716;37;5837500;RUR
1124497;;VPPL;AP;5;;;;;;;30;1530;35;2514500;RUR
1124498;;VPPL;AP;5;;;;;;;30;1481;37;2275000;RUR
1124499;;VPPL;VPREM;5;;;;;;;30;1118;36;5304500;RUR
1124500;;VPPL;AP;5;;;;;;;30;1530;34;2374500;RUR
1124501;;VPPL;VP;1;;;;;;;30;1771;36;118600;RUR
1124502;;VPPL;RENEWAL_VP;1;;;;;;;30;11000118;38;494300;RUR
1124503;;VPPL;AP;1;;;;;;;30;1384;34;467800;RUR
1124504;;VPPL;VPREM;1;;;;;;;30;2114;34;1044900;RUR
1124505;;VPPL;AP;5;;;;;;;30;1202;36;3447000;RUR
1124506;;VPPL;AP;1;;;;;;;30;1103;34;408100;RUR
1124507;;VPPL;VP;1;;;;;;;30;1652;35;129400;RUR
1124508;;VPPL;RENEWAL_VP;5;;;;;;;30;1475;37;1441500;RUR
1124509;;VPPL;RENEWAL_VP;5;;;;;;;30;1943;37;2010500;RUR
1124510;;VPPL;AP;1;;;;;;;30;2209;38;475900;RUR
1124511;;VPPL;RENEWAL_VP;5;;;;;;;30;1169;38;2197500;RUR
1124512;;VPPL;AP;5;;;;;;;30;2000232;34;3056000;RUR
1124513;;VPPL;VP;5;;;;;;;30;1255;37;833000;RUR
1124514;;VPPL;RENEWAL_VP;5;;;;;;;30;1806;38;3141000;RUR
1124515;;VPPL;VP;1;;;;;;;30;1783;36;143600;RUR
1124516;;VPPL;RENEWAL_VP;1;;;;;;;30;1783;34;408100;RUR
1124517;;VPPL;VP;5;;;;;;;30;1217;34;643000;RUR
1124518;;VPPL;VP;1;;;;;;;30;2155;38;107900;RUR
1124519;;VPPL;VPREM;1;;;;;;;30;1905;38;1339900;RUR
1124520;;VPPL;VP;1;;;;;;;30;1061;36;118600;RUR
1124521;;VPPL;AP;5;;;;;;;30;1077;38;2339500;RUR
1124522;;VPPL;AP;5;;;;;;;30;1771;35;1747500;RUR
1124523;;VPPL;AP;1;;;;;;;30;1217;38;611100;RUR
1124524;;VPPL;VP;5;;;;;;;30;1943;36;526000;RUR
1124525;;VPPL;VP;5;;;;;;;30;1905;36;593000;RUR
1124526;;VPPL;RENEWAL_VP;5;;;;;;;30;1859;37;2504500;RUR
1124527;;VPPL;AP;5;;;;;;;30;1960;35;1690500;RUR
1124528;;VPPL;VPREM;5;;;;;;;30;1754;35;4773500;RUR
1124529;;VPPL;AP;1;;;;;;;30;1890;38;576000;RUR
1124530;;VPPL;AP;5;;;;;;;30;1941;35;1690500;RUR
1124531;;VPPL;VP;5;;;;;;;30;2209;35;404500;RUR
1124532;;VPPL;VP;5;;;;;;;30;1422;38;631000;RUR
1124533;;VPPL;AP;1;;;;;;;30;1905;36;409900;RUR
1124534;;VPPL;VPREM;5;;;;;;;30;1586;38;8055000;RUR
1124535;;VPPL;VPREM;1;;;;;;;30;1982;38;1339900;RUR
1124536;;VPPL;AP;1;;;;;;;30;10000112;36;468200;RUR
1124537;;VPPL;VP;1;;;;;;;30;1438;37;197900;RUR
1124538;;VPPL;AP;1;;;;;;;30;1124;38;706100;RUR
1124539;;VPPL;VP;5;;;;;;;30;1169;37;578500;RUR
1124540;;VPPL;VPREM;1;;;;;;;30;1960;37;1228900;RUR
1124541;;VPPL;VPREM;1;;;;;;;30;1217;38;1339900;RUR
1124542;;VPPL;VP;1;;;;;;;30;1890;38;172800;RUR
1124543;;VPPL;RENEWAL_VP;1;;;;;;;30;2155;34;203900;RUR
1124544;;VPPL;RENEWAL_VP;1;;;;;;;30;1500;38;331100;RUR
1124545;;VPPL;RENEWAL_VP;1;;;;;;;30;1169;37;423300;RUR
1124546;;VPPL;VP;5;;;;;;;30;1880;38;729500;RUR
1124547;;VPPL;VP;5;;;;;;;30;1960;34;450000;RUR
1124548;;VPPL;VPREM;1;;;;;;;30;2000232;34;1569600;RUR
1124549;;VPPL;AP;1;;;;;;;30;2209;36;396000;RUR
1124550;;VPPL;VPREM;1;;;;;;;30;1620;35;1004900;RUR
1124551;;VPPL;AP;1;;;;;;;30;1716;37;527300;RUR
1124552;;VPPL;RENEWAL_VP;5;;;;;;;30;1008;38;2736500;RUR
1124553;;VPPL;AP;5;;;;;;;30;1890;35;2044500;RUR
1124554;;VPPL;VPREM;1;;;;;;;30;10000112;35;299600;RUR
1124555;;VPPL;AP;1;;;;;;;30;1739;37;527300;RUR
1124556;;VPPL;AP;5;;;;;;;30;1890;34;1943000;RUR
1124557;;VPPL;RENEWAL_VP;1;;;;;;;30;1471;36;275900;RUR
1124558;;VPPL;VPREM;5;;;;;;;30;1317;38;7004500;RUR
1124559;;VPPL;AP;1;;;;;;;30;1975;34;408100;RUR
1124560;;VPPL;AP;5;;;;;;;30;1646;36;2277500;RUR
1124561;;VPPL;VP;1;;;;;;;30;1620;37;131100;RUR
1124562;;VPPL;VP;1;;;;;;;30;1596;37;197900;RUR
1124563;;VPPL;RENEWAL_VP;5;;;;;;;30;1614;34;1943000;RUR
1124564;;VPPL;VP;1;;;;;;;30;1880;34;107900;RUR
1124565;;VPPL;AP;5;;;;;;;30;1475;37;2070500;RUR
1124566;;VPPL;VP;5;;;;;;;30;1020;36;754500;RUR
1124567;;VPPL;VPREM;1;;;;;;;30;1646;34;949900;RUR
1124568;;VPPL;RENEWAL_VP;5;;;;;;;30;1090;34;1655500;RUR
1124569;;VPPL;VP;5;;;;;;;30;1661;36;682000;RUR
1124570;;VPPL;AP;5;;;;;;;30;1020;36;2416000;RUR
1124571;;VPPL;VP;1;;;;;;;30;1463;36;103400;RUR
1124572;;VPPL;AP;5;;;;;;;30;1530;38;3355500;RUR
1124573;;VPPL;RENEWAL_VP;5;;;;;;;30;1556;34;1655500;RUR
1124574;;VPPL;VP;1;;;;;;;30;1975;37;158500;RUR
1124575;;VPPL;VPREM;5;;;;;;;30;1661;36;5304500;RUR
1124576;;VPPL;RENEWAL_VP;5;;;;;;;30;2155;36;1139500;RUR
1124577;;VPPL;VPREM;5;;;;;;;30;2155;34;2018000;RUR
1124578;;VPPL;VPREM;5;;;;;;;30;1384;34;4964500;RUR
1124579;;VPPL;VPREM;1;;;;;;;30;1384;36;1228400;RUR
1124580;;VPPL;VPREM;1;;;;;;;30;1679;36;1228400;RUR
1124581;;VPPL;VPREM;1;;;;;;;30;1913;38;1339900;RUR
1124582;;VPPL;VP;1;;;;;;;30;1890;34;121900;RUR
1124583;;VPPL;VPREM;1;;;;;;;30;1905;35;1004900;RUR
1124584;;VPPL;VP;5;;;;;;;30;1118;34;505500;RUR
1124585;;VPPL;AP;5;;;;;;;30;1771;38;2339500;RUR
1124586;;VPPL;VPREM;1;;;;;;;30;1146;35;1560500;RUR
1124587;;VPPL;VPREM;1;;;;;;;30;1905;34;949900;RUR
1124588;;VPPL;VPREM;1;;;;;;;30;2114;36;1228400;RUR
1124589;;VPPL;RENEWAL_VP;1;;;;;;;30;1422;38;462100;RUR
1124590;;VPPL;AP;5;;;;;;;30;1913;38;2736500;RUR
1124591;;VPPL;RENEWAL_VP;1;;;;;;;30;1596;35;529400;RUR
1124592;;VPPL;RENEWAL_VP;5;;;;;;;30;1771;35;1747500;RUR
1124593;;VPPL;VP;1;;;;;;;30;2000232;34;202400;RUR
1124594;;VPPL;AP;1;;;;;;;30;16;35;757000;RUR
1124595;;VPPL;AP;5;;;;;;;30;1124;38;3355500;RUR
1124596;;VPPL;RENEWAL_VP;1;;;;;;;30;1948;38;576000;RUR
1124597;;VPPL;AP;1;;;;;;;30;2000232;36;756300;RUR
1124598;;VPPL;VP;5;;;;;;;30;1471;37;568500;RUR
1124599;;VPPL;VP;1;;;;;;;30;1061;38;142400;RUR
1124600;;VPPL;AP;5;;;;;;;30;1384;37;2867000;RUR
1124601;;VPPL;RENEWAL_VP;1;;;;;;;30;1261;38;870700;RUR
1124602;;VPPL;AP;5;;;;;;;30;1000009;35;2008500;RUR
1124603;;VPPL;AP;1;;;;;;;30;1041;35;367900;RUR
1124604;;VPPL;RENEWAL_VP;1;;;;;;;30;11000118;37;494300;RUR
1124605;;VPPL;AP;5;;;;;;;30;2114;36;2614500;RUR
1124606;;VPPL;VPREM;1;;;;;;;30;1124;34;1201600;RUR
1124607;;VPPL;AP;1;;;;;;;30;1844;38;706100;RUR
1124608;;VPPL;RENEWAL_VP;1;;;;;;;30;16;35;726700;RUR
1124609;;VPPL;AP;5;;;;;;;30;1948;35;2044500;RUR
1124610;;VPPL;RENEWAL_VP;1;;;;;;;30;1505;38;492100;RUR
1124611;;VPPL;RENEWAL_VP;1;;;;;;;30;1061;36;409900;RUR
1124612;;VPPL;VP;1;;;;;;;30;1859;37;158500;RUR
1124613;;VPPL;AP;1;;;;;;;30;1475;34;336900;RUR
1124614;;VPPL;AP;1;;;;;;;30;1754;38;576000;RUR
1124615;;VPPL;AP;1;;;;;;;30;2209;35;355900;RUR
1124616;;VPPL;AP;5;;;;;;;30;1118;37;2140500;RUR
1124617;;VPPL;RENEWAL_VP;1;;;;;;;30;1575;35;430400;RUR
1124618;;VPPL;RENEWAL_VP;5;;;;;;;30;1754;35;2044500;RUR
1124619;;VPPL;VP;1;;;;;;;30;1308;35;94700;RUR
1124620;;VPPL;RENEWAL_VP;5;;;;;;;30;1553;35;1641000;RUR
1124621;;VPPL;AP;1;;;;;;;30;1563;37;559400;RUR
1124622;;VPPL;VPREM;5;;;;;;;30;1217;34;4514500;RUR
1124623;;VPPL;RENEWAL_VP;1;;;;;;;30;2000232;35;680100;RUR
1124624;;VPPL;AP;5;;;;;;;30;1679;35;2353500;RUR
1124625;;VPPL;VP;5;;;;;;;30;1620;35;537000;RUR
1124626;;VPPL;RENEWAL_VP;1;;;;;;;30;1422;35;345500;RUR
1124627;;VPPL;VPREM;1;;;;;;;30;1261;37;1907200;RUR
1124628;;VPPL;VPREM;1;;;;;;;30;1771;37;1228900;RUR
1124629;;VPPL;VP;5;;;;;;;30;1661;34;581500;RUR
1124630;;VPPL;VP;1;;;;;;;30;1217;34;134900;RUR
1124631;;VPPL;VPREM;5;;;;;;;30;1229;35;4773500;RUR
1124632;;VPPL;RENEWAL_VP;1;;;;;;;30;2000232;34;643200;RUR
1124633;;VPPL;AP;5;;;;;;;30;1596;35;2514500;RUR
1124634;;VPPL;VP;5;;;;;;;30;1438;37;940000;RUR
1124635;;VPPL;VPREM;5;;;;;;;30;1905;36;5304500;RUR
1124636;;VPPL;VPREM;1;;;;;;;30;1890;34;949900;RUR
1124637;;VPPL;VPREM;1;;;;;;;30;1505;38;1339900;RUR
1124638;;VPPL;AP;1;;;;;;;30;1500;36;396000;RUR
1124639;;VPPL;AP;1;;;;;;;30;1905;35;367900;RUR
1124640;;VPPL;RENEWAL_VP;5;;;;;;;30;1913;37;2504500;RUR
1124641;;VPPL;VP;1;;;;;;;30;1716;35;129400;RUR
1124642;;VPPL;RENEWAL_VP;5;;;;;;;30;1217;35;2169000;RUR
1124643;;VPPL;RENEWAL_VP;5;;;;;;;30;2134;34;969500;RUR
1124644;;VPPL;VP;1;;;;;;;30;2114;37;185200;RUR
1124645;;VPPL;AP;1;;;;;;;30;1890;36;479400;RUR
1124646;;VPPL;AP;1;;;;;;;30;1118;34;348300;RUR
1124647;;VPPL;RENEWAL_VP;1;;;;;;;30;1624;34;499800;RUR
1124648;;VPPL;RENEWAL_VP;1;;;;;;;30;1771;35;367900;RUR
1124649;;VPPL;RENEWAL_VP;5;;;;;;;30;1563;36;2416000;RUR
1124650;;VPPL;AP;5;;;;;;;30;1500;38;2264500;RUR
1124651;;VPPL;RENEWAL_VP;1;;;;;;;30;1828;34;302900;RUR
1124652;;VPPL;VPREM;1;;;;;;;30;1553;37;1228900;RUR
1124653;;VPPL;AP;5;;;;;;;30;1347;36;2793000;RUR
1124654;;VPPL;VP;5;;;;;;;30;1975;34;581500;RUR
1124655;;VPPL;AP;1;;;;;;;30;1317;38;660900;RUR
1124656;;VPPL;VP;1;;;;;;;30;1505;37;131100;RUR
1124657;;VPPL;VP;1;;;;;;;30;1624;38;214900;RUR
1124658;;VPPL;VPREM;1;;;;;;;30;11000118;36;704700;RUR
1124659;;VPPL;VPREM;1;;;;;;;30;1982;34;949900;RUR
1124660;;VPPL;VP;5;;;;;;;30;1342;36;851500;RUR
1124661;;VPPL;RENEWAL_VP;1;;;;;;;30;16;36;726700;RUR
1124662;;VPPL;AP;1;;;;;;;30;11000113;36;221200;RUR
1124663;;VPPL;VP;5;;;;;;;30;1620;36;593000;RUR
1124664;;VPPL;RENEWAL_VP;5;;;;;;;30;1422;36;1828500;RUR
1124665;;VPPL;VP;1;;;;;;;30;1118;35;107400;RUR
1124666;;VPPL;AP;5;;;;;;;30;1051;35;1747500;RUR
1124667;;VPPL;AP;1;;;;;;;30;1530;37;644900;RUR
1124668;;VPPL;RENEWAL_VP;5;;;;;;;30;1932;35;1747500;RUR
1124669;;VPPL;RENEWAL_VP;5;;;;;;;30;1471;36;1310500;RUR
1124670;;VPPL;RENEWAL_VP;5;;;;;;;30;1261;38;4135500;RUR
1124671;;VPPL;VP;5;;;;;;;30;2155;36;449500;RUR
1124672;;VPPL;AP;5;;;;;;;30;1174;34;1599500;RUR
1124673;;VPPL;VP;1;;;;;;;30;2114;38;201100;RUR
1124674;;VPPL;VP;5;;;;;;;30;1061;34;505500;RUR
1124675;;VPPL;VPREM;1;;;;;;;30;1563;34;949900;RUR
1124676;;VPPL;VP;1;;;;;;;30;1008;35;130700;RUR
1124677;;VPPL;VPREM;5;;;;;;;30;1556;37;5837500;RUR
1124678;;VPPL;VPREM;1;;;;;;;30;1754;37;1228900;RUR
1124679;;VPPL;AP;5;;;;;;;30;1192;34;1655500;RUR
1124680;;VPPL;AP;1;;;;;;;30;1586;37;644900;RUR
1124681;;VPPL;VPREM;1;;;;;;;30;1932;35;1004900;RUR
1124682;;VPPL;VPREM;1;;;;;;;30;1553;35;1004900;RUR
1124683;;VPPL;VP;1;;;;;;;30;1090;34;101100;RUR
1124684;;VPPL;AP;1;;;;;;;30;1948;34;408100;RUR
1124685;;VPPL;VPREM;1;;;;;;;30;1679;35;1105900;RUR
1124686;;VPPL;AP;5;;;;;;;30;1652;38;2736500;RUR
1124687;;VPPL;VPREM;1;;;;;;;30;2173;35;449900;RUR
1124688;;VPPL;VP;1;;;;;;;30;1124;35;161900;RUR
1124689;;VPPL;AP;5;;;;;;;30;2000232;35;3230500;RUR
1124690;;VPPL;AP;1;;;;;;;30;1932;36;409900;RUR
1124691;;VPPL;RENEWAL_VP;1;;;;;;;30;1880;34;354900;RUR
1124692;;VPPL;AP;5;;;;;;;30;1880;34;1689500;RUR
1124693;;VPPL;RENEWAL_VP;5;;;;;;;30;2173;34;969500;RUR
1124694;;VPPL;VPREM;1;;;;;;;30;2155;37;549900;RUR
1124695;;VPPL;RENEWAL_VP;1;;;;;;;30;1187;38;492100;RUR
1124696;;VPPL;VPREM;5;;;;;;;30;1438;35;6041000;RUR
1124697;;VPPL;VP;5;;;;;;;30;1008;34;584500;RUR
1124698;;VPPL;VPREM;5;;;;;;;30;1090;38;6364500;RUR
1124699;;VPPL;VPREM;5;;;;;;;30;1475;37;2612000;RUR
1124700;;VPPL;RENEWAL_VP;1;;;;;;;30;1463;35;248300;RUR
1124701;;VPPL;VP;1;;;;;;;30;1661;35;129400;RUR
1124702;;VPPL;AP;1;;;;;;;30;1471;35;355900;RUR
1124703;;VPPL;RENEWAL_VP;1;;;;;;;30;1941;35;345500;RUR
1124704;;VPPL;RENEWAL_VP;5;;;;;;;30;1575;37;2504500;RUR
1124705;;VPPL;VPREM;5;;;;;;;30;1249;36;6709500;RUR
1124706;;VPPL;VPREM;1;;;;;;;30;11000113;34;205100;RUR
1124707;;VPPL;AP;5;;;;;;;30;1624;34;2374500;RUR
1124708;;VPPL;RENEWAL_VP;1;;;;;;;30;1020;35;456600;RUR
1124709;;VPPL;RENEWAL_VP;5;;;;;;;30;2000236;36;2603000;RUR
1124710;;VPPL;RENEWAL_VP;5;;;;;;;30;1216;34;1554500;RUR
1124711;;VPPL;RENEWAL_VP;1;;;;;;;30;1061;34;348300;RUR
1124712;;VPPL;VP;1;;;;;;;30;1146;38;277200;RUR
1124713;;VPPL;RENEWAL_VP;1;;;;;;;30;1217;35;456600;RUR
1124714;;VPPL;AP;5;;;;;;;30;1806;38;3141000;RUR
1124715;;VPPL;RENEWAL_VP;1;;;;;;;30;1859;36;479400;RUR
1124716;;VPPL;AP;5;;;;;;;30;1347;38;3355500;RUR
1124717;;VPPL;AP;5;;;;;;;30;1124;34;2374500;RUR
1124718;;VPPL;RENEWAL_VP;1;;;;;;;30;1384;34;467800;RUR
1124719;;VPPL;AP;5;;;;;;;30;1982;34;1599500;RUR
1124720;;VPPL;VPREM;1;;;;;;;30;1317;36;1228400;RUR
1124721;;VPPL;RENEWAL_VP;1;;;;;;;30;1511;36;588000;RUR
1124722;;VPPL;RENEWAL_VP;1;;;;;;;30;11000118;34;494300;RUR
1124723;;VPPL;VPREM;1;;;;;;;30;1890;38;1339900;RUR
1124724;;VPPL;VP;1;;;;;;;30;1679;35;151500;RUR
1124725;;VPPL;VPREM;5;;;;;;;30;1422;34;4514500;RUR
1124726;;VPPL;VP;5;;;;;;;30;1051;34;505500;RUR
1124727;;VPPL;VPREM;1;;;;;;;30;1704;34;949900;RUR
1124728;;VPPL;VPREM;5;;;;;;;30;1077;35;4773500;RUR
1124729;;VPPL;VPREM;5;;;;;;;30;1932;34;4514500;RUR
1124730;;VPPL;RENEWAL_VP;5;;;;;;;30;1505;38;2339500;RUR
1124731;;VPPL;VPREM;1;;;;;;;30;2209;37;549900;RUR
1124732;;VPPL;RENEWAL_VP;1;;;;;;;30;1828;38;427900;RUR
1124733;;VPPL;VP;1;;;;;;;30;1192;35;107400;RUR
1124734;;VPPL;VP;5;;;;;;;30;1169;38;631000;RUR
1124735;;VPPL;RENEWAL_VP;5;;;;;;;30;1438;35;2514500;RUR
1124736;;VPPL;RENEWAL_VP;5;;;;;;;30;1475;36;1310500;RUR
1124737;;VPPL;RENEWAL_VP;5;;;;;;;30;1890;38;2736500;RUR
1124738;;VPPL;VPREM;1;;;;;;;30;2114;35;1105900;RUR
1124739;;VPPL;AP;5;;;;;;;30;1859;38;2736500;RUR
1124740;;VPPL;VP;1;;;;;;;30;1471;34;88400;RUR
1124741;;VPPL;VPREM;5;;;;;;;30;1192;37;5837500;RUR
1124742;;VPPL;AP;5;;;;;;;30;1481;34;1764500;RUR
1124743;;VPPL;VP;1;;;;;;;30;1090;37;131100;RUR
1124744;;VPPL;AP;5;;;;;;;30;1169;36;1881000;RUR
1124745;;VPPL;RENEWAL_VP;5;;;;;;;30;2114;37;2867000;RUR
1124746;;VPPL;VP;5;;;;;;;30;1169;35;473500;RUR
1124747;;VPPL;VP;1;;;;;;;30;1061;34;101100;RUR
1124748;;VPPL;VP;1;;;;;;;30;1828;34;80900;RUR
1124749;;VPPL;VP;1;;;;;;;30;1913;34;121900;RUR
1124750;;VPPL;VPREM;5;;;;;;;30;1000009;35;1181500;RUR
1124751;;VPPL;VPREM;1;;;;;;;30;1463;35;449900;RUR
1124752;;VPPL;RENEWAL_VP;1;;;;;;;30;2000236;37;600500;RUR
1124753;;VPPL;AP;5;;;;;;;30;1187;38;2339500;RUR
1124754;;VPPL;VPREM;5;;;;;;;30;1905;35;4773500;RUR
1124755;;VPPL;AP;1;;;;;;;30;1880;38;500900;RUR
1124756;;VPPL;RENEWAL_VP;1;;;;;;;30;1500;36;275900;RUR
1124757;;VPPL;RENEWAL_VP;5;;;;;;;30;1174;34;1554500;RUR
1124758;;VPPL;AP;1;;;;;;;30;1563;35;456600;RUR
1124759;;VPPL;VPREM;5;;;;;;;30;1913;37;5837500;RUR
1124760;;VPPL;AP;5;;;;;;;30;1308;35;1690500;RUR
1124761;;VPPL;RENEWAL_VP;5;;;;;;;30;1169;36;1828500;RUR
1124762;;VPPL;VPREM;1;;;;;;;30;1505;36;1116700;RUR
1124763;;VPPL;RENEWAL_VP;5;;;;;;;30;11000118;38;2227000;RUR
1124764;;VPPL;AP;5;;;;;;;30;2209;37;2070500;RUR
1124765;;VPPL;AP;5;;;;;;;30;1481;36;2069000;RUR
1124766;;VPPL;RENEWAL_VP;1;;;;;;;30;1434;34;234500;RUR
1124767;;VPPL;RENEWAL_VP;5;;;;;;;30;1471;35;1179500;RUR
1124768;;VPPL;VP;1;;;;;;;30;1217;36;158900;RUR
1124769;;VPPL;AP;5;;;;;;;30;1317;38;3141000;RUR
1124770;;VPPL;VPREM;5;;;;;;;30;1475;35;2137000;RUR
1124771;;VPPL;AP;5;;;;;;;30;1000009;36;2008500;RUR
1124772;;VPPL;RENEWAL_VP;1;;;;;;;30;1948;36;479400;RUR
1124773;;VPPL;VPREM;1;;;;;;;30;1255;36;1116700;RUR
1124774;;VPPL;AP;5;;;;;;;30;1960;34;1599500;RUR
1124775;;VPPL;AP;1;;;;;;;30;1556;35;367900;RUR
1124776;;VPPL;VPREM;1;;;;;;;30;1384;37;1351900;RUR
1124777;;VPPL;VPREM;5;;;;;;;30;2000236;35;8306000;RUR
1124778;;VPPL;VP;5;;;;;;;30;1475;37;568500;RUR
1124779;;VPPL;VPREM;5;;;;;;;30;1187;36;5304500;RUR
1124780;;VPPL;AP;1;;;;;;;30;1575;37;527300;RUR
1124781;;VPPL;AP;5;;;;;;;30;1556;34;1655500;RUR
1124782;;VPPL;AP;5;;;;;;;30;1249;37;3063000;RUR
1124783;;VPPL;RENEWAL_VP;5;;;;;;;30;1586;34;2374500;RUR
1124784;;VPPL;VPREM;5;;;;;;;30;1249;38;8055000;RUR
1124785;;VPPL;VP;5;;;;;;;30;1475;34;442000;RUR
1124786;;VPPL;VPREM;1;;;;;;;30;1471;34;424900;RUR
1124787;;VPPL;VP;5;;;;;;;30;1077;35;537000;RUR
1124788;;VPPL;AP;1;;;;;;;30;1771;38;492100;RUR
1124789;;VPPL;VP;1;;;;;;;30;1041;36;118600;RUR
1124790;;VPPL;AP;1;;;;;;;30;2114;38;660900;RUR
1124791;;VPPL;VPREM;1;;;;;;;30;16;35;797400;RUR
1124792;;VPPL;VPREM;1;;;;;;;30;1553;36;1116700;RUR
1124793;;VPPL;AP;5;;;;;;;30;1943;37;2070500;RUR
1124794;;VPPL;VP;1;;;;;;;30;10000112;38;143600;RUR
1124795;;VPPL;RENEWAL_VP;1;;;;;;;30;1898;34;348300;RUR
1124796;;VPPL;AP;5;;;;;;;30;1471;37;2070500;RUR
1124797;;VPPL;VPREM;1;;;;;;;30;10000112;38;299600;RUR
1124798;;VPPL;RENEWAL_VP;5;;;;;;;30;1077;37;2140500;RUR
1124799;;VPPL;VPREM;5;;;;;;;30;1020;38;6364500;RUR
1124800;;VPPL;RENEWAL_VP;1;;;;;;;30;11000113;35;158700;RUR
1124801;;VPPL;AP;1;;;;;;;30;1261;34;617000;RUR
1124802;;VPPL;VP;5;;;;;;;30;1146;34;931500;RUR
1124803;;VPPL;RENEWAL_VP;1;;;;;;;30;1511;34;499800;RUR
1124804;;VPPL;VP;5;;;;;;;30;1041;35;537000;RUR
1124805;;VPPL;VPREM;1;;;;;;;30;1347;38;1695000;RUR
1124806;;VPPL;AP;5;;;;;;;30;1424;34;1599500;RUR
1124807;;VPPL;AP;1;;;;;;;30;10000112;35;468200;RUR
1124808;;VPPL;RENEWAL_VP;5;;;;;;;30;1859;38;2736500;RUR
1124809;;VPPL;VPREM;1;;;;;;;30;1463;34;424900;RUR
1124810;;VPPL;VPREM;1;;;;;;;30;1008;35;1004900;RUR
1124811;;VPPL;VP;5;;;;;;;30;1624;37;940000;RUR
1124812;;VPPL;VP;1;;;;;;;30;1438;34;152400;RUR
1124813;;VPPL;VPREM;1;;;;;;;30;1008;36;1116700;RUR
1124814;;VPPL;AP;1;;;;;;;30;1982;35;355900;RUR
1124815;;VPPL;VP;5;;;;;;;30;11000118;37;697500;RUR
1124816;;VPPL;RENEWAL_VP;5;;;;;;;30;1384;36;2614500;RUR
1124817;;VPPL;AP;1;;;;;;;30;1880;34;354900;RUR
1124818;;VPPL;VP;1;;;;;;;30;1146;35;206600;RUR
1124819;;VPPL;AP;5;;;;;;;30;1505;35;1747500;RUR
1124820;;VPPL;VPREM;5;;;;;;;30;1620;37;5837500;RUR
1124821;;VPPL;VPREM;5;;;;;;;30;1434;37;2612000;RUR
1124822;;VPPL;RENEWAL_VP;5;;;;;;;30;1704;38;2736500;RUR
1124823;;VPPL;RENEWAL_VP;1;;;;;;;30;2000232;38;907600;RUR
1124824;;VPPL;AP;1;;;;;;;30;2000236;38;667200;RUR
1124825;;VPPL;VP;5;;;;;;;30;1192;37;655500;RUR
1124826;;VPPL;VP;1;;;;;;;30;1103;36;143600;RUR
1124827;;VPPL;VP;1;;;;;;;30;1471;36;103400;RUR
1124828;;VPPL;AP;5;;;;;;;30;2000232;37;3960500;RUR
1124829;;VPPL;RENEWAL_VP;1;;;;;;;30;1347;36;588000;RUR
1124830;;VPPL;AP;1;;;;;;;30;1652;37;527300;RUR
1124831;;VPPL;AP;1;;;;;;;30;1704;38;576000;RUR
1124832;;VPPL;VPREM;5;;;;;;;30;1679;34;4964500;RUR
1124833;;VPPL;VPREM;1;;;;;;;30;1704;35;1004900;RUR
1124834;;VPPL;VPREM;1;;;;;;;30;1614;37;1228900;RUR
1124835;;VPPL;VPREM;1;;;;;;;30;1090;38;1339900;RUR
1124836;;VPPL;AP;1;;;;;;;30;2134;37;435900;RUR
1124837;;VPPL;VPREM;5;;;;;;;30;1471;35;2137000;RUR
1124838;;VPPL;VPREM;1;;;;;;;30;1652;37;1228900;RUR
1124839;;VPPL;AP;1;;;;;;;30;1948;36;479400;RUR
1124840;;VPPL;RENEWAL_VP;5;;;;;;;30;1061;37;2140500;RUR
1124841;;VPPL;RENEWAL_VP;1;;;;;;;30;1434;37;303500;RUR
1124842;;VPPL;RENEWAL_VP;5;;;;;;;30;1975;34;1943000;RUR
1124843;;VPPL;VP;1;;;;;;;30;1948;37;158500;RUR
1124844;;VPPL;AP;5;;;;;;;30;1255;38;2903000;RUR
1124845;;VPPL;RENEWAL_VP;5;;;;;;;30;1249;35;2514500;RUR
1124846;;VPPL;VP;5;;;;;;;30;1463;37;568500;RUR
1124847;;VPPL;AP;1;;;;;;;30;1169;35;355900;RUR
1124848;;VPPL;VP;1;;;;;;;30;1596;34;152400;RUR
1124849;;VPPL;VP;1;;;;;;;30;1229;36;143600;RUR
1124850;;VPPL;VPREM;1;;;;;;;30;1500;38;599800;RUR
1124851;;VPPL;VPREM;5;;;;;;;30;1975;38;6364500;RUR
1124852;;VPPL;AP;1;;;;;;;30;1614;37;527300;RUR
1124853;;VPPL;VP;5;;;;;;;30;1174;38;631000;RUR
1124854;;VPPL;VPREM;1;;;;;;;30;1090;37;1228900;RUR
1124855;;VPPL;AP;1;;;;;;;30;1913;34;408100;RUR
1124856;;VPPL;VP;1;;;;;;;30;1941;37;115700;RUR
1124857;;VPPL;RENEWAL_VP;1;;;;;;;30;1438;34;499800;RUR
1124858;;VPPL;VP;1;;;;;;;30;1586;34;152400;RUR
1124859;;VPPL;RENEWAL_VP;5;;;;;;;30;1975;38;2736500;RUR
1124860;;VPPL;RENEWAL_VP;1;;;;;;;30;1463;38;331100;RUR
1124861;;VPPL;RENEWAL_VP;5;;;;;;;30;1020;38;2903000;RUR
1124862;;VPPL;VPREM;1;;;;;;;30;1342;34;1201600;RUR
1124863;;VPPL;VPREM;5;;;;;;;30;10000112;34;1350000;RUR
1124864;;VPPL;AP;5;;;;;;;30;16;35;3331000;RUR
1124865;;VPPL;AP;1;;;;;;;30;1596;37;644900;RUR
1124866;;VPPL;VP;5;;;;;;;30;1556;35;537000;RUR
1124867;;VPPL;VP;1;;;;;;;30;2155;34;76900;RUR
1124868;;VPPL;VPREM;1;;;;;;;30;1308;35;1004900;RUR
1124869;;VPPL;VPREM;1;;;;;;;30;1530;36;1412700;RUR
1124870;;VPPL;VPREM;5;;;;;;;30;1090;35;4773500;RUR
1124871;;VPPL;VPREM;1;;;;;;;30;1739;34;949900;RUR
1124872;;VPPL;AP;1;;;;;;;30;1103;36;479400;RUR
1124873;;VPPL;RENEWAL_VP;5;;;;;;;30;1229;35;2044500;RUR
1124874;;VPPL;AP;5;;;;;;;30;1216;37;2070500;RUR
1124875;;VPPL;VP;1;;;;;;;30;1817;34;107900;RUR
1124876;;VPPL;AP;1;;;;;;;30;1913;38;576000;RUR
1124877;;VPPL;VPREM;5;;;;;;;30;1739;35;4773500;RUR
1124878;;VPPL;VPREM;1;;;;;;;30;1471;38;599800;RUR
1124879;;VPPL;RENEWAL_VP;5;;;;;;;30;1960;38;2197500;RUR
1124880;;VPPL;AP;5;;;;;;;30;1463;36;1881000;RUR
1124881;;VPPL;VPREM;1;;;;;;;30;1051;36;1116700;RUR
1124882;;VPPL;VPREM;5;;;;;;;30;2000232;37;9646000;RUR
1124883;;VPPL;VP;5;;;;;;;30;1563;38;912000;RUR
1124884;;VPPL;VP;5;;;;;;;30;2173;36;449500;RUR
1124885;;VPPL;VPREM;1;;;;;;;30;1463;37;549900;RUR
1124886;;VPPL;RENEWAL_VP;5;;;;;;;30;1982;36;1828500;RUR
1124887;;VPPL;VPREM;5;;;;;;;30;2000231;37;10128500;RUR
1124888;;VPPL;VPREM;1;;;;;;;30;1216;38;1339900;RUR
1124889;;VPPL;VPREM;1;;;;;;;30;1817;37;1228900;RUR
1124890;;VPPL;AP;1;;;;;;;30;1505;38;492100;RUR
1124891;;VPPL;AP;5;;;;;;;30;1424;36;1881000;RUR
1124892;;VPPL;VP;1;;;;;;;30;1620;35;107400;RUR
1124893;;VPPL;VPREM;1;;;;;;;30;2000236;38;1881400;RUR
1124894;;VPPL;VP;5;;;;;;;30;1020;35;680000;RUR
1124895;;VPPL;VPREM;1;;;;;;;30;11000113;35;205100;RUR
1124896;;VPPL;VPREM;5;;;;;;;30;1646;34;4514500;RUR
1124897;;VPPL;VPREM;1;;;;;;;30;1174;34;949900;RUR
1124898;;VPPL;VPREM;5;;;;;;;30;2114;38;7004500;RUR
1124899;;VPPL;VP;5;;;;;;;30;10000112;37;647500;RUR
1124900;;VPPL;RENEWAL_VP;5;;;;;;;30;11000116;36;2227000;RUR
1124901;;VPPL;AP;5;;;;;;;30;1384;38;3141000;RUR
1124902;;VPPL;RENEWAL_VP;5;;;;;;;30;2114;36;2614500;RUR
1124903;;VPPL;VPREM;5;;;;;;;30;2209;37;2612000;RUR
1124904;;VPPL;VPREM;5;;;;;;;30;1261;37;9059000;RUR
1124905;;VPPL;AP;5;;;;;;;30;1624;38;3355500;RUR
1124906;;VPPL;RENEWAL_VP;1;;;;;;;30;1090;38;492100;RUR
1124907;;VPPL;RENEWAL_VP;5;;;;;;;30;1563;34;2061000;RUR
1124908;;VPPL;RENEWAL_VP;5;;;;;;;30;1817;36;1980500;RUR
1124909;;VPPL;RENEWAL_VP;5;;;;;;;30;1771;38;2339500;RUR
1124910;;VPPL;RENEWAL_VP;5;;;;;;;30;1434;35;1179500;RUR
1124911;;VPPL;AP;1;;;;;;;30;1463;34;336900;RUR
1124912;;VPPL;AP;5;;;;;;;30;1716;37;2504500;RUR
1124913;;VPPL;VPREM;5;;;;;;;30;2114;34;4964500;RUR
1124914;;VPPL;VP;1;;;;;;;30;1308;34;90000;RUR
1124915;;VPPL;AP;1;;;;;;;30;2134;38;475900;RUR
1124916;;VPPL;RENEWAL_VP;5;;;;;;;30;1187;37;2140500;RUR
1124917;;VPPL;VPREM;1;;;;;;;30;1505;37;1228900;RUR
1124918;;VPPL;RENEWAL_VP;1;;;;;;;30;1890;34;408100;RUR
1124919;;VPPL;RENEWAL_VP;5;;;;;;;30;2000232;35;3230500;RUR
1124920;;VPPL;VPREM;1;;;;;;;30;1000009;35;275700;RUR
1124921;;VPPL;VP;1;;;;;;;30;1434;37;113700;RUR
1124922;;VPPL;RENEWAL_VP;5;;;;;;;30;1202;34;2931500;RUR
1124923;;VPPL;VP;1;;;;;;;30;1859;34;121900;RUR
1124924;;VPPL;AP;1;;;;;;;30;1982;34;336900;RUR
1124925;;VPPL;AP;5;;;;;;;30;1620;36;1947000;RUR
1124926;;VPPL;VP;1;;;;;;;30;1424;37;113700;RUR
1124927;;VPPL;AP;1;;;;;;;30;1596;38;706100;RUR
1124928;;VPPL;VPREM;5;;;;;;;30;1556;34;4514500;RUR
1124929;;VPPL;RENEWAL_VP;1;;;;;;;30;1754;37;527300;RUR
1124930;;VPPL;VP;5;;;;;;;30;1308;35;473500;RUR
1124931;;VPPL;VP;5;;;;;;;30;1932;35;537000;RUR
1124932;;VPPL;RENEWAL_VP;5;;;;;;;30;16;37;3230000;RUR
1124933;;VPPL;RENEWAL_VP;1;;;;;;;30;1202;35;652400;RUR
1124934;;VPPL;RENEWAL_VP;1;;;;;;;30;1192;35;367900;RUR
1124935;;VPPL;RENEWAL_VP;5;;;;;;;30;1556;36;1947000;RUR
1124936;;VPPL;RENEWAL_VP;5;;;;;;;30;1913;38;2736500;RUR
1124937;;VPPL;VPREM;1;;;;;;;30;1041;35;1004900;RUR
1124938;;VPPL;VPREM;1;;;;;;;30;2209;35;449900;RUR
1124939;;VPPL;VP;5;;;;;;;30;1946;37;578500;RUR
1124940;;VPPL;VPREM;1;;;;;;;30;2134;36;499900;RUR
1124941;;VPPL;AP;5;;;;;;;30;1661;36;2277500;RUR
1124942;;VPPL;AP;5;;;;;;;30;1553;36;1881000;RUR
1124943;;VPPL;VP;5;;;;;;;30;1817;34;514500;RUR
1124944;;VPPL;RENEWAL_VP;5;;;;;;;30;1844;37;3063000;RUR
1124945;;VPPL;VP;1;;;;;;;30;1249;37;197900;RUR
1124946;;VPPL;AP;1;;;;;;;30;1471;37;435900;RUR
1124947;;VPPL;VPREM;1;;;;;;;30;1563;38;1339900;RUR
1124948;;VPPL;VP;1;;;;;;;30;1434;38;124100;RUR
1124949;;VPPL;AP;5;;;;;;;30;1505;34;1655500;RUR
1124950;;VPPL;AP;5;;;;;;;30;1828;35;1690500;RUR
1124951;;VPPL;VP;5;;;;;;;30;11000116;37;697500;RUR
1124952;;VPPL;AP;5;;;;;;;30;1783;34;1943000;RUR
1124953;;VPPL;VP;5;;;;;;;30;1505;38;712000;RUR
1124954;;VPPL;VPREM;1;;;;;;;30;1424;35;449900;RUR
1124955;;VPPL;VP;1;;;;;;;30;1556;37;131100;RUR
1124956;;VPPL;VP;5;;;;;;;30;1905;37;655500;RUR
1124957;;VPPL;VP;5;;;;;;;30;16;35;1009500;RUR
1124958;;VPPL;VP;5;;;;;;;30;1586;36;851500;RUR
1124959;;VPPL;VP;1;;;;;;;30;1008;34;123400;RUR
1124960;;VPPL;RENEWAL_VP;1;;;;;;;30;1646;34;408100;RUR
1124961;;VPPL;AP;1;;;;;;;30;1103;37;527300;RUR
1124962;;VPPL;VPREM;1;;;;;;;30;1661;36;1116700;RUR
1124963;;VPPL;RENEWAL_VP;5;;;;;;;30;1859;34;1943000;RUR
1124964;;VPPL;VPREM;1;;;;;;;30;10000112;36;299600;RUR
1124965;;VPPL;AP;1;;;;;;;30;2155;36;396000;RUR
1124966;;VPPL;RENEWAL_VP;1;;;;;;;30;1946;35;345500;RUR
1124967;;VPPL;VP;5;;;;;;;30;1586;38;1018000;RUR
1124968;;VPPL;VP;1;;;;;;;30;1704;38;172800;RUR
1124969;;VPPL;VP;1;;;;;;;30;1530;34;152400;RUR
1124970;;VPPL;VPREM;5;;;;;;;30;1347;37;7384500;RUR
1124971;;VPPL;VP;5;;;;;;;30;1905;34;505500;RUR
1124972;;VPPL;VPREM;5;;;;;;;30;1624;37;7384500;RUR
1124973;;VPPL;VPREM;1;;;;;;;30;1347;35;1271800;RUR
1124974;;VPPL;VP;1;;;;;;;30;1946;34;90000;RUR
1124975;;VPPL;AP;1;;;;;;;30;1192;35;367900;RUR
1124976;;VPPL;AP;1;;;;;;;30;1704;34;408100;RUR
1124977;;VPPL;RENEWAL_VP;1;;;;;;;30;1020;37;559400;RUR
1124978;;VPPL;AP;1;;;;;;;30;1960;34;336900;RUR
1124979;;VPPL;AP;1;;;;;;;30;2155;35;355900;RUR
1124980;;VPPL;RENEWAL_VP;5;;;;;;;30;1975;35;2044500;RUR
1124981;;VPPL;VP;5;;;;;;;30;1880;37;666500;RUR
1124982;;VPPL;AP;5;;;;;;;30;1596;34;2374500;RUR
1124983;;VPPL;AP;5;;;;;;;30;1754;36;2277500;RUR
1124984;;VPPL;VPREM;5;;;;;;;30;1652;37;5837500;RUR
1124985;;VPPL;AP;1;;;;;;;30;1347;35;529400;RUR
1124986;;VPPL;VPREM;5;;;;;;;30;1103;34;4514500;RUR
1124987;;VPPL;VP;5;;;;;;;30;1249;36;851500;RUR
1124988;;VPPL;RENEWAL_VP;5;;;;;;;30;1505;37;2140500;RUR
1124989;;VPPL;AP;1;;;;;;;30;1424;38;475900;RUR
1124990;;VPPL;AP;1;;;;;;;30;1308;38;475900;RUR
1124991;;VPPL;AP;1;;;;;;;30;1946;35;355900;RUR
1124992;;VPPL;RENEWAL_VP;1;;;;;;;30;1308;35;345500;RUR
1124993;;VPPL;VP;1;;;;;;;30;1716;37;158500;RUR
1124994;;VPPL;VPREM;5;;;;;;;30;1941;37;5837500;RUR
1124995;;VPPL;VPREM;5;;;;;;;30;2173;38;2849500;RUR
1124996;;VPPL;VP;5;;;;;;;30;1913;38;824500;RUR
1124997;;VPPL;AP;1;;;;;;;30;1342;34;499800;RUR
1124998;;VPPL;AP;5;;;;;;;30;1481;38;2484500;RUR
1124999;;VPPL;VPREM;1;;;;;;;30;1975;37;1228900;RUR
1125000;;VPPL;VPREM;5;;;;;;;30;1187;34;4514500;RUR
1125001;;VPPL;AP;5;;;;;;;30;2114;35;2353500;RUR
1125002;;VPPL;VP;5;;;;;;;30;1620;38;712000;RUR
1125003;;VPPL;AP;1;;;;;;;30;1716;35;430400;RUR
1125004;;VPPL;AP;5;;;;;;;30;1932;37;2140500;RUR
1125005;;VPPL;AP;5;;;;;;;30;2000231;34;3354000;RUR
1125006;;VPPL;VPREM;1;;;;;;;30;1342;38;1695000;RUR
1125007;;VPPL;VP;1;;;;;;;30;1982;36;105200;RUR
1125008;;VPPL;VPREM;5;;;;;;;30;1652;36;5304500;RUR
1125009;;VPPL;VP;5;;;;;;;30;2114;34;678000;RUR
1125010;;VPPL;AP;1;;;;;;;30;1481;35;391900;RUR
1125011;;VPPL;VPREM;1;;;;;;;30;1828;36;1116700;RUR
1125012;;VPPL;AP;1;;;;;;;30;2173;38;475900;RUR
1125013;;VPPL;VP;1;;;;;;;30;1614;38;172800;RUR
1125014;;VPPL;RENEWAL_VP;5;;;;;;;30;1020;34;2061000;RUR
1125015;;VPPL;VP;1;;;;;;;30;1898;36;118600;RUR
1125016;;VPPL;RENEWAL_VP;1;;;;;;;30;1174;38;462100;RUR
1125017;;VPPL;VPREM;5;;;;;;;30;1905;38;6364500;RUR
1125018;;VPPL;RENEWAL_VP;1;;;;;;;30;1261;35;652400;RUR
1125019;;VPPL;AP;1;;;;;;;30;1317;35;495500;RUR
1125020;;VPPL;VP;1;;;;;;;30;1475;37;113700;RUR
1125021;;VPPL;RENEWAL_VP;1;;;;;;;30;1563;38;611100;RUR
1125022;;VPPL;AP;5;;;;;;;30;1646;38;2736500;RUR
1125023;;VPPL;AP;5;;;;;;;30;1754;38;2736500;RUR
1125024;;VPPL;RENEWAL_VP;1;;;;;;;30;1586;35;529400;RUR
1125025;;VPPL;RENEWAL_VP;1;;;;;;;30;1716;36;479400;RUR
1125026;;VPPL;VPREM;5;;;;;;;30;1739;37;5837500;RUR
1125027;;VPPL;AP;1;;;;;;;30;1880;36;416900;RUR
1125028;;VPPL;AP;5;;;;;;;30;1556;38;2339500;RUR
1125029;;VPPL;VP;1;;;;;;;30;1020;34;134900;RUR
1125030;;VPPL;AP;5;;;;;;;30;1174;37;2070500;RUR
1125031;;VPPL;RENEWAL_VP;1;;;;;;;30;1704;35;430400;RUR
1125032;;VPPL;VPREM;1;;;;;;;30;1077;38;1339900;RUR
1125033;;VPPL;RENEWAL_VP;5;;;;;;;30;1124;37;3063000;RUR
1125034;;VPPL;VP;1;;;;;;;30;1960;38;126200;RUR
1125035;;VPPL;RENEWAL_VP;5;;;;;;;30;1308;38;2197500;RUR
1125036;;VPPL;AP;5;;;;;;;30;1434;38;2264500;RUR
1125037;;VPPL;RENEWAL_VP;1;;;;;;;30;1192;34;348300;RUR
1125038;;VPPL;AP;1;;;;;;;30;1880;35;374300;RUR
1125039;;VPPL;VPREM;5;;;;;;;30;1342;38;8055000;RUR
1125040;;VPPL;VPREM;5;;;;;;;30;1384;38;7004500;RUR
1125041;;VPPL;VP;1;;;;;;;30;1463;37;113700;RUR
1125042;;VPPL;VP;5;;;;;;;30;1890;37;753000;RUR
1125043;;VPPL;AP;1;;;;;;;30;1317;34;467800;RUR
1125044;;VPPL;VPREM;1;;;;;;;30;1661;37;1228900;RUR
1125045;;VPPL;VPREM;5;;;;;;;30;1169;35;4773500;RUR
1125046;;VPPL;VPREM;1;;;;;;;30;1652;35;1004900;RUR
1125047;;VPPL;VPREM;5;;;;;;;30;1174;36;5304500;RUR
1125048;;VPPL;RENEWAL_VP;5;;;;;;;30;2209;36;1139500;RUR
1125049;;VPPL;AP;1;;;;;;;30;1828;38;475900;RUR
1125050;;VPPL;VP;1;;;;;;;30;1255;37;175400;RUR
1125051;;VPPL;RENEWAL_VP;1;;;;;;;30;2134;36;239900;RUR
1125052;;VPPL;VP;1;;;;;;;30;1192;37;131100;RUR
1125053;;VPPL;RENEWAL_VP;5;;;;;;;30;1061;34;1655500;RUR
1125054;;VPPL;VPREM;5;;;;;;;30;1051;36;5304500;RUR
1125055;;VPPL;RENEWAL_VP;1;;;;;;;30;1652;38;576000;RUR
1125056;;VPPL;AP;1;;;;;;;30;1249;37;644900;RUR
1125057;;VPPL;VP;1;;;;;;;30;1652;37;158500;RUR
1125058;;VPPL;AP;5;;;;;;;30;1500;37;2070500;RUR
1125059;;VPPL;VP;5;;;;;;;30;1652;34;581500;RUR
1125060;;VPPL;VP;5;;;;;;;30;1342;38;1018000;RUR
1125061;;VPPL;RENEWAL_VP;1;;;;;;;30;1530;36;588000;RUR
1125062;;VPPL;RENEWAL_VP;1;;;;;;;30;16;34;726700;RUR
1125063;;VPPL;RENEWAL_VP;5;;;;;;;30;1975;37;2504500;RUR
1125064;;VPPL;RENEWAL_VP;1;;;;;;;30;1880;37;458500;RUR
1125065;;VPPL;VPREM;5;;;;;;;30;1347;34;5709000;RUR
1125066;;VPPL;VPREM;5;;;;;;;30;2000232;38;10522000;RUR
1125067;;VPPL;RENEWAL_VP;1;;;;;;;30;1103;34;408100;RUR
1125068;;VPPL;VPREM;1;;;;;;;30;2000231;34;1647800;RUR
1125069;;VPPL;VP;1;;;;;;;30;2155;35;80900;RUR
1125070;;VPPL;RENEWAL_VP;5;;;;;;;30;1652;38;2736500;RUR
1125071;;VPPL;VP;5;;;;;;;30;1948;37;753000;RUR
1125072;;VPPL;VP;5;;;;;;;30;1342;35;769000;RUR
1125073;;VPPL;VP;5;;;;;;;30;2000232;34;963000;RUR
1125074;;VPPL;AP;1;;;;;;;30;1817;38;500900;RUR
1125075;;VPPL;AP;5;;;;;;;30;1308;37;2070500;RUR
1125076;;VPPL;VPREM;5;;;;;;;30;11000113;35;974500;RUR
1125077;;VPPL;RENEWAL_VP;5;;;;;;;30;2000236;38;2603000;RUR
1125078;;VPPL;AP;1;;;;;;;30;2173;35;355900;RUR
1125079;;VPPL;AP;5;;;;;;;30;1041;37;2140500;RUR
1125080;;VPPL;RENEWAL_VP;1;;;;;;;30;1960;37;423300;RUR
1125081;;VPPL;VPREM;5;;;;;;;30;1124;35;6041000;RUR
1125082;;VPPL;AP;1;;;;;;;30;1229;35;430400;RUR
1125083;;VPPL;AP;5;;;;;;;30;1704;37;2504500;RUR
1125084;;VPPL;VPREM;5;;;;;;;30;1051;37;5837500;RUR
1125085;;VPPL;VP;5;;;;;;;30;1505;36;593000;RUR
1125086;;VPPL;VP;5;;;;;;;30;1008;37;758000;RUR
1125087;;VPPL;RENEWAL_VP;1;;;;;;;30;1424;37;303500;RUR
1125088;;VPPL;AP;1;;;;;;;30;1118;36;409900;RUR
1125089;;VPPL;AP;5;;;;;;;30;1051;36;1947000;RUR
1125090;;VPPL;VP;1;;;;;;;30;1948;35;129400;RUR
1125091;;VPPL;VP;1;;;;;;;30;1844;35;161900;RUR
1125092;;VPPL;AP;1;;;;;;;30;1563;38;611100;RUR
1125093;;VPPL;AP;5;;;;;;;30;1511;37;3063000;RUR
1125094;;VPPL;RENEWAL_VP;5;;;;;;;30;1118;36;1947000;RUR
1125095;;VPPL;VPREM;1;;;;;;;30;1261;36;1733700;RUR
1125096;;VPPL;VP;1;;;;;;;30;1553;36;105200;RUR
1125097;;VPPL;RENEWAL_VP;1;;;;;;;30;1481;36;374800;RUR
1125098;;VPPL;AP;5;;;;;;;30;1946;36;1881000;RUR
1125099;;VPPL;VPREM;5;;;;;;;30;1347;35;6041000;RUR
1125100;;VPPL;VPREM;5;;;;;;;30;1806;37;6421500;RUR
1125101;;VPPL;AP;5;;;;;;;30;1434;34;1599500;RUR
1125102;;VPPL;VP;5;;;;;;;30;1679;36;797000;RUR
1125103;;VPPL;AP;5;;;;;;;30;1041;34;1655500;RUR
1125104;;VPPL;VP;1;;;;;;;30;1216;37;115700;RUR
1125105;;VPPL;VP;1;;;;;;;30;1806;36;167800;RUR
1125106;;VPPL;VPREM;1;;;;;;;30;1739;35;1004900;RUR
1125107;;VPPL;RENEWAL_VP;5;;;;;;;30;16;38;3230000;RUR
1125108;;VPPL;VPREM;1;;;;;;;30;1913;34;949900;RUR
1125109;;VPPL;RENEWAL_VP;1;;;;;;;30;11000116;37;494300;RUR
1125110;;VPPL;VPREM;5;;;;;;;30;2134;37;2612000;RUR
1125111;;VPPL;VP;5;;;;;;;30;1255;36;754500;RUR
1125112;;VPPL;RENEWAL_VP;1;;;;;;;30;1652;36;479400;RUR
1125113;;VPPL;RENEWAL_VP;5;;;;;;;30;1905;38;2339500;RUR
1125114;;VPPL;VPREM;1;;;;;;;30;1255;34;949900;RUR
1125115;;VPPL;VP;1;;;;;;;30;1575;38;172800;RUR
1125116;;VPPL;VP;5;;;;;;;30;1463;36;517000;RUR
1125117;;VPPL;VPREM;5;;;;;;;30;1008;34;4514500;RUR
1125118;;VPPL;AP;5;;;;;;;30;1739;38;2736500;RUR
1125119;;VPPL;AP;1;;;;;;;30;2114;36;550400;RUR
1125120;;VPPL;AP;5;;;;;;;30;1614;38;2736500;RUR
1125121;;VPPL;VP;1;;;;;;;30;1438;35;161900;RUR
1125122;;VPPL;VP;1;;;;;;;30;1217;37;175400;RUR
1125123;;VPPL;VPREM;1;;;;;;;30;1124;35;1271800;RUR
1125124;;VPPL;VPREM;5;;;;;;;30;1216;35;4773500;RUR
1125125;;VPPL;RENEWAL_VP;5;;;;;;;30;1898;37;2140500;RUR
1125126;;VPPL;AP;5;;;;;;;30;2209;35;1690500;RUR
1125127;;VPPL;RENEWAL_VP;1;;;;;;;30;1817;35;374300;RUR
1125128;;VPPL;VP;5;;;;;;;30;1347;37;940000;RUR
1125129;;VPPL;VP;5;;;;;;;30;2173;34;384500;RUR
1125130;;VPPL;AP;1;;;;;;;30;1943;38;475900;RUR
1125131;;VPPL;RENEWAL_VP;1;;;;;;;30;1438;38;706100;RUR
1125132;;VPPL;AP;5;;;;;;;30;1586;38;3355500;RUR
1125133;;VPPL;AP;5;;;;;;;30;1308;34;1599500;RUR
1125134;;VPPL;RENEWAL_VP;1;;;;;;;30;2000236;36;600500;RUR
1125135;;VPPL;VP;5;;;;;;;30;1913;36;682000;RUR
1125136;;VPPL;RENEWAL_VP;1;;;;;;;30;1000009;34;173300;RUR
1125137;;VPPL;AP;1;;;;;;;30;1941;37;435900;RUR
1125138;;VPPL;AP;5;;;;;;;30;1463;35;1690500;RUR
1125139;;VPPL;VPREM;5;;;;;;;30;1679;36;5834500;RUR
1125140;;VPPL;VPREM;1;;;;;;;30;1646;35;1004900;RUR
1125141;;VPPL;AP;1;;;;;;;30;1844;36;588000;RUR
1125142;;VPPL;VP;1;;;;;;;30;1563;35;143100;RUR
1125143;;VPPL;VP;5;;;;;;;30;1898;35;537000;RUR
1125144;;VPPL;VPREM;5;;;;;;;30;1844;35;6041000;RUR
1125145;;VPPL;RENEWAL_VP;5;;;;;;;30;1384;37;2867000;RUR
1125146;;VPPL;RENEWAL_VP;5;;;;;;;30;1217;34;2061000;RUR
1125147;;VPPL;RENEWAL_VP;1;;;;;;;30;1844;35;529400;RUR
1125148;;VPPL;RENEWAL_VP;1;;;;;;;30;1754;35;430400;RUR
1125149;;VPPL;AP;1;;;;;;;30;1817;34;354900;RUR
1125150;;VPPL;VPREM;5;;;;;;;30;1192;38;6364500;RUR
1125151;;VPPL;VPREM;5;;;;;;;30;1817;35;4773500;RUR
1125152;;VPPL;VPREM;5;;;;;;;30;1146;34;7003500;RUR
1125153;;VPPL;VP;1;;;;;;;30;1000009;36;126000;RUR
1125154;;VPPL;AP;1;;;;;;;30;1716;36;479400;RUR
1125155;;VPPL;VPREM;1;;;;;;;30;1187;35;1004900;RUR
1125156;;VPPL;RENEWAL_VP;5;;;;;;;30;1481;36;1780000;RUR
1125157;;VPPL;VP;5;;;;;;;30;2173;37;494500;RUR
1125158;;VPPL;AP;1;;;;;;;30;1000009;36;433200;RUR
1125159;;VPPL;RENEWAL_VP;1;;;;;;;30;1249;37;644900;RUR
1125160;;VPPL;AP;1;;;;;;;30;1754;35;430400;RUR
1125161;;VPPL;RENEWAL_VP;5;;;;;;;30;2000236;35;2603000;RUR
1125162;;VPPL;RENEWAL_VP;1;;;;;;;30;1661;38;576000;RUR
1125163;;VPPL;RENEWAL_VP;1;;;;;;;30;1118;37;450700;RUR
1125164;;VPPL;VPREM;5;;;;;;;30;1124;36;6709500;RUR
1125165;;VPPL;VP;5;;;;;;;30;1041;37;655500;RUR
1125166;;VPPL;VPREM;5;;;;;;;30;1471;34;2018000;RUR
1125167;;VPPL;VP;5;;;;;;;30;1384;34;678000;RUR
1125168;;VPPL;RENEWAL_VP;1;;;;;;;30;1471;34;234500;RUR
1125169;;VPPL;VPREM;5;;;;;;;30;1424;35;2137000;RUR
1125170;;VPPL;VPREM;5;;;;;;;30;1169;38;6364500;RUR
1125171;;VPPL;VP;1;;;;;;;30;1434;34;88400;RUR
1125172;;VPPL;VP;1;;;;;;;30;1553;35;94700;RUR
1125173;;VPPL;AP;5;;;;;;;30;1806;37;2867000;RUR
1125174;;VPPL;RENEWAL_VP;5;;;;;;;30;11000118;36;2227000;RUR
1125175;;VPPL;RENEWAL_VP;1;;;;;;;30;2173;34;203900;RUR
1125176;;VPPL;RENEWAL_VP;1;;;;;;;30;2209;35;215900;RUR
1125177;;VPPL;AP;5;;;;;;;30;11000113;36;1050500;RUR
1125178;;VPPL;AP;5;;;;;;;30;2173;36;1881000;RUR
1125179;;VPPL;RENEWAL_VP;1;;;;;;;30;1913;38;576000;RUR
1125180;;VPPL;VPREM;1;;;;;;;30;1317;38;1473900;RUR
1125181;;VPPL;RENEWAL_VP;5;;;;;;;30;1255;37;2657000;RUR
1125182;;VPPL;VP;1;;;;;;;30;1941;36;105200;RUR
1125183;;VPPL;AP;5;;;;;;;30;1317;35;2353500;RUR
1125184;;VPPL;RENEWAL_VP;1;;;;;;;30;1679;36;550400;RUR
1125185;;VPPL;RENEWAL_VP;1;;;;;;;30;1008;35;430400;RUR
1125186;;VPPL;VP;5;;;;;;;30;1434;36;517000;RUR
1125187;;VPPL;VPREM;5;;;;;;;30;1174;35;4773500;RUR
1125188;;VPPL;VP;1;;;;;;;30;1505;34;101100;RUR
1125189;;VPPL;RENEWAL_VP;5;;;;;;;30;1704;34;1943000;RUR
1125190;;VPPL;RENEWAL_VP;1;;;;;;;30;1530;35;529400;RUR
1125191;;VPPL;VP;1;;;;;;;30;1530;35;161900;RUR
1125192;;VPPL;VP;1;;;;;;;30;1624;35;161900;RUR
1125193;;VPPL;RENEWAL_VP;1;;;;;;;30;1255;36;508600;RUR
1125194;;VPPL;RENEWAL_VP;1;;;;;;;30;1308;37;423300;RUR
1125195;;VPPL;VP;5;;;;;;;30;1890;36;682000;RUR
1125196;;VPPL;RENEWAL_VP;1;;;;;;;30;1898;38;492100;RUR
1125197;;VPPL;VP;1;;;;;;;30;1806;38;201100;RUR
1125198;;VPPL;VPREM;1;;;;;;;30;16;36;797400;RUR
1125199;;VPPL;VP;1;;;;;;;30;11000118;38;154200;RUR
1125200;;VPPL;AP;1;;;;;;;30;1530;36;588000;RUR
1125201;;VPPL;AP;1;;;;;;;30;1308;35;355900;RUR
1125202;;VPPL;VPREM;1;;;;;;;30;1704;38;1339900;RUR
1125203;;VPPL;AP;1;;;;;;;30;1880;37;458500;RUR
1125204;;VPPL;AP;1;;;;;;;30;2000236;37;667200;RUR
1125205;;VPPL;AP;1;;;;;;;30;1020;36;508600;RUR
1125206;;VPPL;RENEWAL_VP;1;;;;;;;30;1174;37;423300;RUR
1125207;;VPPL;AP;1;;;;;;;30;1679;34;467800;RUR
1125208;;VPPL;RENEWAL_VP;1;;;;;;;30;1347;35;529400;RUR
1125209;;VPPL;RENEWAL_VP;1;;;;;;;30;1347;34;499800;RUR
1125210;;VPPL;VPREM;1;;;;;;;30;1880;38;1339900;RUR
1125211;;VPPL;RENEWAL_VP;5;;;;;;;30;1249;36;2793000;RUR
1125212;;VPPL;AP;5;;;;;;;30;1530;37;3063000;RUR
1125213;;VPPL;AP;1;;;;;;;30;2000236;34;667200;RUR
1125214;;VPPL;VPREM;1;;;;;;;30;1308;34;949900;RUR
1125215;;VPPL;VPREM;1;;;;;;;30;1384;34;1044900;RUR
1125216;;VPPL;AP;1;;;;;;;30;1422;35;355900;RUR
1125217;;VPPL;VP;5;;;;;;;30;1586;37;940000;RUR
1125218;;VPPL;VP;1;;;;;;;30;1783;38;172800;RUR
1125219;;VPPL;AP;1;;;;;;;30;1614;38;576000;RUR
1125220;;VPPL;RENEWAL_VP;5;;;;;;;30;1941;36;1828500;RUR
1125221;;VPPL;VPREM;5;;;;;;;30;1948;37;5837500;RUR
1125222;;VPPL;RENEWAL_VP;5;;;;;;;30;1754;34;1943000;RUR
1125223;;VPPL;AP;5;;;;;;;30;1960;36;1881000;RUR
1125224;;VPPL;AP;5;;;;;;;30;1008;38;2736500;RUR
1125225;;VPPL;AP;5;;;;;;;30;1859;36;2277500;RUR
1125226;;VPPL;AP;1;;;;;;;30;1255;34;433000;RUR
1125227;;VPPL;AP;5;;;;;;;30;1530;36;2793000;RUR
1125228;;VPPL;RENEWAL_VP;5;;;;;;;30;1463;37;1441500;RUR
1125229;;VPPL;VP;5;;;;;;;30;1229;37;753000;RUR
1125230;;VPPL;AP;1;;;;;;;30;1249;35;529400;RUR
1125231;;VPPL;AP;5;;;;;;;30;1943;35;1690500;RUR
1125232;;VPPL;VP;5;;;;;;;30;1943;34;450000;RUR
1125233;;VPPL;VP;5;;;;;;;30;1943;38;631000;RUR
1125234;;VPPL;AP;1;;;;;;;30;1255;38;611100;RUR
1125235;;VPPL;VP;5;;;;;;;30;1317;34;678000;RUR
1125236;;VPPL;AP;1;;;;;;;30;1556;38;492100;RUR
1125237;;VPPL;RENEWAL_VP;1;;;;;;;30;1704;36;479400;RUR
1125238;;VPPL;VP;5;;;;;;;30;1020;37;833000;RUR
1125239;;VPPL;RENEWAL_VP;5;;;;;;;30;1124;36;2793000;RUR
1125240;;VPPL;VP;1;;;;;;;30;1146;34;195800;RUR
1125241;;VPPL;VP;5;;;;;;;30;1563;37;833000;RUR
1125242;;VPPL;RENEWAL_VP;5;;;;;;;30;1342;34;2374500;RUR
1125243;;VPPL;VPREM;1;;;;;;;30;11000113;36;205100;RUR
1125244;;VPPL;RENEWAL_VP;1;;;;;;;30;1783;35;430400;RUR
1125245;;VPPL;RENEWAL_VP;1;;;;;;;30;1704;38;576000;RUR
1125246;;VPPL;AP;5;;;;;;;30;10000112;37;2106500;RUR
1125247;;VPPL;VPREM;1;;;;;;;30;1174;37;1228900;RUR
1125248;;VPPL;AP;1;;;;;;;30;1061;35;367900;RUR
1125249;;VPPL;VPREM;5;;;;;;;30;1652;35;4773500;RUR
1125250;;VPPL;VPREM;1;;;;;;;30;1806;35;1105900;RUR
1125251;;VPPL;AP;1;;;;;;;30;1317;37;603600;RUR
1125252;;VPPL;VPREM;5;;;;;;;30;1817;38;6364500;RUR
1125253;;VPPL;VPREM;1;;;;;;;30;2134;37;549900;RUR
1125254;;VPPL;RENEWAL_VP;5;;;;;;;30;11000113;35;754000;RUR
1125255;;VPPL;VP;1;;;;;;;30;2155;36;89900;RUR
1125256;;VPPL;AP;5;;;;;;;30;1169;37;2070500;RUR
1125257;;VPPL;VP;5;;;;;;;30;1422;36;526000;RUR
1125258;;VPPL;RENEWAL_VP;1;;;;;;;30;1511;35;529400;RUR
1125259;;VPPL;AP;5;;;;;;;30;2173;38;2264500;RUR
1125260;;VPPL;VP;5;;;;;;;30;1308;37;578500;RUR
1125261;;VPPL;VP;5;;;;;;;30;1946;36;526000;RUR
1125262;;VPPL;VPREM;5;;;;;;;30;1342;35;6041000;RUR
1125263;;VPPL;AP;1;;;;;;;30;1530;38;706100;RUR
1125264;;VPPL;VP;1;;;;;;;30;1511;37;197900;RUR
1125265;;VPPL;VP;1;;;;;;;30;2134;36;89900;RUR
1125266;;VPPL;AP;1;;;;;;;30;1932;34;348300;RUR
1125267;;VPPL;VP;1;;;;;;;30;1859;36;143600;RUR
1125268;;VPPL;RENEWAL_VP;5;;;;;;;30;1077;36;1947000;RUR
1125269;;VPPL;VPREM;5;;;;;;;30;1103;38;6364500;RUR
1125270;;VPPL;RENEWAL_VP;5;;;;;;;30;1424;36;1310500;RUR
1125271;;VPPL;VPREM;5;;;;;;;30;1124;37;7384500;RUR
1125272;;VPPL;VP;5;;;;;;;30;1187;34;505500;RUR
1125273;;VPPL;VP;5;;;;;;;30;1898;38;712000;RUR
1125274;;VPPL;VPREM;5;;;;;;;30;1192;34;4514500;RUR
1125275;;VPPL;VP;1;;;;;;;30;2134;35;80900;RUR
1125276;;VPPL;VP;1;;;;;;;30;1308;38;126200;RUR
1125277;;VPPL;VP;1;;;;;;;30;1739;37;158500;RUR
1125278;;VPPL;RENEWAL_VP;5;;;;;;;30;1898;34;1655500;RUR
1125279;;VPPL;RENEWAL_VP;1;;;;;;;30;1982;35;345500;RUR
1125280;;VPPL;RENEWAL_VP;5;;;;;;;30;1948;34;1943000;RUR
1125281;;VPPL;AP;1;;;;;;;30;1943;36;396000;RUR
1125282;;VPPL;RENEWAL_VP;5;;;;;;;30;1041;35;1747500;RUR
1125283;;VPPL;AP;1;;;;;;;30;1077;37;450700;RUR
1125284;;VPPL;VP;5;;;;;;;30;1575;37;753000;RUR
1125285;;VPPL;RENEWAL_VP;5;;;;;;;30;1008;37;2504500;RUR
1125286;;VPPL;AP;5;;;;;;;30;1261;38;4135500;RUR
1125287;;VPPL;VP;5;;;;;;;30;1771;34;505500;RUR
1125288;;VPPL;RENEWAL_VP;5;;;;;;;30;1553;38;2197500;RUR
1125289;;VPPL;AP;5;;;;;;;30;1422;34;1599500;RUR
1125290;;VPPL;AP;1;;;;;;;30;1051;37;450700;RUR
1125291;;VPPL;VPREM;5;;;;;;;30;1946;36;5304500;RUR
1125292;;VPPL;RENEWAL_VP;1;;;;;;;30;2155;37;263900;RUR
1125293;;VPPL;RENEWAL_VP;5;;;;;;;30;1500;37;1441500;RUR
1125294;;VPPL;RENEWAL_VP;5;;;;;;;30;1946;37;2010500;RUR
1125295;;VPPL;VPREM;5;;;;;;;30;1051;34;4514500;RUR
1125296;;VPPL;VPREM;5;;;;;;;30;1308;36;5304500;RUR
1125297;;VPPL;AP;1;;;;;;;30;1434;35;355900;RUR
1125298;;VPPL;AP;5;;;;;;;30;1553;38;2264500;RUR
1125299;;VPPL;VPREM;5;;;;;;;30;1061;38;6364500;RUR
1125300;;VPPL;RENEWAL_VP;5;;;;;;;30;1553;37;2010500;RUR
1125301;;VPPL;AP;5;;;;;;;30;1624;37;3063000;RUR
1125302;;VPPL;AP;1;;;;;;;30;1342;36;588000;RUR
1125303;;VPPL;RENEWAL_VP;1;;;;;;;30;1982;38;462100;RUR
1125304;;VPPL;RENEWAL_VP;5;;;;;;;30;10000112;35;1178000;RUR
1125305;;VPPL;VPREM;1;;;;;;;30;1704;36;1116700;RUR
1125306;;VPPL;VPREM;1;;;;;;;30;1575;35;1004900;RUR
1125307;;VPPL;VPREM;5;;;;;;;30;1422;38;6364500;RUR
1125308;;VPPL;RENEWAL_VP;5;;;;;;;30;1828;38;2034500;RUR
1125309;;VPPL;RENEWAL_VP;1;;;;;;;30;1828;37;391900;RUR
1125310;;VPPL;RENEWAL_VP;5;;;;;;;30;1982;34;1554500;RUR
1125311;;VPPL;VP;1;;;;;;;30;1913;37;158500;RUR
1125312;;VPPL;VPREM;5;;;;;;;30;1960;36;5304500;RUR
1125313;;VPPL;RENEWAL_VP;1;;;;;;;30;1438;36;588000;RUR
1125314;;VPPL;VPREM;5;;;;;;;30;1661;35;4773500;RUR
1125315;;VPPL;RENEWAL_VP;5;;;;;;;30;1530;38;3355500;RUR
1125316;;VPPL;VPREM;1;;;;;;;30;1317;34;1044900;RUR
1125317;;VPPL;RENEWAL_VP;1;;;;;;;30;1754;38;576000;RUR
1125318;;VPPL;VPREM;5;;;;;;;30;1308;37;5837500;RUR
1125319;;VPPL;AP;5;;;;;;;30;11000113;38;1050500;RUR
1125320;;VPPL;AP;5;;;;;;;30;1438;36;2793000;RUR
1125321;;VPPL;VP;5;;;;;;;30;10000112;36;647500;RUR
1125322;;VPPL;VPREM;5;;;;;;;30;1500;34;2018000;RUR
1125323;;VPPL;AP;5;;;;;;;30;1146;34;2931500;RUR
1125324;;VPPL;AP;5;;;;;;;30;1771;36;1947000;RUR
1125325;;VPPL;RENEWAL_VP;5;;;;;;;30;2155;35;1025500;RUR
1125326;;VPPL;RENEWAL_VP;5;;;;;;;30;1716;34;1943000;RUR
1125327;;VPPL;VPREM;5;;;;;;;30;1716;36;5304500;RUR
1125328;;VPPL;VPREM;5;;;;;;;30;1505;34;4514500;RUR
1125329;;VPPL;VPREM;5;;;;;;;30;1463;36;2374500;RUR
1125330;;VPPL;RENEWAL_VP;5;;;;;;;30;1511;35;2514500;RUR
1125331;;VPPL;VP;1;;;;;;;30;1530;38;214900;RUR
1125332;;VPPL;VP;1;;;;;;;30;1500;37;113700;RUR
1125333;;VPPL;AP;1;;;;;;;30;1434;34;336900;RUR
1125334;;VPPL;VP;5;;;;;;;30;1041;38;712000;RUR
1125335;;VPPL;AP;1;;;;;;;30;1077;35;367900;RUR
1125336;;VPPL;RENEWAL_VP;1;;;;;;;30;11000116;35;494300;RUR
1125337;;VPPL;VPREM;1;;;;;;;30;1932;36;1116700;RUR
1125338;;VPPL;VP;1;;;;;;;30;1754;35;129400;RUR
1125339;;VPPL;RENEWAL_VP;1;;;;;;;30;1051;34;348300;RUR
1125340;;VPPL;AP;1;;;;;;;30;1146;34;617000;RUR
1125341;;VPPL;VP;1;;;;;;;30;2000236;38;183000;RUR
1125342;;VPPL;VP;1;;;;;;;30;1422;36;105200;RUR
1125343;;VPPL;VPREM;1;;;;;;;30;1806;38;1473900;RUR
1125344;;VPPL;AP;1;;;;;;;30;1229;36;479400;RUR
1125345;;VPPL;RENEWAL_VP;1;;;;;;;30;1347;37;644900;RUR
1125346;;VPPL;RENEWAL_VP;5;;;;;;;30;1041;36;1947000;RUR
1125347;;VPPL;VPREM;1;;;;;;;30;1229;38;1339900;RUR
1125348;;VPPL;AP;1;;;;;;;30;1500;35;355900;RUR
1125349;;VPPL;RENEWAL_VP;1;;;;;;;30;1041;37;450700;RUR
1125350;;VPPL;VPREM;5;;;;;;;30;1661;34;4514500;RUR
1125351;;VPPL;AP;1;;;;;;;30;1575;36;479400;RUR
1125352;;VPPL;VP;1;;;;;;;30;11000116;36;154200;RUR
1125353;;VPPL;VPREM;1;;;;;;;30;1169;35;1004900;RUR
1125354;;VPPL;AP;5;;;;;;;30;1563;34;2061000;RUR
1125355;;VPPL;VP;1;;;;;;;30;1563;38;191100;RUR
1125356;;VPPL;RENEWAL_VP;1;;;;;;;30;1216;34;327100;RUR
1125357;;VPPL;VPREM;5;;;;;;;30;2209;38;2849500;RUR
1125358;;VPPL;AP;5;;;;;;;30;1943;34;1599500;RUR
1125359;;VPPL;AP;1;;;;;;;30;1202;38;870700;RUR
1125360;;VPPL;VPREM;5;;;;;;;30;2000236;36;8306000;RUR
1125361;;VPPL;RENEWAL_VP;1;;;;;;;30;1308;34;327100;RUR
1125362;;VPPL;RENEWAL_VP;5;;;;;;;30;1500;38;1575000;RUR
1125363;;VPPL;AP;5;;;;;;;30;2134;35;1690500;RUR
1125364;;VPPL;VPREM;5;;;;;;;30;2209;35;2137000;RUR
1125365;;VPPL;VP;1;;;;;;;30;1943;37;115700;RUR
1125366;;VPPL;VP;5;;;;;;;30;1124;37;940000;RUR
1125367;;VPPL;VPREM;1;;;;;;;30;1471;37;549900;RUR
1125368;;VPPL;VP;1;;;;;;;30;1913;35;129400;RUR
1125369;;VPPL;AP;1;;;;;;;30;1051;35;367900;RUR
1125370;;VPPL;VP;5;;;;;;;30;1716;36;682000;RUR
1125371;;VPPL;AP;5;;;;;;;30;1844;34;2374500;RUR
1125372;;VPPL;VP;1;;;;;;;30;1646;34;121900;RUR
1125373;;VPPL;RENEWAL_VP;5;;;;;;;30;10000112;37;1178000;RUR
1125374;;VPPL;VP;1;;;;;;;30;1716;38;172800;RUR
1125375;;VPPL;VPREM;5;;;;;;;30;1500;38;2849500;RUR
1125376;;VPPL;VPREM;5;;;;;;;30;1982;34;4514500;RUR
1125377;;VPPL;VP;1;;;;;;;30;1118;36;118600;RUR
1125378;;VPPL;AP;5;;;;;;;30;1511;35;2514500;RUR
1125379;;VPPL;AP;5;;;;;;;30;1020;38;2903000;RUR
1125380;;VPPL;RENEWAL_VP;1;;;;;;;30;1563;37;559400;RUR
1125381;;VPPL;RENEWAL_VP;1;;;;;;;30;1586;38;706100;RUR
1125382;;VPPL;AP;5;;;;;;;30;1261;34;2931500;RUR
1125383;;VPPL;RENEWAL_VP;5;;;;;;;30;1679;37;2867000;RUR
1125384;;VPPL;VPREM;1;;;;;;;30;1187;36;1116700;RUR
1125385;;VPPL;RENEWAL_VP;5;;;;;;;30;1124;35;2514500;RUR
1125386;;VPPL;VP;5;;;;;;;30;1614;36;682000;RUR
1125387;;VPPL;RENEWAL_VP;5;;;;;;;30;1041;34;1655500;RUR
1125388;;VPPL;VP;5;;;;;;;30;1586;34;724500;RUR
1125389;;VPPL;VP;5;;;;;;;30;1384;36;797000;RUR
1125390;;VPPL;VP;5;;;;;;;30;1255;35;680000;RUR
1125391;;VPPL;VP;1;;;;;;;30;1679;38;201100;RUR
1125392;;VPPL;RENEWAL_VP;5;;;;;;;30;1661;37;2504500;RUR
1125393;;VPPL;RENEWAL_VP;1;;;;;;;30;1041;35;367900;RUR
1125394;;VPPL;VP;5;;;;;;;30;1880;36;603500;RUR
1125395;;VPPL;VP;5;;;;;;;30;11000116;36;697500;RUR
1125396;;VPPL;VP;1;;;;;;;30;1020;35;143100;RUR
1125397;;VPPL;VP;5;;;;;;;30;1342;34;724500;RUR
1125398;;VPPL;RENEWAL_VP;5;;;;;;;30;1783;34;1943000;RUR
1125399;;VPPL;AP;1;;;;;;;30;1844;34;499800;RUR
1125400;;VPPL;VP;5;;;;;;;30;1960;35;473500;RUR
1125401;;VPPL;VPREM;1;;;;;;;30;16;37;797400;RUR
1125402;;VPPL;VPREM;1;;;;;;;30;1783;36;1116700;RUR
1125403;;VPPL;VP;5;;;;;;;30;1261;37;1210000;RUR
1125404;;VPPL;VP;5;;;;;;;30;1051;37;655500;RUR
1125405;;VPPL;VPREM;5;;;;;;;30;1229;38;6364500;RUR
1125406;;VPPL;AP;5;;;;;;;30;1739;35;2044500;RUR
1125407;;VPPL;VPREM;5;;;;;;;30;1077;38;6364500;RUR
1125408;;VPPL;VPREM;5;;;;;;;30;1422;35;4773500;RUR
1125409;;VPPL;VP;5;;;;;;;30;1124;38;1018000;RUR
1125410;;VPPL;VPREM;5;;;;;;;30;1614;37;5837500;RUR
1125411;;VPPL;RENEWAL_VP;1;;;;;;;30;1556;37;450700;RUR
1125412;;VPPL;VPREM;5;;;;;;;30;1975;36;5304500;RUR
1125413;;VPPL;RENEWAL_VP;5;;;;;;;30;1434;34;1115000;RUR
1125414;;VPPL;RENEWAL_VP;5;;;;;;;30;2209;34;969500;RUR
1125415;;VPPL;AP;5;;;;;;;30;1646;37;2504500;RUR
1125416;;VPPL;AP;1;;;;;;;30;1261;37;799900;RUR
1125417;;VPPL;VP;1;;;;;;;30;1475;38;124100;RUR
1125418;;VPPL;VPREM;1;;;;;;;30;1859;35;1004900;RUR
1125419;;VPPL;VP;1;;;;;;;30;1317;34;142600;RUR
1125420;;VPPL;VPREM;1;;;;;;;30;2155;35;449900;RUR
1125421;;VPPL;AP;5;;;;;;;30;1118;34;1655500;RUR
1125422;;VPPL;RENEWAL_VP;5;;;;;;;30;1118;38;2339500;RUR
1125423;;VPPL;AP;1;;;;;;;30;1898;38;492100;RUR
1125424;;VPPL;VP;5;;;;;;;30;1317;36;797000;RUR
1125425;;VPPL;VP;1;;;;;;;30;1704;35;129400;RUR
1125426;;VPPL;VP;5;;;;;;;30;1475;36;517000;RUR
1125427;;VPPL;AP;5;;;;;;;30;1982;38;2264500;RUR
1125428;;VPPL;VPREM;1;;;;;;;30;1434;35;449900;RUR
1125429;;VPPL;VPREM;5;;;;;;;30;1596;35;6041000;RUR
1125430;;VPPL;VPREM;5;;;;;;;30;1255;38;6364500;RUR
1125431;;VPPL;VPREM;5;;;;;;;30;11000116;35;3169000;RUR
1125432;;VPPL;VP;5;;;;;;;30;1249;35;769000;RUR
1125433;;VPPL;VP;1;;;;;;;30;1905;35;107400;RUR
1125434;;VPPL;AP;1;;;;;;;30;1859;36;479400;RUR
1125435;;VPPL;VP;1;;;;;;;30;1500;36;103400;RUR
1125436;;VPPL;RENEWAL_VP;1;;;;;;;30;1342;36;588000;RUR
1125437;;VPPL;VPREM;5;;;;;;;30;1960;34;4514500;RUR
1125438;;VPPL;VPREM;5;;;;;;;30;1434;35;2137000;RUR
1125439;;VPPL;AP;5;;;;;;;30;1844;37;3063000;RUR
1125440;;VPPL;RENEWAL_VP;1;;;;;;;30;1652;37;527300;RUR
1125441;;VPPL;VP;5;;;;;;;30;1716;38;824500;RUR
1125442;;VPPL;RENEWAL_VP;1;;;;;;;30;1090;36;409900;RUR
1125443;;VPPL;VPREM;5;;;;;;;30;1817;37;5837500;RUR
1125444;;VPPL;VPREM;1;;;;;;;30;2173;38;599800;RUR
1125445;;VPPL;VP;1;;;;;;;30;1317;35;151500;RUR
1125446;;VPPL;AP;5;;;;;;;30;11000118;34;5322500;RUR
1125447;;VPPL;AP;1;;;;;;;30;1424;34;336900;RUR
1125448;;VPPL;VPREM;1;;;;;;;30;1118;36;1116700;RUR
1125449;;VPPL;VPREM;5;;;;;;;30;1704;38;6364500;RUR
1125450;;VPPL;VP;1;;;;;;;30;1229;35;129400;RUR
1125451;;VPPL;RENEWAL_VP;5;;;;;;;30;1898;38;2339500;RUR
1125452;;VPPL;VP;5;;;;;;;30;1905;38;712000;RUR
1125453;;VPPL;VPREM;5;;;;;;;30;1890;38;6364500;RUR
1125454;;VPPL;AP;1;;;;;;;30;1898;34;348300;RUR
1125455;;VPPL;RENEWAL_VP;5;;;;;;;30;10000112;36;1178000;RUR
1125456;;VPPL;VP;1;;;;;;;30;1982;38;126200;RUR
1125457;;VPPL;AP;1;;;;;;;30;1586;35;529400;RUR
1125458;;VPPL;VP;1;;;;;;;30;1960;36;105200;RUR
1125459;;VPPL;RENEWAL_VP;5;;;;;;;30;1575;34;1943000;RUR
1125460;;VPPL;VP;1;;;;;;;30;1342;36;179300;RUR
1125461;;VPPL;VP;1;;;;;;;30;1661;37;158500;RUR
1125462;;VPPL;RENEWAL_VP;1;;;;;;;30;1255;38;611100;RUR
1125463;;VPPL;AP;1;;;;;;;30;1704;36;479400;RUR
1125464;;VPPL;VPREM;1;;;;;;;30;1556;36;1116700;RUR
1125465;;VPPL;AP;1;;;;;;;30;1000009;34;433200;RUR
1125466;;VPPL;RENEWAL_VP;5;;;;;;;30;1471;37;1441500;RUR
1125467;;VPPL;VP;5;;;;;;;30;1620;34;505500;RUR
1125468;;VPPL;AP;1;;;;;;;30;1090;37;450700;RUR
1125469;;VPPL;VPREM;5;;;;;;;30;1982;37;5837500;RUR
1125470;;VPPL;AP;5;;;;;;;30;1828;38;2264500;RUR
1125471;;VPPL;RENEWAL_VP;5;;;;;;;30;1679;36;2614500;RUR
1125472;;VPPL;VP;5;;;;;;;30;1828;34;404500;RUR
1125473;;VPPL;AP;1;;;;;;;30;2155;34;336900;RUR
1125474;;VPPL;VPREM;5;;;;;;;30;16;37;3533000;RUR
1125475;;VPPL;VP;5;;;;;;;30;1229;38;824500;RUR
1125476;;VPPL;RENEWAL_VP;1;;;;;;;30;1051;37;450700;RUR
1125477;;VPPL;RENEWAL_VP;5;;;;;;;30;1317;38;3141000;RUR
1125478;;VPPL;RENEWAL_VP;5;;;;;;;30;1481;34;1518000;RUR
1125479;;VPPL;VPREM;5;;;;;;;30;1975;37;5837500;RUR
1125480;;VPPL;RENEWAL_VP;5;;;;;;;30;1941;38;2197500;RUR
1125481;;VPPL;VPREM;5;;;;;;;30;2173;37;2612000;RUR
1125482;;VPPL;RENEWAL_VP;5;;;;;;;30;11000113;37;754000;RUR
1125483;;VPPL;AP;1;;;;;;;30;1943;35;355900;RUR
1125484;;VPPL;VPREM;1;;;;;;;30;1261;35;1560500;RUR
1125485;;VPPL;AP;1;;;;;;;30;1530;34;499800;RUR
1125486;;VPPL;VP;1;;;;;;;30;1261;38;277200;RUR
1125487;;VPPL;RENEWAL_VP;1;;;;;;;30;1434;38;331100;RUR
1125488;;VPPL;VP;5;;;;;;;30;1556;38;712000;RUR
1125489;;VPPL;RENEWAL_VP;5;;;;;;;30;1471;34;1115000;RUR
1125490;;VPPL;VPREM;5;;;;;;;30;1620;36;5304500;RUR
1125491;;VPPL;VPREM;1;;;;;;;30;1828;37;1228900;RUR
1125492;;VPPL;VPREM;1;;;;;;;30;1614;34;949900;RUR
1125493;;VPPL;VP;1;;;;;;;30;1424;36;103400;RUR
1125494;;VPPL;VPREM;5;;;;;;;30;1771;37;5837500;RUR
1125495;;VPPL;RENEWAL_VP;5;;;;;;;30;1575;36;2277500;RUR
1125496;;VPPL;VP;1;;;;;;;30;1481;38;189100;RUR
1125497;;VPPL;VP;5;;;;;;;30;1342;37;940000;RUR
1125498;;VPPL;RENEWAL_VP;5;;;;;;;30;2114;38;3141000;RUR
1125499;;VPPL;RENEWAL_VP;5;;;;;;;30;1169;34;1554500;RUR
1125500;;VPPL;VPREM;1;;;;;;;30;2173;37;549900;RUR
1125501;;VPPL;RENEWAL_VP;5;;;;;;;30;1817;34;1689500;RUR
1125502;;VPPL;RENEWAL_VP;5;;;;;;;30;1061;36;1947000;RUR
1125503;;VPPL;VPREM;1;;;;;;;30;1061;36;1116700;RUR
1125504;;VPPL;VP;1;;;;;;;30;1913;36;143600;RUR
1125505;;VPPL;AP;1;;;;;;;30;1124;36;588000;RUR
1125506;;VPPL;AP;1;;;;;;;30;1475;38;475900;RUR
1125507;;VPPL;RENEWAL_VP;1;;;;;;;30;1424;35;248300;RUR
1125508;;VPPL;VP;5;;;;;;;30;1905;35;537000;RUR
1125509;;VPPL;VPREM;1;;;;;;;30;1596;38;1695000;RUR
1125510;;VPPL;AP;1;;;;;;;30;1716;38;576000;RUR
1140353;;DI;CIV;2110;API_LIMITED;21100;;;;;92;16;0;7521900;RUR
1140354;;DI;CIV;1900;API_LIMITED;19000;;;;;92;11000118;0;2569400;RUR
1140355;;DI;CIV;1350;API_LIMITED;13500;;;;;92;11000117;0;6631500;RUR
1140356;;DI;CIV;1900;API_LIMITED;19000;;;;;92;11000116;9;5212200;RUR
1140357;;DI;CIV;1900;API_LIMITED;19000;;;;;92;11000116;8;7683700;RUR
1140358;;DI;CIV;1900;API_LIMITED;19000;;;;;92;11000116;7;5212200;RUR
1140359;;DI;CIV;1900;API_LIMITED;19000;;;;;92;11000116;6;7683700;RUR
1140360;;DI;CIV;1900;API_LIMITED;19000;;;;;92;11000116;5;5212200;RUR
1140361;;DI;CIV;1900;API_LIMITED;19000;;;;;92;11000116;4;7683700;RUR
1140362;;DI;CIV;1900;API_LIMITED;19000;;;;;92;11000116;3;7683700;RUR
1140363;;DI;CIV;1900;API_LIMITED;19000;;;;;92;11000116;26;7683700;RUR
1140364;;DI;CIV;1900;API_LIMITED;19000;;;;;92;11000116;25;2667300;RUR
1140365;;DI;CIV;1900;API_LIMITED;19000;;;;;92;11000116;24;2667300;RUR
1140366;;DI;CIV;1900;API_LIMITED;19000;;;;;92;11000116;23;5212200;RUR
1140367;;DI;CIV;1900;API_LIMITED;19000;;;;;92;11000116;22;2667300;RUR
1140368;;DI;CIV;1900;API_LIMITED;19000;;;;;92;11000116;21;2667300;RUR
1140369;;DI;CIV;1900;API_LIMITED;19000;;;;;92;11000116;20;2667300;RUR
1140370;;DI;CIV;1900;API_LIMITED;19000;;;;;92;11000116;2;7683700;RUR
1140371;;DI;CIV;1900;API_LIMITED;19000;;;;;92;11000116;19;3915300;RUR
1140372;;DI;CIV;1900;API_LIMITED;19000;;;;;92;11000116;18;2667300;RUR
1140373;;DI;CIV;1900;API_LIMITED;19000;;;;;92;11000116;17;3915300;RUR
1140374;;DI;CIV;1900;API_LIMITED;19000;;;;;92;11000116;16;2667300;RUR
1140375;;DI;CIV;1900;API_LIMITED;19000;;;;;92;11000116;15;2667300;RUR
1140376;;DI;CIV;1900;API_LIMITED;19000;;;;;92;11000116;14;5212200;RUR
1140377;;DI;CIV;1900;API_LIMITED;19000;;;;;92;11000116;13;7683700;RUR
1140378;;DI;CIV;1900;API_LIMITED;19000;;;;;92;11000116;12;5212200;RUR
1140379;;DI;CIV;1900;API_LIMITED;19000;;;;;92;11000116;11;7683700;RUR
1140380;;DI;CIV;1900;API_LIMITED;19000;;;;;92;11000116;10;5212200;RUR
1140381;;DI;CIV;1900;API_LIMITED;19000;;;;;92;11000116;1;7683700;RUR
1140382;;DI;CIV;1900;API_LIMITED;19000;;;;;92;11000116;0;17178200;RUR
1140383;;DI;CIV;1510;API_LIMITED;15100;;;;;92;11000113;0;8691000;RUR
1140384;;DI;CIV;1400;API_LIMITED;14000;;;;;92;10000112;0;5212100;RUR
1140385;;DI;CIV;260;API_LIMITED;2600;;;;;7;16;0;953900;RUR
1140386;;DI;CIV;290;API_LIMITED;2900;;;;;7;11000118;0;464900;RUR
1140387;;DI;CIV;210;API_LIMITED;2100;;;;;7;11000117;0;1296900;RUR
1140388;;DI;CIV;290;API_LIMITED;2900;;;;;7;11000116;9;1296900;RUR
1140389;;DI;CIV;290;API_LIMITED;2900;;;;;7;11000116;8;1859700;RUR
1140390;;DI;CIV;290;API_LIMITED;2900;;;;;7;11000116;7;1296900;RUR
1140391;;DI;CIV;290;API_LIMITED;2900;;;;;7;11000116;6;1859700;RUR
1140392;;DI;CIV;290;API_LIMITED;2900;;;;;7;11000116;5;1296900;RUR
1140393;;DI;CIV;290;API_LIMITED;2900;;;;;7;11000116;4;1859700;RUR
1140394;;DI;CIV;290;API_LIMITED;2900;;;;;7;11000116;3;1859700;RUR
1140395;;DI;CIV;290;API_LIMITED;2900;;;;;7;11000116;26;1859700;RUR
1140396;;DI;CIV;290;API_LIMITED;2900;;;;;7;11000116;25;783100;RUR
1140397;;DI;CIV;290;API_LIMITED;2900;;;;;7;11000116;24;783100;RUR
1140398;;DI;CIV;290;API_LIMITED;2900;;;;;7;11000116;23;1296900;RUR
1140399;;DI;CIV;290;API_LIMITED;2900;;;;;7;11000116;22;783100;RUR
1140400;;DI;CIV;290;API_LIMITED;2900;;;;;7;11000116;21;783100;RUR
1140401;;DI;CIV;290;API_LIMITED;2900;;;;;7;11000116;20;783100;RUR
1140402;;DI;CIV;290;API_LIMITED;2900;;;;;7;11000116;2;1859700;RUR
1140403;;DI;CIV;290;API_LIMITED;2900;;;;;7;11000116;19;1003300;RUR
1140404;;DI;CIV;290;API_LIMITED;2900;;;;;7;11000116;18;783100;RUR
1140405;;DI;CIV;290;API_LIMITED;2900;;;;;7;11000116;17;1003300;RUR
1140406;;DI;CIV;290;API_LIMITED;2900;;;;;7;11000116;16;783100;RUR
1140407;;DI;CIV;290;API_LIMITED;2900;;;;;7;11000116;15;783100;RUR
1140408;;DI;CIV;290;API_LIMITED;2900;;;;;7;11000116;14;1296900;RUR
1140409;;DI;CIV;290;API_LIMITED;2900;;;;;7;11000116;13;1859700;RUR
1140410;;DI;CIV;290;API_LIMITED;2900;;;;;7;11000116;12;1296900;RUR
1140411;;DI;CIV;290;API_LIMITED;2900;;;;;7;11000116;11;1859700;RUR
1140412;;DI;CIV;290;API_LIMITED;2900;;;;;7;11000116;10;1296900;RUR
1140413;;DI;CIV;290;API_LIMITED;2900;;;;;7;11000116;1;1859700;RUR
1140414;;DI;CIV;290;API_LIMITED;2900;;;;;7;11000116;0;3376900;RUR
1140415;;DI;CIV;200;API_LIMITED;2000;;;;;7;11000113;0;1674300;RUR
1140416;;DI;CIV;200;API_LIMITED;2000;;;;;7;10000112;0;1014300;RUR
1140417;;DI;CIV;7000;API_LIMITED;70000;;;;;365;16;0;20171100;RUR
1140418;;DI;CIV;6300;API_LIMITED;63000;;;;;365;11000118;0;6900600;RUR
1140419;;DI;CIV;4410;API_LIMITED;44100;;;;;365;11000117;0;16958000;RUR
1140420;;DI;CIV;6300;API_LIMITED;63000;;;;;365;11000116;9;15979100;RUR
1140421;;DI;CIV;6300;API_LIMITED;63000;;;;;365;11000116;8;23883100;RUR
1140422;;DI;CIV;6300;API_LIMITED;63000;;;;;365;11000116;7;15979100;RUR
1140423;;DI;CIV;6300;API_LIMITED;63000;;;;;365;11000116;6;23883100;RUR
1140424;;DI;CIV;6300;API_LIMITED;63000;;;;;365;11000116;5;15979100;RUR
1140425;;DI;CIV;6300;API_LIMITED;63000;;;;;365;11000116;4;23883100;RUR
1140426;;DI;CIV;6300;API_LIMITED;63000;;;;;365;11000116;3;23883100;RUR
1140427;;DI;CIV;6300;API_LIMITED;63000;;;;;365;11000116;26;23883100;RUR
1140428;;DI;CIV;6300;API_LIMITED;63000;;;;;365;11000116;25;7952900;RUR
1140429;;DI;CIV;6300;API_LIMITED;63000;;;;;365;11000116;24;7952900;RUR
1140430;;DI;CIV;6300;API_LIMITED;63000;;;;;365;11000116;23;15979100;RUR
1140431;;DI;CIV;6300;API_LIMITED;63000;;;;;365;11000116;22;7952900;RUR
1140432;;DI;CIV;6300;API_LIMITED;63000;;;;;365;11000116;21;7952900;RUR
1140433;;DI;CIV;6300;API_LIMITED;63000;;;;;365;11000116;20;7952900;RUR
1140434;;DI;CIV;6300;API_LIMITED;63000;;;;;365;11000116;2;23883100;RUR
1140435;;DI;CIV;6300;API_LIMITED;63000;;;;;365;11000116;19;11941500;RUR
1140436;;DI;CIV;6300;API_LIMITED;63000;;;;;365;11000116;18;7952900;RUR
1140437;;DI;CIV;6300;API_LIMITED;63000;;;;;365;11000116;17;11941500;RUR
1140438;;DI;CIV;6300;API_LIMITED;63000;;;;;365;11000116;16;7952900;RUR
1140439;;DI;CIV;6300;API_LIMITED;63000;;;;;365;11000116;15;7952900;RUR
1140440;;DI;CIV;6300;API_LIMITED;63000;;;;;365;11000116;14;15979100;RUR
1140441;;DI;CIV;6300;API_LIMITED;63000;;;;;365;11000116;13;23883100;RUR
1140442;;DI;CIV;6300;API_LIMITED;63000;;;;;365;11000116;12;15979100;RUR
1140443;;DI;CIV;6300;API_LIMITED;63000;;;;;365;11000116;11;23883100;RUR
1140444;;DI;CIV;6300;API_LIMITED;63000;;;;;365;11000116;10;15979100;RUR
1140445;;DI;CIV;6300;API_LIMITED;63000;;;;;365;11000116;1;23883100;RUR
1140446;;DI;CIV;6300;API_LIMITED;63000;;;;;365;11000116;0;43875400;RUR
1140447;;DI;CIV;5040;API_LIMITED;50400;;;;;365;11000113;0;21204500;RUR
1140448;;DI;CIV;5040;API_LIMITED;50400;;;;;365;10000112;0;14590700;RUR
1140449;;DI;CIV;845;API_LIMITED;8450;;;;;30;16;0;2816200;RUR
1140450;;DI;CIV;700;API_LIMITED;7000;;;;;30;11000118;0;1052200;RUR
1140451;;DI;CIV;500;API_LIMITED;5000;;;;;30;11000117;0;2642800;RUR
1140452;;DI;CIV;700;API_LIMITED;7000;;;;;30;11000116;9;2471500;RUR
1140453;;DI;CIV;700;API_LIMITED;7000;;;;;30;11000116;8;3548200;RUR
1140454;;DI;CIV;700;API_LIMITED;7000;;;;;30;11000116;7;2471500;RUR
1140455;;DI;CIV;700;API_LIMITED;7000;;;;;30;11000116;6;3548200;RUR
1140456;;DI;CIV;700;API_LIMITED;7000;;;;;30;11000116;5;2471500;RUR
1140457;;DI;CIV;700;API_LIMITED;7000;;;;;30;11000116;4;3548200;RUR
1140458;;DI;CIV;700;API_LIMITED;7000;;;;;30;11000116;3;3548200;RUR
1140459;;DI;CIV;700;API_LIMITED;7000;;;;;30;11000116;26;3548200;RUR
1140460;;DI;CIV;700;API_LIMITED;7000;;;;;30;11000116;25;1321400;RUR
1140461;;DI;CIV;700;API_LIMITED;7000;;;;;30;11000116;24;1321400;RUR
1140462;;DI;CIV;700;API_LIMITED;7000;;;;;30;11000116;23;2471500;RUR
1140463;;DI;CIV;700;API_LIMITED;7000;;;;;30;11000116;22;1321400;RUR
1140464;;DI;CIV;700;API_LIMITED;7000;;;;;30;11000116;21;1321400;RUR
1140465;;DI;CIV;700;API_LIMITED;7000;;;;;30;11000116;20;1321400;RUR
1140466;;DI;CIV;700;API_LIMITED;7000;;;;;30;11000116;2;3548200;RUR
1140467;;DI;CIV;700;API_LIMITED;7000;;;;;30;11000116;19;1859700;RUR
1140468;;DI;CIV;700;API_LIMITED;7000;;;;;30;11000116;18;1321400;RUR
1140469;;DI;CIV;700;API_LIMITED;7000;;;;;30;11000116;17;1859700;RUR
1140470;;DI;CIV;700;API_LIMITED;7000;;;;;30;11000116;16;1321400;RUR
1140471;;DI;CIV;700;API_LIMITED;7000;;;;;30;11000116;15;1321400;RUR
1140472;;DI;CIV;700;API_LIMITED;7000;;;;;30;11000116;14;2471500;RUR
1140473;;DI;CIV;700;API_LIMITED;7000;;;;;30;11000116;13;3548200;RUR
1140474;;DI;CIV;700;API_LIMITED;7000;;;;;30;11000116;12;2471500;RUR
1140475;;DI;CIV;700;API_LIMITED;7000;;;;;30;11000116;11;3548200;RUR
1140476;;DI;CIV;700;API_LIMITED;7000;;;;;30;11000116;10;2471500;RUR
1140477;;DI;CIV;700;API_LIMITED;7000;;;;;30;11000116;1;3548200;RUR
1140478;;DI;CIV;700;API_LIMITED;7000;;;;;30;11000116;0;6729300;RUR
1140479;;DI;CIV;550;API_LIMITED;5500;;;;;30;11000113;0;3371100;RUR
1140480;;DI;CIV;550;API_LIMITED;5500;;;;;30;10000112;0;2325200;RUR
1140481;;DI;CIV;4100;API_LIMITED;41000;;;;;183;16;0;12191200;RUR
1140482;;DI;CIV;3210;API_LIMITED;32100;;;;;183;11000118;0;4111000;RUR
1140483;;DI;CIV;2250;API_LIMITED;22500;;;;;183;11000117;0;10302000;RUR
1140484;;DI;CIV;3210;API_LIMITED;32100;;;;;183;11000116;9;9078500;RUR
1140485;;DI;CIV;3210;API_LIMITED;32100;;;;;183;11000116;8;13483200;RUR
1140486;;DI;CIV;3210;API_LIMITED;32100;;;;;183;11000116;7;9078500;RUR
1140487;;DI;CIV;3210;API_LIMITED;32100;;;;;183;11000116;6;13483200;RUR
1140488;;DI;CIV;3210;API_LIMITED;32100;;;;;183;11000116;5;9078500;RUR
1140489;;DI;CIV;3210;API_LIMITED;32100;;;;;183;11000116;4;13483200;RUR
1140490;;DI;CIV;3210;API_LIMITED;32100;;;;;183;11000116;3;13483200;RUR
1140491;;DI;CIV;3210;API_LIMITED;32100;;;;;183;11000116;26;13483200;RUR
1140492;;DI;CIV;3210;API_LIMITED;32100;;;;;183;11000116;25;4624900;RUR
1140493;;DI;CIV;3210;API_LIMITED;32100;;;;;183;11000116;24;4624900;RUR
1140494;;DI;CIV;3210;API_LIMITED;32100;;;;;183;11000116;23;9078500;RUR
1140495;;DI;CIV;3210;API_LIMITED;32100;;;;;183;11000116;22;4624900;RUR
1140496;;DI;CIV;3210;API_LIMITED;32100;;;;;183;11000116;21;4624900;RUR
1140497;;DI;CIV;3210;API_LIMITED;32100;;;;;183;11000116;20;4624900;RUR
1140498;;DI;CIV;3210;API_LIMITED;32100;;;;;183;11000116;2;13483200;RUR
1140499;;DI;CIV;3210;API_LIMITED;32100;;;;;183;11000116;19;6827200;RUR
1140500;;DI;CIV;3210;API_LIMITED;32100;;;;;183;11000116;18;4624900;RUR
1140501;;DI;CIV;3210;API_LIMITED;32100;;;;;183;11000116;17;6827200;RUR
1140502;;DI;CIV;3210;API_LIMITED;32100;;;;;183;11000116;16;4624900;RUR
1140503;;DI;CIV;3210;API_LIMITED;32100;;;;;183;11000116;15;4624900;RUR
1140504;;DI;CIV;3210;API_LIMITED;32100;;;;;183;11000116;14;9078500;RUR
1140505;;DI;CIV;3210;API_LIMITED;32100;;;;;183;11000116;13;13483200;RUR
1140506;;DI;CIV;3210;API_LIMITED;32100;;;;;183;11000116;12;9078500;RUR
1140507;;DI;CIV;3210;API_LIMITED;32100;;;;;183;11000116;11;13483200;RUR
1140508;;DI;CIV;3210;API_LIMITED;32100;;;;;183;11000116;10;9078500;RUR
1140509;;DI;CIV;3210;API_LIMITED;32100;;;;;183;11000116;1;13483200;RUR
1140510;;DI;CIV;3210;API_LIMITED;32100;;;;;183;11000116;0;26697200;RUR
1140511;;DI;CIV;3000;API_LIMITED;30000;;;;;183;11000113;0;14377000;RUR
1140512;;DI;CIV;2600;API_LIMITED;26000;;;;;183;10000112;0;9113300;RUR
1140513;;DI;CIV;400;API_LIMITED;4000;;;;;14;16;0;1441400;RUR
1140514;;DI;CIV;460;API_LIMITED;4600;;;;;14;11000118;0;709600;RUR
1141914;;CIV+VPPL;CIV;1370;VP;165;API_LIMITED;13700;;;183;1000224;0;11211800;RUR
1141915;;CIV+VPPL;CIV;900;VP;75;API_LIMITED;9000;;;183;1424;0;3600000;RUR
1141916;;CIV+VPPL;CIV;1370;VP;160;API_LIMITED;13700;;;183;1481;0;10872000;RUR
1141917;;CIV+VPPL;CIV;330;VP;37;API_LIMITED;3300;;;30;1000224;0;2863800;RUR
1141918;;CIV+VPPL;CIV;220;VP;16;API_LIMITED;2200;;;30;1424;0;872000;RUR
1141919;;CIV+VPPL;CIV;330;VP;35;API_LIMITED;3300;;;30;1481;0;2709000;RUR
1141920;;CIV+VPPL;CIV;2300;VP;300;API_LIMITED;23000;;;365;1000224;0;20385000;RUR
1141921;;CIV+VPPL;CIV;1500;VP;120;API_LIMITED;15000;;;365;1424;0;5760000;RUR
1141922;;CIV+VPPL;CIV;2300;VP;260;API_LIMITED;23000;;;365;1481;0;17667000;RUR
1141923;;CIV+VPPL;CIV;820;VP;97;API_LIMITED;8200;;;92;1000224;0;7202300;RUR
1141924;;CIV+VPPL;CIV;540;VP;42;API_LIMITED;5400;;;92;1424;0;2205000;RUR
1141925;;CIV+VPPL;CIV;820;VP;93;API_LIMITED;8200;;;92;1481;0;6905300;RUR
1141926;;CIV+VPPL;CIV;460;VP;25;API_LIMITED;4600;;;14;1000009;0;1102600;RUR
1141927;;CIV+VPPL;CIV;2900;VP;600;API_LIMITED;29000;;;183;1000001;0;62226800;RUR
1141928;;CIV+VPPL;CIV;1700;VP;110;API_LIMITED;17000;;;183;1000005;0;7803100;RUR
1141929;;CIV+VPPL;CIV;3210;VP;360;API_LIMITED;32100;;;183;1000009;0;6190000;RUR
1141930;;CIV+VPPL;CIV;2600;VP;100;API_LIMITED;26000;;;183;10000112;0;11859800;RUR
1141931;;CIV+VPPL;CIV;1130;VP;70;API_LIMITED;11300;;;183;1000220;0;8242500;RUR
1141932;;CIV+VPPL;CIV;2090;VP;170;API_LIMITED;20900;;;183;1000222;0;30727500;RUR
1141933;;CIV+VPPL;CIV;2090;VP;145;API_LIMITED;20900;;;183;1000223;0;21093900;RUR
1141934;;CIV+VPPL;CIV;2090;VP;185;API_LIMITED;20900;;;183;1000225;0;26423600;RUR
1141935;;CIV+VPPL;CIV;2900;VP;185;API_LIMITED;29000;;;183;1000226;0;33357800;RUR
1141936;;CIV+VPPL;CIV;2090;VP;120;API_LIMITED;20900;;;183;1000232;0;18668400;RUR
1141937;;CIV+VPPL;CIV;2900;VP;600;API_LIMITED;29000;;;183;1000233;0;56116000;RUR
1141938;;CIV+VPPL;CIV;1700;VP;75;API_LIMITED;17000;;;183;1000234;0;8130900;RUR
1141939;;CIV+VPPL;CIV;1130;VP;95;API_LIMITED;11300;;;183;1020;0;6388800;RUR
1141940;;CIV+VPPL;CIV;1130;VP;70;API_LIMITED;11300;;;183;1041;0;4427500;RUR
1141941;;CIV+VPPL;CIV;1130;VP;75;API_LIMITED;11300;;;183;1051;0;4537500;RUR
1141942;;CIV+VPPL;CIV;1130;VP;75;API_LIMITED;11300;;;183;1061;0;4743800;RUR
1141943;;CIV+VPPL;CIV;1130;VP;75;API_LIMITED;11300;;;183;1077;0;4537500;RUR
1141944;;CIV+VPPL;CIV;1130;VP;70;API_LIMITED;11300;;;183;1090;0;4427500;RUR
1141945;;CIV+VPPL;CIV;3000;VP;300;API_LIMITED;30000;;;183;11000113;0;22148400;RUR
1141946;;CIV+VPPL;CIV;3210;VP;360;API_LIMITED;32100;;;183;11000116;0;38222700;RUR
1141947;;CIV+VPPL;CIV;2250;VP;300;API_LIMITED;22500;;;183;11000117;0;14608800;RUR
1141948;;CIV+VPPL;CIV;900;VP;60;API_LIMITED;9000;;;183;1118;0;3030000;RUR
1141949;;CIV+VPPL;CIV;1130;VP;75;API_LIMITED;11300;;;183;1124;0;5662500;RUR
1141950;;CIV+VPPL;CIV;1130;VP;75;API_LIMITED;11300;;;183;1146;0;7743800;RUR
1141951;;CIV+VPPL;CIV;900;VP;40;API_LIMITED;9000;;;183;1174;0;2100000;RUR
1141952;;CIV+VPPL;CIV;900;VP;30;API_LIMITED;9000;;;183;1187;0;1650000;RUR
1141953;;CIV+VPPL;CIV;900;VP;40;API_LIMITED;9000;;;183;1192;0;2266000;RUR
1141954;;CIV+VPPL;CIV;1700;VP;170;API_LIMITED;17000;;;183;1202;0;18956700;RUR
1141955;;CIV+VPPL;CIV;900;VP;75;API_LIMITED;9000;;;183;1217;0;5043800;RUR
1141956;;CIV+VPPL;CIV;1130;VP;75;API_LIMITED;11300;;;183;1229;0;5043800;RUR
1141957;;CIV+VPPL;CIV;1370;VP;110;API_LIMITED;13700;;;183;1249;0;8720300;RUR
1141958;;CIV+VPPL;CIV;1130;VP;75;API_LIMITED;11300;;;183;1255;0;5043800;RUR
1141959;;CIV+VPPL;CIV;1700;VP;145;API_LIMITED;17000;;;183;1261;0;15719800;RUR
1141960;;CIV+VPPL;CIV;1130;VP;50;API_LIMITED;11300;;;183;1308;0;2677500;RUR
1141961;;CIV+VPPL;CIV;1370;VP;110;API_LIMITED;13700;;;183;1317;0;9799900;RUR
1141962;;CIV+VPPL;CIV;1370;VP;110;API_LIMITED;13700;;;183;1342;0;9799900;RUR
1141963;;CIV+VPPL;CIV;1370;VP;170;API_LIMITED;13700;;;183;1347;0;13220100;RUR
1141964;;CIV+VPPL;CIV;1370;VP;145;API_LIMITED;13700;;;183;1384;0;10947500;RUR
1141965;;CIV+VPPL;CIV;900;VP;40;API_LIMITED;9000;;;183;1422;0;2100000;RUR
1141966;;CIV+VPPL;CIV;1370;VP;145;API_LIMITED;13700;;;183;1438;0;11275900;RUR
1141967;;CIV+VPPL;CIV;900;VP;40;API_LIMITED;9000;;;183;1471;0;2268000;RUR
1141968;;CIV+VPPL;CIV;900;VP;40;API_LIMITED;9000;;;183;1475;0;2268000;RUR
1141969;;CIV+VPPL;CIV;900;VP;40;API_LIMITED;9000;;;183;1500;0;2268000;RUR
1141970;;CIV+VPPL;CIV;1370;VP;145;API_LIMITED;13700;;;183;1511;0;10947500;RUR
1141971;;CIV+VPPL;CIV;1700;VP;185;API_LIMITED;17000;;;183;1530;0;15783300;RUR
1141972;;CIV+VPPL;CIV;900;VP;50;API_LIMITED;9000;;;183;1556;0;2887500;RUR
1141973;;CIV+VPPL;CIV;1370;VP;120;API_LIMITED;13700;;;183;1575;0;10548000;RUR
1141974;;CIV+VPPL;CIV;1700;VP;185;API_LIMITED;17000;;;183;1586;0;18315000;RUR
1141975;;CIV+VPPL;CIV;1370;VP;100;API_LIMITED;13700;;;183;1596;0;9982500;RUR
1141976;;CIV+VPPL;CIV;1370;VP;100;API_LIMITED;13700;;;183;1614;0;9009800;RUR
1141977;;CIV+VPPL;CIV;900;VP;50;API_LIMITED;9000;;;183;1620;0;2887500;RUR
1141978;;CIV+VPPL;CIV;1700;VP;185;API_LIMITED;17000;;;183;1624;0;18315000;RUR
1141979;;CIV+VPPL;CIV;1370;VP;100;API_LIMITED;13700;;;183;1646;0;9009800;RUR
1141980;;CIV+VPPL;CIV;1130;VP;100;API_LIMITED;11300;;;183;1652;0;7061300;RUR
1141981;;CIV+VPPL;CIV;1130;VP;95;API_LIMITED;11300;;;183;1661;0;6388800;RUR
1141982;;CIV+VPPL;CIV;1700;VP;170;API_LIMITED;17000;;;183;1679;0;17391000;RUR
1141983;;CIV+VPPL;CIV;1130;VP;90;API_LIMITED;11300;;;183;1704;0;6355100;RUR
1141984;;CIV+VPPL;CIV;1370;VP;95;API_LIMITED;13700;;;183;1716;0;7347100;RUR
1141985;;CIV+VPPL;CIV;1130;VP;90;API_LIMITED;11300;;;183;1739;0;6657800;RUR
1141986;;CIV+VPPL;CIV;1130;VP;100;API_LIMITED;11300;;;183;1754;0;6725000;RUR
1141987;;CIV+VPPL;CIV;1130;VP;110;API_LIMITED;11300;;;183;1771;0;6110500;RUR
1141988;;CIV+VPPL;CIV;1370;VP;95;API_LIMITED;13700;;;183;1783;0;7347100;RUR
1141989;;CIV+VPPL;CIV;1370;VP;90;API_LIMITED;13700;;;183;1806;0;7474500;RUR
1141990;;CIV+VPPL;CIV;1370;VP;120;API_LIMITED;13700;;;183;1817;0;8689200;RUR
1141991;;CIV+VPPL;CIV;1370;VP;110;API_LIMITED;13700;;;183;1828;0;5858200;RUR
1141992;;CIV+VPPL;CIV;1370;VP;120;API_LIMITED;13700;;;183;1844;0;9966000;RUR
1141993;;CIV+VPPL;CIV;1370;VP;120;API_LIMITED;13700;;;183;1859;0;10987500;RUR
1141994;;CIV+VPPL;CIV;1370;VP;95;API_LIMITED;13700;;;183;1880;0;6736900;RUR
1141995;;CIV+VPPL;CIV;1370;VP;95;API_LIMITED;13700;;;183;1890;0;8350500;RUR
1141996;;CIV+VPPL;CIV;1370;VP;110;API_LIMITED;13700;;;183;1898;0;7260000;RUR
1141997;;CIV+VPPL;CIV;1130;VP;95;API_LIMITED;11300;;;183;1905;0;6270000;RUR
1141998;;CIV+VPPL;CIV;1370;VP;120;API_LIMITED;13700;;;183;1913;0;9603300;RUR
1141999;;CIV+VPPL;CIV;900;VP;50;API_LIMITED;9000;;;183;1932;0;2887500;RUR
1142000;;CIV+VPPL;CIV;1130;VP;70;API_LIMITED;11300;;;183;1948;0;4707500;RUR
1142001;;CIV+VPPL;CIV;900;VP;40;API_LIMITED;9000;;;183;1960;0;2100000;RUR
1142002;;CIV+VPPL;CIV;1130;VP;70;API_LIMITED;11300;;;183;1975;0;4707500;RUR
1142005;;CIV+VPPL;CIV;1130;VP;95;API_LIMITED;11300;;;183;2114;0;7172500;RUR
1142006;;CIV+VPPL;CIV;700;VP;100;API_LIMITED;7000;;;30;1000001;0;12221700;RUR
1142007;;CIV+VPPL;CIV;410;VP;25;API_LIMITED;4100;;;30;1000005;0;2076300;RUR
1142008;;CIV+VPPL;CIV;700;VP;50;API_LIMITED;7000;;;30;1000009;0;1710000;RUR
1142009;;CIV+VPPL;CIV;550;VP;20;API_LIMITED;5500;;;30;10000112;0;3230200;RUR
1142010;;CIV+VPPL;CIV;280;VP;15;API_LIMITED;2800;;;30;1000220;0;1923800;RUR
1142011;;CIV+VPPL;CIV;500;VP;40;API_LIMITED;5000;;;30;1000222;0;7880000;RUR
1142012;;CIV+VPPL;CIV;500;VP;30;API_LIMITED;5000;;;30;1000223;0;4976600;RUR
1142013;;CIV+VPPL;CIV;500;VP;45;API_LIMITED;5000;;;30;1000225;0;6491300;RUR
1142014;;CIV+VPPL;CIV;700;VP;45;API_LIMITED;7000;;;30;1000226;0;8465600;RUR
1142015;;CIV+VPPL;CIV;500;VP;27;API_LIMITED;5000;;;30;1000232;0;4479000;RUR
1142016;;CIV+VPPL;CIV;700;VP;100;API_LIMITED;7000;;;30;1000233;0;11025600;RUR
1142017;;CIV+VPPL;CIV;410;VP;17;API_LIMITED;4100;;;30;1000234;0;2008100;RUR
1142018;;CIV+VPPL;CIV;280;VP;19;API_LIMITED;2800;;;30;1008;0;1585300;RUR
1142019;;CIV+VPPL;CIV;280;VP;20;API_LIMITED;2800;;;30;1020;0;1465000;RUR
1142020;;CIV+VPPL;CIV;280;VP;17;API_LIMITED;2800;;;30;1051;0;1119200;RUR
1142021;;CIV+VPPL;CIV;280;VP;17;API_LIMITED;2800;;;30;1061;0;1119200;RUR
1142022;;CIV+VPPL;CIV;280;VP;17;API_LIMITED;2800;;;30;1077;0;1119200;RUR
1142023;;CIV+VPPL;CIV;550;VP;50;API_LIMITED;5500;;;30;11000113;0;4562300;RUR
1142024;;CIV+VPPL;CIV;700;VP;50;API_LIMITED;7000;;;30;11000116;0;9519000;RUR
1142025;;CIV+VPPL;CIV;500;VP;50;API_LIMITED;5000;;;30;11000117;0;3695000;RUR
1142026;;CIV+VPPL;CIV;280;VP;19;API_LIMITED;2800;;;30;1103;0;1700600;RUR
1142027;;CIV+VPPL;CIV;220;VP;12;API_LIMITED;2200;;;30;1118;0;693000;RUR
1142028;;CIV+VPPL;CIV;280;VP;17;API_LIMITED;2800;;;30;1124;0;1402500;RUR
1142029;;CIV+VPPL;CIV;280;VP;17;API_LIMITED;2800;;;30;1146;0;1912500;RUR
1142030;;CIV+VPPL;CIV;220;VP;9;API_LIMITED;2200;;;30;1174;0;529700;RUR
1142031;;CIV+VPPL;CIV;220;VP;7;API_LIMITED;2200;;;30;1187;0;400800;RUR
1142032;;CIV+VPPL;CIV;220;VP;9;API_LIMITED;2200;;;30;1192;0;551300;RUR
1142033;;CIV+VPPL;CIV;410;VP;40;API_LIMITED;4100;;;30;1202;0;4500000;RUR
1142034;;CIV+VPPL;CIV;220;VP;17;API_LIMITED;2200;;;30;1217;0;1245300;RUR
1142035;;CIV+VPPL;CIV;280;VP;17;API_LIMITED;2800;;;30;1229;0;1245300;RUR
1142036;;CIV+VPPL;CIV;330;VP;25;API_LIMITED;3300;;;30;1249;0;2062500;RUR
1142037;;CIV+VPPL;CIV;280;VP;17;API_LIMITED;2800;;;30;1255;0;1245300;RUR
1142038;;CIV+VPPL;CIV;410;VP;30;API_LIMITED;4100;;;30;1261;0;3543800;RUR
1142039;;CIV+VPPL;CIV;280;VP;11;API_LIMITED;2800;;;30;1308;0;659500;RUR
1142040;;CIV+VPPL;CIV;330;VP;25;API_LIMITED;3300;;;30;1317;0;2429500;RUR
1142041;;CIV+VPPL;CIV;330;VP;25;API_LIMITED;3300;;;30;1342;0;2472500;RUR
1142042;;CIV+VPPL;CIV;330;VP;40;API_LIMITED;3300;;;30;1347;0;3399000;RUR
1142043;;CIV+VPPL;CIV;330;VP;30;API_LIMITED;3300;;;30;1384;0;2524500;RUR
1142044;;CIV+VPPL;CIV;220;VP;9;API_LIMITED;2200;;;30;1422;0;539600;RUR
1142045;;CIV+VPPL;CIV;330;VP;30;API_LIMITED;3300;;;30;1438;0;2674600;RUR
1142046;;CIV+VPPL;CIV;220;VP;9;API_LIMITED;2200;;;30;1471;0;539600;RUR
1142047;;CIV+VPPL;CIV;220;VP;9;API_LIMITED;2200;;;30;1475;0;539600;RUR
1142048;;CIV+VPPL;CIV;220;VP;9;API_LIMITED;2200;;;30;1500;0;539600;RUR
1142049;;CIV+VPPL;CIV;280;VP;19;API_LIMITED;2800;;;30;1505;0;1359700;RUR
1142050;;CIV+VPPL;CIV;330;VP;30;API_LIMITED;3300;;;30;1511;0;2598800;RUR
1142051;;CIV+VPPL;CIV;410;VP;45;API_LIMITED;4100;;;30;1530;0;3712500;RUR
1142052;;CIV+VPPL;CIV;220;VP;11;API_LIMITED;2200;;;30;1556;0;680100;RUR
1142053;;CIV+VPPL;CIV;330;VP;27;API_LIMITED;3300;;;30;1575;0;2478600;RUR
1142054;;CIV+VPPL;CIV;410;VP;45;API_LIMITED;4100;;;30;1586;0;4411800;RUR
1142055;;CIV+VPPL;CIV;330;VP;23;API_LIMITED;3300;;;30;1596;0;2413200;RUR
1142056;;CIV+VPPL;CIV;330;VP;23;API_LIMITED;3300;;;30;1614;0;2164200;RUR
1142057;;CIV+VPPL;CIV;220;VP;11;API_LIMITED;2200;;;30;1620;0;680100;RUR
1142058;;CIV+VPPL;CIV;410;VP;45;API_LIMITED;4100;;;30;1624;0;4411800;RUR
1142059;;CIV+VPPL;CIV;330;VP;23;API_LIMITED;3300;;;30;1646;0;2164200;RUR
1142060;;CIV+VPPL;CIV;280;VP;23;API_LIMITED;2800;;;30;1652;0;1684800;RUR
1142061;;CIV+VPPL;CIV;280;VP;20;API_LIMITED;2800;;;30;1661;0;1465000;RUR
1142062;;CIV+VPPL;CIV;410;VP;40;API_LIMITED;4100;;;30;1679;0;4196800;RUR
1142063;;CIV+VPPL;CIV;280;VP;19;API_LIMITED;2800;;;30;1704;0;1526200;RUR
1142064;;CIV+VPPL;CIV;330;VP;20;API_LIMITED;3300;;;30;1716;0;1790100;RUR
1142065;;CIV+VPPL;CIV;280;VP;19;API_LIMITED;2800;;;30;1739;0;1598900;RUR
1142066;;CIV+VPPL;CIV;280;VP;23;API_LIMITED;2800;;;30;1754;0;1684800;RUR
1142067;;CIV+VPPL;CIV;280;VP;25;API_LIMITED;2800;;;30;1771;0;1574400;RUR
1142068;;CIV+VPPL;CIV;330;VP;20;API_LIMITED;3300;;;30;1783;0;1790100;RUR
1142069;;CIV+VPPL;CIV;330;VP;19;API_LIMITED;3300;;;30;1806;0;1797400;RUR
1142070;;CIV+VPPL;CIV;330;VP;27;API_LIMITED;3300;;;30;1817;0;2160300;RUR
1142071;;CIV+VPPL;CIV;330;VP;25;API_LIMITED;3300;;;30;1828;0;1391500;RUR
1142072;;CIV+VPPL;CIV;330;VP;27;API_LIMITED;3300;;;30;1844;0;2554200;RUR
1142073;;CIV+VPPL;CIV;330;VP;27;API_LIMITED;3300;;;30;1859;0;2581900;RUR
1142074;;CIV+VPPL;CIV;330;VP;20;API_LIMITED;3300;;;30;1880;0;1600200;RUR
1142075;;CIV+VPPL;CIV;330;VP;20;API_LIMITED;3300;;;30;1890;0;1912500;RUR
1142076;;CIV+VPPL;CIV;330;VP;25;API_LIMITED;3300;;;30;1898;0;1717500;RUR
1142077;;CIV+VPPL;CIV;280;VP;20;API_LIMITED;2800;;;30;1905;0;1454200;RUR
1142078;;CIV+VPPL;CIV;330;VP;27;API_LIMITED;3300;;;30;1913;0;2457900;RUR
1142079;;CIV+VPPL;CIV;220;VP;11;API_LIMITED;2200;;;30;1932;0;673800;RUR
1142080;;CIV+VPPL;CIV;280;VP;15;API_LIMITED;2800;;;30;1948;0;1098800;RUR
1142081;;CIV+VPPL;CIV;220;VP;9;API_LIMITED;2200;;;30;1960;0;529700;RUR
1142082;;CIV+VPPL;CIV;280;VP;15;API_LIMITED;2800;;;30;1975;0;1098800;RUR
1142085;;CIV+VPPL;CIV;280;VP;20;API_LIMITED;2800;;;30;2114;0;1650000;RUR
1142086;;CIV+VPPL;CIV;5000;VP;1200;API_LIMITED;50000;;;365;1000001;0;105679000;RUR
1142087;;CIV+VPPL;CIV;2900;VP;190;API_LIMITED;29000;;;365;1000005;0;12158100;RUR
1142088;;CIV+VPPL;CIV;6300;VP;840;API_LIMITED;63000;;;365;1000009;0;9520000;RUR
1142089;;CIV+VPPL;CIV;5040;VP;200;API_LIMITED;50400;;;365;10000112;0;22206000;RUR
1142090;;CIV+VPPL;CIV;1900;VP;135;API_LIMITED;19000;;;365;1000220;0;12271200;RUR
1142091;;CIV+VPPL;CIV;3500;VP;335;API_LIMITED;35000;;;365;1000222;0;45392500;RUR
1142092;;CIV+VPPL;CIV;3500;VP;290;API_LIMITED;35000;;;365;1000223;0;31660800;RUR
1142093;;CIV+VPPL;CIV;3500;VP;350;API_LIMITED;35000;;;365;1000225;0;40990300;RUR
1142094;;CIV+VPPL;CIV;5000;VP;350;API_LIMITED;50000;;;365;1000226;0;57859400;RUR
1142095;;CIV+VPPL;CIV;3500;VP;200;API_LIMITED;35000;;;365;1000232;0;30172000;RUR
1142096;;CIV+VPPL;CIV;5000;VP;1200;API_LIMITED;50000;;;365;1000233;0;95329400;RUR
1142097;;CIV+VPPL;CIV;2900;VP;150;API_LIMITED;29000;;;365;1000234;0;12787500;RUR
1142098;;CIV+VPPL;CIV;1900;VP;140;API_LIMITED;19000;;;365;1008;0;10281300;RUR
1142099;;CIV+VPPL;CIV;1900;VP;160;API_LIMITED;19000;;;365;1020;0;9316200;RUR
1142100;;CIV+VPPL;CIV;1900;VP;135;API_LIMITED;19000;;;365;1041;0;6817500;RUR
1142101;;CIV+VPPL;CIV;1900;VP;150;API_LIMITED;19000;;;365;1051;0;7575000;RUR
1142102;;CIV+VPPL;CIV;1900;VP;150;API_LIMITED;19000;;;365;1061;0;7575000;RUR
1142103;;CIV+VPPL;CIV;1900;VP;150;API_LIMITED;19000;;;365;1077;0;7575000;RUR
1142104;;CIV+VPPL;CIV;1900;VP;135;API_LIMITED;19000;;;365;1090;0;6817500;RUR
1142105;;CIV+VPPL;CIV;5040;VP;600;API_LIMITED;50400;;;365;11000113;0;28621000;RUR
1142106;;CIV+VPPL;CIV;6300;VP;840;API_LIMITED;63000;;;365;11000116;0;62228100;RUR
1142107;;CIV+VPPL;CIV;4410;VP;600;API_LIMITED;44100;;;365;11000117;0;24201200;RUR
1142108;;CIV+VPPL;CIV;1900;VP;140;API_LIMITED;19000;;;365;1103;0;10921400;RUR
1142109;;CIV+VPPL;CIV;1500;VP;125;API_LIMITED;15000;;;365;1118;0;4718800;RUR
1142110;;CIV+VPPL;CIV;1900;VP;150;API_LIMITED;19000;;;365;1124;0;8512500;RUR
1142111;;CIV+VPPL;CIV;1900;VP;150;API_LIMITED;19000;;;365;1146;0;11625000;RUR
1142112;;CIV+VPPL;CIV;1500;VP;70;API_LIMITED;15000;;;365;1174;0;3360000;RUR
1142113;;CIV+VPPL;CIV;1500;VP;50;API_LIMITED;15000;;;365;1187;0;2541000;RUR
1142114;;CIV+VPPL;CIV;1500;VP;70;API_LIMITED;15000;;;365;1192;0;3535000;RUR
1142115;;CIV+VPPL;CIV;2900;VP;335;API_LIMITED;29000;;;365;1202;0;28558800;RUR
1142116;;CIV+VPPL;CIV;1500;VP;150;API_LIMITED;15000;;;365;1217;0;7575000;RUR
1142117;;CIV+VPPL;CIV;1900;VP;150;API_LIMITED;19000;;;365;1229;0;7575000;RUR
1142118;;CIV+VPPL;CIV;2300;VP;190;API_LIMITED;23000;;;365;1249;0;12939000;RUR
1142119;;CIV+VPPL;CIV;1900;VP;150;API_LIMITED;19000;;;365;1255;0;7575000;RUR
1142120;;CIV+VPPL;CIV;2900;VP;290;API_LIMITED;29000;;;365;1261;0;23598800;RUR
1142121;;CIV+VPPL;CIV;1900;VP;80;API_LIMITED;19000;;;365;1308;0;4224000;RUR
1142122;;CIV+VPPL;CIV;2300;VP;190;API_LIMITED;23000;;;365;1317;0;16209900;RUR
1142123;;CIV+VPPL;CIV;2300;VP;190;API_LIMITED;23000;;;365;1342;0;16496800;RUR
1142124;;CIV+VPPL;CIV;2300;VP;335;API_LIMITED;23000;;;365;1347;0;21672900;RUR
1142125;;CIV+VPPL;CIV;2300;VP;290;API_LIMITED;23000;;;365;1384;0;16457500;RUR
1142126;;CIV+VPPL;CIV;1500;VP;70;API_LIMITED;15000;;;365;1422;0;3528000;RUR
1142127;;CIV+VPPL;CIV;2300;VP;290;API_LIMITED;23000;;;365;1438;0;17774100;RUR
1142128;;CIV+VPPL;CIV;1500;VP;70;API_LIMITED;15000;;;365;1471;0;3528000;RUR
1142129;;CIV+VPPL;CIV;1500;VP;70;API_LIMITED;15000;;;365;1475;0;3528000;RUR
1142130;;CIV+VPPL;CIV;1500;VP;70;API_LIMITED;15000;;;365;1500;0;3528000;RUR
1142131;;CIV+VPPL;CIV;1900;VP;140;API_LIMITED;19000;;;365;1505;0;8696100;RUR
1142132;;CIV+VPPL;CIV;2300;VP;290;API_LIMITED;23000;;;365;1511;0;16951200;RUR
1142133;;CIV+VPPL;CIV;2900;VP;350;API_LIMITED;29000;;;365;1530;0;23835000;RUR
1142134;;CIV+VPPL;CIV;1500;VP;80;API_LIMITED;15000;;;365;1556;0;4363200;RUR
1142135;;CIV+VPPL;CIV;2300;VP;200;API_LIMITED;23000;;;365;1575;0;16140000;RUR
1142136;;CIV+VPPL;CIV;2900;VP;350;API_LIMITED;29000;;;365;1586;0;29860300;RUR
1142137;;CIV+VPPL;CIV;1500;VP;80;API_LIMITED;15000;;;365;1620;0;4363200;RUR
1142138;;CIV+VPPL;CIV;2900;VP;350;API_LIMITED;29000;;;365;1624;0;29860300;RUR
1142139;;CIV+VPPL;CIV;1900;VP;180;API_LIMITED;19000;;;365;1652;0;10348300;RUR
1142140;;CIV+VPPL;CIV;1900;VP;160;API_LIMITED;19000;;;365;1661;0;9316200;RUR
1142141;;CIV+VPPL;CIV;2900;VP;335;API_LIMITED;29000;;;365;1679;0;27821800;RUR
1142142;;CIV+VPPL;CIV;1900;VP;140;API_LIMITED;19000;;;365;1704;0;9885800;RUR
1142143;;CIV+VPPL;CIV;2300;VP;160;API_LIMITED;23000;;;365;1716;0;11836000;RUR
1142144;;CIV+VPPL;CIV;1900;VP;140;API_LIMITED;19000;;;365;1739;0;10356500;RUR
1142145;;CIV+VPPL;CIV;1900;VP;180;API_LIMITED;19000;;;365;1754;0;10453500;RUR
1142146;;CIV+VPPL;CIV;1900;VP;190;API_LIMITED;19000;;;365;1771;0;10554500;RUR
1142147;;CIV+VPPL;CIV;2300;VP;160;API_LIMITED;23000;;;365;1783;0;11836000;RUR
1142148;;CIV+VPPL;CIV;2300;VP;140;API_LIMITED;23000;;;365;1806;0;11627000;RUR
1142149;;CIV+VPPL;CIV;2300;VP;200;API_LIMITED;23000;;;365;1817;0;12961900;RUR
1142150;;CIV+VPPL;CIV;2300;VP;190;API_LIMITED;23000;;;365;1828;0;9142200;RUR
1142151;;CIV+VPPL;CIV;2300;VP;200;API_LIMITED;23000;;;365;1844;0;16610000;RUR
1142152;;CIV+VPPL;CIV;2300;VP;200;API_LIMITED;23000;;;365;1859;0;16409000;RUR
1142153;;CIV+VPPL;CIV;2300;VP;160;API_LIMITED;23000;;;365;1880;0;10513500;RUR
1142154;;CIV+VPPL;CIV;2300;VP;160;API_LIMITED;23000;;;365;1890;0;12912000;RUR
1142155;;CIV+VPPL;CIV;2300;VP;190;API_LIMITED;23000;;;365;1898;0;11514000;RUR
1142156;;CIV+VPPL;CIV;1900;VP;160;API_LIMITED;19000;;;365;1905;0;9453600;RUR
1142157;;CIV+VPPL;CIV;2300;VP;200;API_LIMITED;23000;;;365;1913;0;16005500;RUR
1142158;;CIV+VPPL;CIV;1500;VP;80;API_LIMITED;15000;;;365;1932;0;4322800;RUR
1142159;;CIV+VPPL;CIV;1900;VP;135;API_LIMITED;19000;;;365;1948;0;7090200;RUR
1142160;;CIV+VPPL;CIV;1500;VP;70;API_LIMITED;15000;;;365;1960;0;3360000;RUR
1142161;;CIV+VPPL;CIV;1900;VP;135;API_LIMITED;19000;;;365;1975;0;7090200;RUR
1142164;;CIV+VPPL;CIV;1900;VP;160;API_LIMITED;19000;;;365;2114;0;10608600;RUR
1142165;;CIV+VPPL;CIV;290;VP;10;API_LIMITED;2900;;;7;1000009;0;708800;RUR
1142166;;CIV+VPPL;CIV;1750;VP;300;API_LIMITED;17500;;;92;1000001;0;34688900;RUR
1142167;;CIV+VPPL;CIV;1030;VP;65;API_LIMITED;10300;;;92;1000005;0;5152900;RUR
1142168;;CIV+VPPL;CIV;1900;VP;150;API_LIMITED;19000;;;92;1000009;0;3810000;RUR
1142169;;CIV+VPPL;CIV;1400;VP;50;API_LIMITED;14000;;;92;10000112;0;6491700;RUR
1142170;;CIV+VPPL;CIV;680;VP;40;API_LIMITED;6800;;;92;1000220;0;4945500;RUR
1142171;;CIV+VPPL;CIV;1250;VP;100;API_LIMITED;12500;;;92;1000222;0;18075000;RUR
1142172;;CIV+VPPL;CIV;1250;VP;85;API_LIMITED;12500;;;92;1000223;0;12365400;RUR
1142173;;CIV+VPPL;CIV;1250;VP;110;API_LIMITED;12500;;;92;1000225;0;16002300;RUR
1142174;;CIV+VPPL;CIV;1750;VP;110;API_LIMITED;17500;;;92;1000226;0;20693800;RUR
1142175;;CIV+VPPL;CIV;1250;VP;70;API_LIMITED;12500;;;92;1000232;0;11386700;RUR
1142176;;CIV+VPPL;CIV;1750;VP;300;API_LIMITED;17500;;;92;1000233;0;31282300;RUR
1142177;;CIV+VPPL;CIV;1030;VP;45;API_LIMITED;10300;;;92;1000234;0;5110900;RUR
1142178;;CIV+VPPL;CIV;680;VP;50;API_LIMITED;6800;;;92;1008;0;4038400;RUR
1142179;;CIV+VPPL;CIV;680;VP;55;API_LIMITED;6800;;;92;1020;0;3698800;RUR
1142180;;CIV+VPPL;CIV;680;VP;40;API_LIMITED;6800;;;92;1041;0;2633500;RUR
1142181;;CIV+VPPL;CIV;680;VP;40;API_LIMITED;6800;;;92;1090;0;2633500;RUR
1142182;;CIV+VPPL;CIV;1510;VP;150;API_LIMITED;15100;;;92;11000113;0;12169800;RUR
1142183;;CIV+VPPL;CIV;1900;VP;150;API_LIMITED;19000;;;92;11000116;0;24348000;RUR
1142184;;CIV+VPPL;CIV;1350;VP;150;API_LIMITED;13500;;;92;11000117;0;9421100;RUR
1142185;;CIV+VPPL;CIV;680;VP;50;API_LIMITED;6800;;;92;1103;0;4360500;RUR
1142186;;CIV+VPPL;CIV;540;VP;35;API_LIMITED;5400;;;92;1118;0;1767500;RUR
1142187;;CIV+VPPL;CIV;680;VP;45;API_LIMITED;6800;;;92;1124;0;3397500;RUR
1142188;;CIV+VPPL;CIV;680;VP;45;API_LIMITED;6800;;;92;1146;0;4646300;RUR
1142189;;CIV+VPPL;CIV;540;VP;25;API_LIMITED;5400;;;92;1174;0;1362500;RUR
1142190;;CIV+VPPL;CIV;540;VP;18;API_LIMITED;5400;;;92;1187;0;1030500;RUR
1142191;;CIV+VPPL;CIV;540;VP;25;API_LIMITED;5400;;;92;1192;0;1431300;RUR
1142192;;CIV+VPPL;CIV;1030;VP;100;API_LIMITED;10300;;;92;1202;0;11151000;RUR
1142193;;CIV+VPPL;CIV;540;VP;45;API_LIMITED;5400;;;92;1217;0;3026300;RUR
1142194;;CIV+VPPL;CIV;680;VP;45;API_LIMITED;6800;;;92;1229;0;3026300;RUR
1142195;;CIV+VPPL;CIV;820;VP;65;API_LIMITED;8200;;;92;1249;0;5202000;RUR
1142196;;CIV+VPPL;CIV;680;VP;45;API_LIMITED;6800;;;92;1255;0;3026300;RUR
1142197;;CIV+VPPL;CIV;1030;VP;85;API_LIMITED;10300;;;92;1261;0;9215100;RUR
1142198;;CIV+VPPL;CIV;680;VP;30;API_LIMITED;6800;;;92;1308;0;1716800;RUR
1142199;;CIV+VPPL;CIV;820;VP;65;API_LIMITED;8200;;;92;1317;0;6166900;RUR
1142200;;CIV+VPPL;CIV;820;VP;65;API_LIMITED;8200;;;92;1342;0;6166900;RUR
1142201;;CIV+VPPL;CIV;820;VP;100;API_LIMITED;8200;;;92;1347;0;8531500;RUR
1142202;;CIV+VPPL;CIV;820;VP;85;API_LIMITED;8200;;;92;1384;0;6417500;RUR
1142203;;CIV+VPPL;CIV;540;VP;25;API_LIMITED;5400;;;92;1422;0;1362500;RUR
1142204;;CIV+VPPL;CIV;820;VP;85;API_LIMITED;8200;;;92;1438;0;6930900;RUR
1142205;;CIV+VPPL;CIV;540;VP;25;API_LIMITED;5400;;;92;1471;0;1403400;RUR
1142206;;CIV+VPPL;CIV;540;VP;25;API_LIMITED;5400;;;92;1475;0;1403400;RUR
1142207;;CIV+VPPL;CIV;540;VP;25;API_LIMITED;5400;;;92;1500;0;1403400;RUR
1142208;;CIV+VPPL;CIV;680;VP;50;API_LIMITED;6800;;;92;1505;0;3406400;RUR
1142209;;CIV+VPPL;CIV;820;VP;85;API_LIMITED;8200;;;92;1511;0;6738400;RUR
1142210;;CIV+VPPL;CIV;1030;VP;110;API_LIMITED;10300;;;92;1530;0;9384700;RUR
1142211;;CIV+VPPL;CIV;540;VP;30;API_LIMITED;5400;;;92;1556;0;1717500;RUR
1142212;;CIV+VPPL;CIV;820;VP;70;API_LIMITED;8200;;;92;1575;0;6426000;RUR
1142213;;CIV+VPPL;CIV;1030;VP;110;API_LIMITED;10300;;;92;1586;0;11068200;RUR
1142214;;CIV+VPPL;CIV;820;VP;60;API_LIMITED;8200;;;92;1596;0;6243600;RUR
1142215;;CIV+VPPL;CIV;820;VP;60;API_LIMITED;8200;;;92;1614;0;5645700;RUR
1142216;;CIV+VPPL;CIV;540;VP;30;API_LIMITED;5400;;;92;1620;0;1717500;RUR
1142217;;CIV+VPPL;CIV;1030;VP;110;API_LIMITED;10300;;;92;1624;0;11068200;RUR
1142218;;CIV+VPPL;CIV;820;VP;60;API_LIMITED;8200;;;92;1646;0;5645700;RUR
1142219;;CIV+VPPL;CIV;680;VP;60;API_LIMITED;6800;;;92;1652;0;4236800;RUR
1142220;;CIV+VPPL;CIV;680;VP;55;API_LIMITED;6800;;;92;1661;0;3698800;RUR
1142221;;CIV+VPPL;CIV;1030;VP;100;API_LIMITED;10300;;;92;1679;0;10664000;RUR
1142222;;CIV+VPPL;CIV;680;VP;50;API_LIMITED;6800;;;92;1704;0;3845600;RUR
1142223;;CIV+VPPL;CIV;820;VP;55;API_LIMITED;8200;;;92;1716;0;4633100;RUR
1142224;;CIV+VPPL;CIV;680;VP;50;API_LIMITED;6800;;;92;1739;0;4028800;RUR
1142225;;CIV+VPPL;CIV;680;VP;60;API_LIMITED;6800;;;92;1754;0;4035000;RUR
1142226;;CIV+VPPL;CIV;680;VP;65;API_LIMITED;6800;;;92;1771;0;3932500;RUR
1142227;;CIV+VPPL;CIV;820;VP;55;API_LIMITED;8200;;;92;1783;0;4633100;RUR
1142228;;CIV+VPPL;CIV;820;VP;50;API_LIMITED;8200;;;92;1806;0;4537500;RUR
1142229;;CIV+VPPL;CIV;820;VP;70;API_LIMITED;8200;;;92;1817;0;5440800;RUR
1142230;;CIV+VPPL;CIV;820;VP;65;API_LIMITED;8200;;;92;1828;0;3548300;RUR
1142231;;CIV+VPPL;CIV;820;VP;70;API_LIMITED;8200;;;92;1844;0;6352500;RUR
1142232;;CIV+VPPL;CIV;820;VP;70;API_LIMITED;8200;;;92;1859;0;6693800;RUR
1142233;;CIV+VPPL;CIV;820;VP;55;API_LIMITED;8200;;;92;1880;0;4080500;RUR
1142234;;CIV+VPPL;CIV;820;VP;55;API_LIMITED;8200;;;92;1890;0;5049000;RUR
1142235;;CIV+VPPL;CIV;820;VP;65;API_LIMITED;8200;;;92;1898;0;4465500;RUR
1142236;;CIV+VPPL;CIV;680;VP;55;API_LIMITED;6800;;;92;1905;0;3778500;RUR
1142237;;CIV+VPPL;CIV;820;VP;70;API_LIMITED;8200;;;92;1913;0;6101700;RUR
1142238;;CIV+VPPL;CIV;540;VP;30;API_LIMITED;5400;;;92;1932;0;1717500;RUR
1142239;;CIV+VPPL;CIV;680;VP;40;API_LIMITED;6800;;;92;1948;0;2770700;RUR
1142240;;CIV+VPPL;CIV;540;VP;25;API_LIMITED;5400;;;92;1960;0;1362500;RUR
1142241;;CIV+VPPL;CIV;680;VP;40;API_LIMITED;6800;;;92;1975;0;2770700;RUR
1142244;;CIV+VPPL;CIV;680;VP;55;API_LIMITED;6800;;;92;2114;0;4152500;RUR